[2026-08-22 08:01:18.480] [info]  🆙 Upscayl version: 2.15.0 FOSS
[2026-08-22 08:01:18.481] [info]  🚀 UPSCAYL EXEC PATH:  /usr/lib/upscayl/bin/upscayl-bin
[2026-08-22 08:01:18.481] [info]  🚀 MODELS PATH:  /usr/lib/upscayl/models
[2026-08-22 08:01:18.482] [info]  🚃 App Path:  /usr/lib/upscayl/app.asar
[2026-08-22 08:01:18.677] [info]  💻 System Info: {"platform":"linux","release":"7.1.6-1-1-ARCH","arch":"arm64","model":"unknown","cpuCount":10,"gpu":{"active":false,"deviceId":0,"gpuPreference":0,"vendorId":0}}
[2026-08-22 08:01:35.941] [info]  🔄 Resetting image paths
[2026-08-22 08:01:46.674] [info]  📁 Updating Folder Path:  /home/michael/.config/omarchy/themes/hurleyus/backgrounds
[2026-08-22 08:01:46.676] [info]  📁 Selected Folder Path:  /home/michael/.config/omarchy/themes/hurleyus/backgrounds
[2026-08-22 08:01:46.678] [info]  🎒 BACKEND REPORTED:  📁 Updating Folder Path:  /home/michael/.config/omarchy/themes/hurleyus/backgrounds
[2026-08-22 08:01:46.680] [info]  🖼 Selected Folder Path:  /home/michael/.config/omarchy/themes/hurleyus/backgrounds
[2026-08-22 08:01:46.692] [info]  🎒 BACKEND REPORTED:  📁 Selected Folder Path:  /home/michael/.config/omarchy/themes/hurleyus/backgrounds
[2026-08-22 08:02:00.292] [info]  🔄 Resetting Upscaled Image Path
[2026-08-22 08:02:00.296] [info]  📢 Upscayl Command:  [
  '-i',
  '/home/michael/.config/omarchy/themes/hurleyus/backgrounds',
  '-o',
  '/home/michael/.config/omarchy/themes/hurleyus/backgrounds/upscayl_png_upscayl-standard-4x_4x',
  '-m',
  '/usr/lib/upscayl/models',
  '-n',
  'upscayl-standard-4x',
  '-f',
  'png',
  '-c',
  '0'
]
[2026-08-22 08:02:00.310] [info]  🛑 Updating Stopped:  false
[2026-08-22 08:02:00.315] [info]  💯 Done upscaling
[2026-08-22 08:02:00.330] [info]  🏁 FOLDER_UPSCAYL
[2026-08-22 08:02:00.331] [info]  🎒 BACKEND REPORTED:  📢 Upscayl Command:  -i,/home/michael/.config/omarchy/themes/hurleyus/backgrounds,-o,/home/michael/.config/omarchy/themes/hurleyus/backgrounds/upscayl_png_upscayl-standard-4x_4x,-m,/usr/lib/upscayl/models,-n,upscayl-standard-4x,-f,png,-c,0
[2026-08-22 08:02:00.331] [info]  🎒 BACKEND REPORTED:  🛑 Updating Stopped:  false
[2026-08-22 08:02:00.332] [info]  🚧 FOLDER_UPSCAYL_PROGRESS:  /usr/lib/upscayl/bin/upscayl-bin: /usr/lib/upscayl/bin/upscayl-bin: cannot execute binary file

[2026-08-22 08:02:00.333] [info]  🎒 BACKEND REPORTED:  💯 Done upscaling
[2026-08-22 08:02:00.333] [info]  💯 FOLDER_UPSCAYL_DONE:  /home/michael/.config/omarchy/themes/hurleyus/backgrounds/upscayl_png_upscayl-standard-4x_4x
[2026-08-22 08:02:10.857] [info]  🔄 Resetting image paths
[2026-08-22 08:02:20.746] [info]  🖼️ Updating Image Path:  /home/michael/.config/omarchy/themes/hurleyus/backgrounds/1-hurleyus.png
[2026-08-22 08:02:20.746] [info]  📄 Selected File Path:  /home/michael/.config/omarchy/themes/hurleyus/backgrounds/1-hurleyus.png
[2026-08-22 08:02:20.751] [info]  🎒 BACKEND REPORTED:  🖼️ Updating Image Path:  /home/michael/.config/omarchy/themes/hurleyus/backgrounds/1-hurleyus.png
[2026-08-22 08:02:20.757] [info]  🎒 BACKEND REPORTED:  📄 Selected File Path:  /home/michael/.config/omarchy/themes/hurleyus/backgrounds/1-hurleyus.png
[2026-08-22 08:02:20.757] [info]  🖼 Selected Image Path:  /home/michael/.config/omarchy/themes/hurleyus/backgrounds/1-hurleyus.png
[2026-08-22 08:02:20.758] [info]  📁 Selected Image Directory:  /home/michael/.config/omarchy/themes/hurleyus/backgrounds
[2026-08-22 08:02:20.758] [info]  🖼 imagePath:  /home/michael/.config/omarchy/themes/hurleyus/backgrounds/1-hurleyus.png
[2026-08-22 08:02:20.758] [info]  🔤 Extension:  png
[2026-08-22 08:02:23.037] [info]  🔄 Resetting Upscaled Image Path
[2026-08-22 08:02:23.041] [info]  ✅ Upscayl Variables:  {"model":"upscayl-standard-4x","gpuId":null,"saveImageAs":"png","inputDir":"/home/michael/.config/omarchy/themes/hurleyus/backgrounds","fileNameWithExt":"1-hurleyus.png","outputDir":"/home/michael/.config/omarchy/themes/hurleyus/backgrounds","outFile":"/home/michael/.config/omarchy/themes/hurleyus/backgrounds/1-hurleyus_upscayl_4x_upscayl-standard-4x.png","fileName":"1-hurleyus","scale":"4","compression":"0","customWidth":"","useCustomWidth":false,"tileSize":null}
[2026-08-22 08:02:23.042] [info]  📢 Upscayl Command:  [
  '-i',
  '/home/michael/.config/omarchy/themes/hurleyus/backgrounds/1-hurleyus.png',
  '-o',
  '/home/michael/.config/omarchy/themes/hurleyus/backgrounds/1-hurleyus_upscayl_4x_upscayl-standard-4x.png',
  '-m',
  '/usr/lib/upscayl/models',
  '-n',
  'upscayl-standard-4x',
  '-f',
  'png',
  '-c',
  '0'
]
[2026-08-22 08:02:23.049] [info]  👶 Updating Child Processes:  {"binary":"/usr/lib/upscayl/bin/upscayl-bin","args":["/usr/lib/upscayl/bin/upscayl-bin","-i","/home/michael/.config/omarchy/themes/hurleyus/backgrounds","-o","/home/michael/.config/omarchy/themes/hurleyus/backgrounds/upscayl_png_upscayl-standard-4x_4x","-m","/usr/lib/upscayl/models","-n","upscayl-standard-4x","-f","png","-c","0"]}
[2026-08-22 08:02:23.049] [info]  🛑 Updating Stopped:  false
[2026-08-22 08:02:23.051] [info]  🏁 UPSCAYL
[2026-08-22 08:02:23.059] [info]  /usr/lib/upscayl/bin/upscayl-bin: /usr/lib/upscayl/bin/upscayl-bin: cannot execute binary file

[2026-08-22 08:02:23.061] [info]  💯 Done upscaling
[2026-08-22 08:02:23.066] [info]  🎒 BACKEND REPORTED:  ✅ Upscayl Variables:  {"model":"upscayl-standard-4x","gpuId":null,"saveImageAs":"png","inputDir":"/home/michael/.config/omarchy/themes/hurleyus/backgrounds","fileNameWithExt":"1-hurleyus.png","outputDir":"/home/michael/.config/omarchy/themes/hurleyus/backgrounds","outFile":"/home/michael/.config/omarchy/themes/hurleyus/backgrounds/1-hurleyus_upscayl_4x_upscayl-standard-4x.png","fileName":"1-hurleyus","scale":"4","compression":"0","customWidth":"","useCustomWidth":false,"tileSize":null}
[2026-08-22 08:02:23.066] [info]  🎒 BACKEND REPORTED:  📢 Upscayl Command:  -i,/home/michael/.config/omarchy/themes/hurleyus/backgrounds/1-hurleyus.png,-o,/home/michael/.config/omarchy/themes/hurleyus/backgrounds/1-hurleyus_upscayl_4x_upscayl-standard-4x.png,-m,/usr/lib/upscayl/models,-n,upscayl-standard-4x,-f,png,-c,0
[2026-08-22 08:02:23.067] [info]  🎒 BACKEND REPORTED:  👶 Updating Child Processes:  {"binary":"/usr/lib/upscayl/bin/upscayl-bin","args":["/usr/lib/upscayl/bin/upscayl-bin","-i","/home/michael/.config/omarchy/themes/hurleyus/backgrounds","-o","/home/michael/.config/omarchy/themes/hurleyus/backgrounds/upscayl_png_upscayl-standard-4x_4x","-m","/usr/lib/upscayl/models","-n","upscayl-standard-4x","-f","png","-c","0"]}
[2026-08-22 08:02:23.067] [info]  🎒 BACKEND REPORTED:  🛑 Updating Stopped:  false
[2026-08-22 08:02:23.067] [info]  🎒 BACKEND REPORTED:  /usr/lib/upscayl/bin/upscayl-bin: /usr/lib/upscayl/bin/upscayl-bin: cannot execute binary file

[2026-08-22 08:02:23.067] [info]  🚧 UPSCAYL_PROGRESS:  /usr/lib/upscayl/bin/upscayl-bin: /usr/lib/upscayl/bin/upscayl-bin: cannot execute binary file

[2026-08-22 08:02:23.067] [info]  🎒 BACKEND REPORTED:  💯 Done upscaling
[2026-08-22 08:02:23.068] [info]  upscaledImagePath:  /home/michael/.config/omarchy/themes/hurleyus/backgrounds/1-hurleyus_upscayl_4x_upscayl-standard-4x.png
[2026-08-22 08:02:23.068] [info]  💯 UPSCAYL_DONE:  /home/michael/.config/omarchy/themes/hurleyus/backgrounds/1-hurleyus_upscayl_4x_upscayl-standard-4x.png
[2026-08-22 08:11:00.621] [info]  🆙 Upscayl version: 2.15.0 FOSS
[2026-08-22 08:11:00.623] [info]  🚀 UPSCAYL EXEC PATH:  /usr/lib/upscayl/bin/upscayl-bin
[2026-08-22 08:11:00.623] [info]  🚀 MODELS PATH:  /usr/lib/upscayl/models
[2026-08-22 08:11:00.623] [info]  🚃 App Path:  /usr/lib/upscayl/app.asar
[2026-08-22 08:11:00.767] [info]  💻 System Info: {"platform":"linux","release":"7.1.6-1-1-ARCH","arch":"arm64","model":"unknown","cpuCount":10,"gpu":{"active":false,"deviceId":0,"gpuPreference":0,"vendorId":0}}
[2026-08-22 08:11:04.057] [info]  🔄 Resetting image paths
[2026-08-22 08:11:06.420] [info]  🖼️ Updating Image Path:  /home/michael/.config/omarchy/themes/hurleyus/backgrounds/6-hurleyus.png
[2026-08-22 08:11:06.421] [info]  📄 Selected File Path:  /home/michael/.config/omarchy/themes/hurleyus/backgrounds/6-hurleyus.png
[2026-08-22 08:11:06.427] [info]  🎒 BACKEND REPORTED:  🖼️ Updating Image Path:  /home/michael/.config/omarchy/themes/hurleyus/backgrounds/6-hurleyus.png
[2026-08-22 08:11:06.437] [info]  🎒 BACKEND REPORTED:  📄 Selected File Path:  /home/michael/.config/omarchy/themes/hurleyus/backgrounds/6-hurleyus.png
[2026-08-22 08:11:06.438] [info]  🖼 Selected Image Path:  /home/michael/.config/omarchy/themes/hurleyus/backgrounds/6-hurleyus.png
[2026-08-22 08:11:06.439] [info]  📁 Selected Image Directory:  /home/michael/.config/omarchy/themes/hurleyus/backgrounds
[2026-08-22 08:11:06.443] [info]  🖼 imagePath:  /home/michael/.config/omarchy/themes/hurleyus/backgrounds/6-hurleyus.png
[2026-08-22 08:11:06.443] [info]  🔤 Extension:  png
[2026-08-22 08:11:10.270] [info]  🔄 Resetting Upscaled Image Path
[2026-08-22 08:11:10.274] [info]  ✅ Upscayl Variables:  {"model":"upscayl-standard-4x","gpuId":null,"saveImageAs":"png","inputDir":"/home/michael/.config/omarchy/themes/hurleyus/backgrounds","fileNameWithExt":"6-hurleyus.png","outputDir":"/home/michael/.config/omarchy/themes/hurleyus/backgrounds","outFile":"/home/michael/.config/omarchy/themes/hurleyus/backgrounds/6-hurleyus_upscayl_4x_upscayl-standard-4x.png","fileName":"6-hurleyus","scale":"4","compression":"0","customWidth":"","useCustomWidth":false,"tileSize":null}
[2026-08-22 08:11:10.276] [info]  📢 Upscayl Command:  [
  '-i',
  '/home/michael/.config/omarchy/themes/hurleyus/backgrounds/6-hurleyus.png',
  '-o',
  '/home/michael/.config/omarchy/themes/hurleyus/backgrounds/6-hurleyus_upscayl_4x_upscayl-standard-4x.png',
  '-m',
  '/usr/lib/upscayl/models',
  '-n',
  'upscayl-standard-4x',
  '-f',
  'png',
  '-c',
  '0'
]
[2026-08-22 08:11:10.290] [info]  👶 Updating Child Processes:  {"binary":"/usr/lib/upscayl/bin/upscayl-bin","args":["/usr/lib/upscayl/bin/upscayl-bin","-i","/home/michael/.config/omarchy/themes/hurleyus/backgrounds/6-hurleyus.png","-o","/home/michael/.config/omarchy/themes/hurleyus/backgrounds/6-hurleyus_upscayl_4x_upscayl-standard-4x.png","-m","/usr/lib/upscayl/models","-n","upscayl-standard-4x","-f","png","-c","0"]}
[2026-08-22 08:11:10.291] [info]  🛑 Updating Stopped:  false
[2026-08-22 08:11:10.292] [info]  🏁 UPSCAYL
[2026-08-22 08:11:10.297] [info]  /usr/lib/upscayl/bin/upscayl-bin: /usr/lib/upscayl/bin/upscayl-bin: cannot execute binary file

[2026-08-22 08:11:10.303] [info]  💯 Done upscaling
[2026-08-22 08:11:10.315] [info]  🎒 BACKEND REPORTED:  ✅ Upscayl Variables:  {"model":"upscayl-standard-4x","gpuId":null,"saveImageAs":"png","inputDir":"/home/michael/.config/omarchy/themes/hurleyus/backgrounds","fileNameWithExt":"6-hurleyus.png","outputDir":"/home/michael/.config/omarchy/themes/hurleyus/backgrounds","outFile":"/home/michael/.config/omarchy/themes/hurleyus/backgrounds/6-hurleyus_upscayl_4x_upscayl-standard-4x.png","fileName":"6-hurleyus","scale":"4","compression":"0","customWidth":"","useCustomWidth":false,"tileSize":null}
[2026-08-22 08:11:10.319] [info]  🎒 BACKEND REPORTED:  📢 Upscayl Command:  -i,/home/michael/.config/omarchy/themes/hurleyus/backgrounds/6-hurleyus.png,-o,/home/michael/.config/omarchy/themes/hurleyus/backgrounds/6-hurleyus_upscayl_4x_upscayl-standard-4x.png,-m,/usr/lib/upscayl/models,-n,upscayl-standard-4x,-f,png,-c,0
[2026-08-22 08:11:10.320] [info]  🎒 BACKEND REPORTED:  👶 Updating Child Processes:  {"binary":"/usr/lib/upscayl/bin/upscayl-bin","args":["/usr/lib/upscayl/bin/upscayl-bin","-i","/home/michael/.config/omarchy/themes/hurleyus/backgrounds/6-hurleyus.png","-o","/home/michael/.config/omarchy/themes/hurleyus/backgrounds/6-hurleyus_upscayl_4x_upscayl-standard-4x.png","-m","/usr/lib/upscayl/models","-n","upscayl-standard-4x","-f","png","-c","0"]}
[2026-08-22 08:11:10.320] [info]  🎒 BACKEND REPORTED:  🛑 Updating Stopped:  false
[2026-08-22 08:11:10.326] [info]  🎒 BACKEND REPORTED:  /usr/lib/upscayl/bin/upscayl-bin: /usr/lib/upscayl/bin/upscayl-bin: cannot execute binary file

[2026-08-22 08:11:10.326] [info]  🚧 UPSCAYL_PROGRESS:  /usr/lib/upscayl/bin/upscayl-bin: /usr/lib/upscayl/bin/upscayl-bin: cannot execute binary file

[2026-08-22 08:11:10.327] [info]  🎒 BACKEND REPORTED:  💯 Done upscaling
[2026-08-22 08:11:10.327] [info]  upscaledImagePath:  /home/michael/.config/omarchy/themes/hurleyus/backgrounds/6-hurleyus_upscayl_4x_upscayl-standard-4x.png
[2026-08-22 08:11:10.328] [info]  💯 UPSCAYL_DONE:  /home/michael/.config/omarchy/themes/hurleyus/backgrounds/6-hurleyus_upscayl_4x_upscayl-standard-4x.png
[2026-08-22 08:25:58.328] [info]  🆙 Upscayl version: 2.15.0 FOSS
[2026-08-22 08:25:58.329] [info]  🚀 UPSCAYL EXEC PATH:  /usr/lib/upscayl/bin/upscayl-bin
[2026-08-22 08:25:58.329] [info]  🚀 MODELS PATH:  /usr/lib/upscayl/models
[2026-08-22 08:25:58.330] [info]  🚃 App Path:  /usr/lib/upscayl/app.asar
[2026-08-22 08:25:58.522] [info]  💻 System Info: {"platform":"linux","release":"7.1.6-1-1-ARCH","arch":"arm64","model":"unknown","cpuCount":10,"gpu":{"active":false,"deviceId":0,"gpuPreference":0,"vendorId":0}}
[2026-08-22 08:26:00.796] [info]  🔄 Resetting image paths
[2026-08-22 08:26:03.022] [info]  🖼️ Updating Image Path:  /home/michael/.config/omarchy/themes/hurleyus/backgrounds/6-hurleyus.png
[2026-08-22 08:26:03.023] [info]  📄 Selected File Path:  /home/michael/.config/omarchy/themes/hurleyus/backgrounds/6-hurleyus.png
[2026-08-22 08:26:03.026] [info]  🎒 BACKEND REPORTED:  🖼️ Updating Image Path:  /home/michael/.config/omarchy/themes/hurleyus/backgrounds/6-hurleyus.png
[2026-08-22 08:26:03.029] [info]  🎒 BACKEND REPORTED:  📄 Selected File Path:  /home/michael/.config/omarchy/themes/hurleyus/backgrounds/6-hurleyus.png
[2026-08-22 08:26:03.030] [info]  🖼 Selected Image Path:  /home/michael/.config/omarchy/themes/hurleyus/backgrounds/6-hurleyus.png
[2026-08-22 08:26:03.033] [info]  📁 Selected Image Directory:  /home/michael/.config/omarchy/themes/hurleyus/backgrounds
[2026-08-22 08:26:03.033] [info]  🖼 imagePath:  /home/michael/.config/omarchy/themes/hurleyus/backgrounds/6-hurleyus.png
[2026-08-22 08:26:03.033] [info]  🔤 Extension:  png
[2026-08-22 08:26:04.374] [info]  🔄 Resetting Upscaled Image Path
[2026-08-22 08:26:04.376] [info]  ✅ Upscayl Variables:  {"model":"upscayl-standard-4x","gpuId":null,"saveImageAs":"png","inputDir":"/home/michael/.config/omarchy/themes/hurleyus/backgrounds","fileNameWithExt":"6-hurleyus.png","outputDir":"/home/michael/.config/omarchy/themes/hurleyus/backgrounds","outFile":"/home/michael/.config/omarchy/themes/hurleyus/backgrounds/6-hurleyus_upscayl_4x_upscayl-standard-4x.png","fileName":"6-hurleyus","scale":"4","compression":"0","customWidth":"","useCustomWidth":false,"tileSize":null}
[2026-08-22 08:26:04.380] [info]  📢 Upscayl Command:  [
  '-i',
  '/home/michael/.config/omarchy/themes/hurleyus/backgrounds/6-hurleyus.png',
  '-o',
  '/home/michael/.config/omarchy/themes/hurleyus/backgrounds/6-hurleyus_upscayl_4x_upscayl-standard-4x.png',
  '-m',
  '/usr/lib/upscayl/models',
  '-n',
  'upscayl-standard-4x',
  '-f',
  'png',
  '-c',
  '0'
]
[2026-08-22 08:26:04.401] [info]  👶 Updating Child Processes:  {"binary":"/usr/lib/upscayl/bin/upscayl-bin","args":["/usr/lib/upscayl/bin/upscayl-bin","-i","/home/michael/.config/omarchy/themes/hurleyus/backgrounds/6-hurleyus.png","-o","/home/michael/.config/omarchy/themes/hurleyus/backgrounds/6-hurleyus_upscayl_4x_upscayl-standard-4x.png","-m","/usr/lib/upscayl/models","-n","upscayl-standard-4x","-f","png","-c","0"]}
[2026-08-22 08:26:04.402] [info]  🛑 Updating Stopped:  false
[2026-08-22 08:26:04.405] [info]  /usr/lib/upscayl/bin/upscayl-bin: /usr/lib/upscayl/bin/upscayl-bin: cannot execute binary file

[2026-08-22 08:26:04.407] [info]  💯 Done upscaling
[2026-08-22 08:26:04.417] [info]  🏁 UPSCAYL
[2026-08-22 08:26:04.419] [info]  🎒 BACKEND REPORTED:  ✅ Upscayl Variables:  {"model":"upscayl-standard-4x","gpuId":null,"saveImageAs":"png","inputDir":"/home/michael/.config/omarchy/themes/hurleyus/backgrounds","fileNameWithExt":"6-hurleyus.png","outputDir":"/home/michael/.config/omarchy/themes/hurleyus/backgrounds","outFile":"/home/michael/.config/omarchy/themes/hurleyus/backgrounds/6-hurleyus_upscayl_4x_upscayl-standard-4x.png","fileName":"6-hurleyus","scale":"4","compression":"0","customWidth":"","useCustomWidth":false,"tileSize":null}
[2026-08-22 08:26:04.420] [info]  🎒 BACKEND REPORTED:  📢 Upscayl Command:  -i,/home/michael/.config/omarchy/themes/hurleyus/backgrounds/6-hurleyus.png,-o,/home/michael/.config/omarchy/themes/hurleyus/backgrounds/6-hurleyus_upscayl_4x_upscayl-standard-4x.png,-m,/usr/lib/upscayl/models,-n,upscayl-standard-4x,-f,png,-c,0
[2026-08-22 08:26:04.421] [info]  🎒 BACKEND REPORTED:  👶 Updating Child Processes:  {"binary":"/usr/lib/upscayl/bin/upscayl-bin","args":["/usr/lib/upscayl/bin/upscayl-bin","-i","/home/michael/.config/omarchy/themes/hurleyus/backgrounds/6-hurleyus.png","-o","/home/michael/.config/omarchy/themes/hurleyus/backgrounds/6-hurleyus_upscayl_4x_upscayl-standard-4x.png","-m","/usr/lib/upscayl/models","-n","upscayl-standard-4x","-f","png","-c","0"]}
[2026-08-22 08:26:04.422] [info]  🎒 BACKEND REPORTED:  🛑 Updating Stopped:  false
[2026-08-22 08:26:04.423] [info]  🎒 BACKEND REPORTED:  /usr/lib/upscayl/bin/upscayl-bin: /usr/lib/upscayl/bin/upscayl-bin: cannot execute binary file

[2026-08-22 08:26:04.423] [info]  🚧 UPSCAYL_PROGRESS:  /usr/lib/upscayl/bin/upscayl-bin: /usr/lib/upscayl/bin/upscayl-bin: cannot execute binary file

[2026-08-22 08:26:04.423] [info]  🎒 BACKEND REPORTED:  💯 Done upscaling
[2026-08-22 08:26:04.425] [info]  upscaledImagePath:  /home/michael/.config/omarchy/themes/hurleyus/backgrounds/6-hurleyus_upscayl_4x_upscayl-standard-4x.png
[2026-08-22 08:26:04.426] [info]  💯 UPSCAYL_DONE:  /home/michael/.config/omarchy/themes/hurleyus/backgrounds/6-hurleyus_upscayl_4x_upscayl-standard-4x.png
[2026-08-22 08:58:49.580] [info]  🆙 Upscayl version: 2.15.0 FOSS
[2026-08-22 08:58:49.582] [info]  🚀 UPSCAYL EXEC PATH:  /usr/lib/upscayl/bin/upscayl-bin
[2026-08-22 08:58:49.582] [info]  🚀 MODELS PATH:  /usr/lib/upscayl/models
[2026-08-22 08:58:49.582] [info]  🚃 App Path:  /usr/lib/upscayl/app.asar
[2026-08-22 08:58:49.729] [info]  💻 System Info: {"platform":"linux","release":"7.1.6-1-1-ARCH","arch":"arm64","model":"unknown","cpuCount":10,"gpu":{"active":false,"deviceId":0,"gpuPreference":0,"vendorId":0}}
[2026-08-22 08:58:52.220] [info]  🔄 Resetting image paths
[2026-08-22 08:58:54.466] [info]  🖼️ Updating Image Path:  /home/michael/.config/omarchy/themes/hurleyus/backgrounds/6-hurleyus.png
[2026-08-22 08:58:54.467] [info]  📄 Selected File Path:  /home/michael/.config/omarchy/themes/hurleyus/backgrounds/6-hurleyus.png
[2026-08-22 08:58:54.469] [info]  🎒 BACKEND REPORTED:  🖼️ Updating Image Path:  /home/michael/.config/omarchy/themes/hurleyus/backgrounds/6-hurleyus.png
[2026-08-22 08:58:54.477] [info]  🖼 Selected Image Path:  /home/michael/.config/omarchy/themes/hurleyus/backgrounds/6-hurleyus.png
[2026-08-22 08:58:54.478] [info]  📁 Selected Image Directory:  /home/michael/.config/omarchy/themes/hurleyus/backgrounds
[2026-08-22 08:58:54.481] [info]  🖼 imagePath:  /home/michael/.config/omarchy/themes/hurleyus/backgrounds/6-hurleyus.png
[2026-08-22 08:58:54.481] [info]  🔤 Extension:  png
[2026-08-22 08:58:54.522] [info]  🎒 BACKEND REPORTED:  📄 Selected File Path:  /home/michael/.config/omarchy/themes/hurleyus/backgrounds/6-hurleyus.png
[2026-08-22 08:58:57.253] [info]  🔄 Resetting Upscaled Image Path
[2026-08-22 08:58:57.256] [info]  ✅ Upscayl Variables:  {"model":"upscayl-standard-4x","gpuId":null,"saveImageAs":"png","inputDir":"/home/michael/.config/omarchy/themes/hurleyus/backgrounds","fileNameWithExt":"6-hurleyus.png","outputDir":"/home/michael/.config/omarchy/themes/hurleyus/backgrounds","outFile":"/home/michael/.config/omarchy/themes/hurleyus/backgrounds/6-hurleyus_upscayl_4x_upscayl-standard-4x.png","fileName":"6-hurleyus","scale":"4","compression":"0","customWidth":"","useCustomWidth":false,"tileSize":null}
[2026-08-22 08:58:57.256] [info]  📢 Upscayl Command:  [
  '-i',
  '/home/michael/.config/omarchy/themes/hurleyus/backgrounds/6-hurleyus.png',
  '-o',
  '/home/michael/.config/omarchy/themes/hurleyus/backgrounds/6-hurleyus_upscayl_4x_upscayl-standard-4x.png',
  '-m',
  '/usr/lib/upscayl/models',
  '-n',
  'upscayl-standard-4x',
  '-f',
  'png',
  '-c',
  '0'
]
[2026-08-22 08:58:57.272] [info]  👶 Updating Child Processes:  {"binary":"/usr/lib/upscayl/bin/upscayl-bin","args":["/usr/lib/upscayl/bin/upscayl-bin","-i","/home/michael/.config/omarchy/themes/hurleyus/backgrounds/6-hurleyus.png","-o","/home/michael/.config/omarchy/themes/hurleyus/backgrounds/6-hurleyus_upscayl_4x_upscayl-standard-4x.png","-m","/usr/lib/upscayl/models","-n","upscayl-standard-4x","-f","png","-c","0"]}
[2026-08-22 08:58:57.273] [info]  🛑 Updating Stopped:  false
[2026-08-22 08:58:57.274] [info]  🏁 UPSCAYL
[2026-08-22 08:58:57.277] [info]  🚀 Starting Upscayl - Copyright © 2024
✨ Detected scale x4
✨ Using the default scale x4

[2026-08-22 08:58:57.282] [info]  🎒 BACKEND REPORTED:  ✅ Upscayl Variables:  {"model":"upscayl-standard-4x","gpuId":null,"saveImageAs":"png","inputDir":"/home/michael/.config/omarchy/themes/hurleyus/backgrounds","fileNameWithExt":"6-hurleyus.png","outputDir":"/home/michael/.config/omarchy/themes/hurleyus/backgrounds","outFile":"/home/michael/.config/omarchy/themes/hurleyus/backgrounds/6-hurleyus_upscayl_4x_upscayl-standard-4x.png","fileName":"6-hurleyus","scale":"4","compression":"0","customWidth":"","useCustomWidth":false,"tileSize":null}
[2026-08-22 08:58:57.283] [info]  🎒 BACKEND REPORTED:  📢 Upscayl Command:  -i,/home/michael/.config/omarchy/themes/hurleyus/backgrounds/6-hurleyus.png,-o,/home/michael/.config/omarchy/themes/hurleyus/backgrounds/6-hurleyus_upscayl_4x_upscayl-standard-4x.png,-m,/usr/lib/upscayl/models,-n,upscayl-standard-4x,-f,png,-c,0
[2026-08-22 08:58:57.283] [info]  🎒 BACKEND REPORTED:  👶 Updating Child Processes:  {"binary":"/usr/lib/upscayl/bin/upscayl-bin","args":["/usr/lib/upscayl/bin/upscayl-bin","-i","/home/michael/.config/omarchy/themes/hurleyus/backgrounds/6-hurleyus.png","-o","/home/michael/.config/omarchy/themes/hurleyus/backgrounds/6-hurleyus_upscayl_4x_upscayl-standard-4x.png","-m","/usr/lib/upscayl/models","-n","upscayl-standard-4x","-f","png","-c","0"]}
[2026-08-22 08:58:57.286] [info]  [0 Apple M1 Pro (G13S C0)]  queueC=0[1]  queueG=0[1]  queueT=0[1]
[0 Apple M1 Pro (G13S C0)]  bugsbn1=0  bugbilz=0  bugcopc=0  bugihfa=0
[0 Apple M1 Pro (G13S C0)]  fp16-p/s/a=1/1/1  int8-p/s/a=1/1/1
[0 Apple M1 Pro (G13S C0)]  subgroup=32  basic=1  vote=1  ballot=1  shuffle=1
[1 llvmpipe (LLVM 22.1.8, 128 bits)]  queueC=0[1]  queueG=0[1]  queueT=0[1]
[1 llvmpipe (LLVM 22.1.8, 128 bits)]  bugsbn1=0  bugbilz=0  bugcopc=0  bugihfa=0
[1 llvmpipe (LLVM 22.1.8, 128 bits)]  fp16-p/s/a=1/1/1  int8-p/s/a=1/1/1
[1 llvmpipe (LLVM 22.1.8, 128 bits)]  subgroup=4  basic=1  vote=1  ballot=1  shuffle=1

[2026-08-22 08:58:57.288] [info]  🎒 BACKEND REPORTED:  🛑 Updating Stopped:  false
[2026-08-22 08:58:57.290] [info]  🎒 BACKEND REPORTED:  🚀 Starting Upscayl - Copyright © 2024
✨ Detected scale x4
✨ Using the default scale x4

[2026-08-22 08:58:57.290] [info]  🚧 UPSCAYL_PROGRESS:  🚀 Starting Upscayl - Copyright © 2024
✨ Detected scale x4
✨ Using the default scale x4

[2026-08-22 08:58:57.291] [info]  🎒 BACKEND REPORTED:  [0 Apple M1 Pro (G13S C0)]  queueC=0[1]  queueG=0[1]  queueT=0[1]
[0 Apple M1 Pro (G13S C0)]  bugsbn1=0  bugbilz=0  bugcopc=0  bugihfa=0
[0 Apple M1 Pro (G13S C0)]  fp16-p/s/a=1/1/1  int8-p/s/a=1/1/1
[0 Apple M1 Pro (G13S C0)]  subgroup=32  basic=1  vote=1  ballot=1  shuffle=1
[1 llvmpipe (LLVM 22.1.8, 128 bits)]  queueC=0[1]  queueG=0[1]  queueT=0[1]
[1 llvmpipe (LLVM 22.1.8, 128 bits)]  bugsbn1=0  bugbilz=0  bugcopc=0  bugihfa=0
[1 llvmpipe (LLVM 22.1.8, 128 bits)]  fp16-p/s/a=1/1/1  int8-p/s/a=1/1/1
[1 llvmpipe (LLVM 22.1.8, 128 bits)]  subgroup=4  basic=1  vote=1  ballot=1  shuffle=1

[2026-08-22 08:58:57.298] [info]  🚧 UPSCAYL_PROGRESS:  [0 Apple M1 Pro (G13S C0)]  queueC=0[1]  queueG=0[1]  queueT=0[1]
[0 Apple M1 Pro (G13S C0)]  bugsbn1=0  bugbilz=0  bugcopc=0  bugihfa=0
[0 Apple M1 Pro (G13S C0)]  fp16-p/s/a=1/1/1  int8-p/s/a=1/1/1
[0 Apple M1 Pro (G13S C0)]  subgroup=32  basic=1  vote=1  ballot=1  shuffle=1
[1 llvmpipe (LLVM 22.1.8, 128 bits)]  queueC=0[1]  queueG=0[1]  queueT=0[1]
[1 llvmpipe (LLVM 22.1.8, 128 bits)]  bugsbn1=0  bugbilz=0  bugcopc=0  bugihfa=0
[1 llvmpipe (LLVM 22.1.8, 128 bits)]  fp16-p/s/a=1/1/1  int8-p/s/a=1/1/1
[1 llvmpipe (LLVM 22.1.8, 128 bits)]  subgroup=4  basic=1  vote=1  ballot=1  shuffle=1

[2026-08-22 08:58:58.663] [info]  0.00%

[2026-08-22 08:58:58.666] [info]  🎒 BACKEND REPORTED:  0.00%

[2026-08-22 08:58:58.675] [info]  🚧 UPSCAYL_PROGRESS:  0.00%

[2026-08-22 08:58:59.395] [info]  0.25%

[2026-08-22 08:58:59.403] [info]  🎒 BACKEND REPORTED:  0.25%

[2026-08-22 08:58:59.409] [info]  🚧 UPSCAYL_PROGRESS:  0.25%

[2026-08-22 08:59:00.125] [info]  0.49%

[2026-08-22 08:59:00.133] [info]  🎒 BACKEND REPORTED:  0.49%

[2026-08-22 08:59:00.142] [info]  🚧 UPSCAYL_PROGRESS:  0.49%

[2026-08-22 08:59:00.855] [info]  0.74%

[2026-08-22 08:59:00.868] [info]  🎒 BACKEND REPORTED:  0.74%

[2026-08-22 08:59:00.875] [info]  🚧 UPSCAYL_PROGRESS:  0.74%

[2026-08-22 08:59:01.587] [info]  0.99%

[2026-08-22 08:59:01.593] [info]  🎒 BACKEND REPORTED:  0.99%

[2026-08-22 08:59:01.609] [info]  🚧 UPSCAYL_PROGRESS:  0.99%

[2026-08-22 08:59:02.323] [info]  1.23%

[2026-08-22 08:59:02.336] [info]  🎒 BACKEND REPORTED:  1.23%

[2026-08-22 08:59:02.344] [info]  🚧 UPSCAYL_PROGRESS:  1.23%

[2026-08-22 08:59:03.058] [info]  1.48%

[2026-08-22 08:59:03.065] [info]  🎒 BACKEND REPORTED:  1.48%

[2026-08-22 08:59:03.067] [info]  🚧 UPSCAYL_PROGRESS:  1.48%

[2026-08-22 08:59:03.801] [info]  1.73%

[2026-08-22 08:59:03.811] [info]  🎒 BACKEND REPORTED:  1.73%

[2026-08-22 08:59:03.816] [info]  🚧 UPSCAYL_PROGRESS:  1.73%

[2026-08-22 08:59:04.549] [info]  1.98%

[2026-08-22 08:59:04.558] [info]  🎒 BACKEND REPORTED:  1.98%

[2026-08-22 08:59:04.567] [info]  🚧 UPSCAYL_PROGRESS:  1.98%

[2026-08-22 08:59:05.298] [info]  2.22%

[2026-08-22 08:59:05.301] [info]  🎒 BACKEND REPORTED:  2.22%

[2026-08-22 08:59:05.316] [info]  🚧 UPSCAYL_PROGRESS:  2.22%

[2026-08-22 08:59:06.036] [info]  2.47%

[2026-08-22 08:59:06.041] [info]  🎒 BACKEND REPORTED:  2.47%

[2026-08-22 08:59:06.056] [info]  🚧 UPSCAYL_PROGRESS:  2.47%

[2026-08-22 08:59:06.781] [info]  2.72%

[2026-08-22 08:59:06.788] [info]  🎒 BACKEND REPORTED:  2.72%

[2026-08-22 08:59:06.795] [info]  🚧 UPSCAYL_PROGRESS:  2.72%

[2026-08-22 08:59:07.515] [info]  2.96%

[2026-08-22 08:59:07.519] [info]  🎒 BACKEND REPORTED:  2.96%

[2026-08-22 08:59:07.536] [info]  🚧 UPSCAYL_PROGRESS:  2.96%

[2026-08-22 08:59:08.256] [info]  3.21%

[2026-08-22 08:59:08.260] [info]  🎒 BACKEND REPORTED:  3.21%

[2026-08-22 08:59:08.273] [info]  🚧 UPSCAYL_PROGRESS:  3.21%

[2026-08-22 08:59:09.002] [info]  3.46%

[2026-08-22 08:59:09.005] [info]  🎒 BACKEND REPORTED:  3.46%

[2026-08-22 08:59:09.015] [info]  🚧 UPSCAYL_PROGRESS:  3.46%

[2026-08-22 08:59:09.749] [info]  3.70%

[2026-08-22 08:59:09.755] [info]  🎒 BACKEND REPORTED:  3.70%

[2026-08-22 08:59:09.762] [info]  🚧 UPSCAYL_PROGRESS:  3.70%

[2026-08-22 08:59:10.498] [info]  3.95%

[2026-08-22 08:59:10.502] [info]  🎒 BACKEND REPORTED:  3.95%

[2026-08-22 08:59:10.511] [info]  🚧 UPSCAYL_PROGRESS:  3.95%

[2026-08-22 08:59:11.237] [info]  4.20%

[2026-08-22 08:59:11.244] [info]  🎒 BACKEND REPORTED:  4.20%

[2026-08-22 08:59:11.256] [info]  🚧 UPSCAYL_PROGRESS:  4.20%

[2026-08-22 08:59:11.983] [info]  4.44%

[2026-08-22 08:59:11.987] [info]  🎒 BACKEND REPORTED:  4.44%

[2026-08-22 08:59:12.007] [info]  🚧 UPSCAYL_PROGRESS:  4.44%

[2026-08-22 08:59:12.726] [info]  4.69%

[2026-08-22 08:59:12.731] [info]  🎒 BACKEND REPORTED:  4.69%

[2026-08-22 08:59:12.746] [info]  🚧 UPSCAYL_PROGRESS:  4.69%

[2026-08-22 08:59:13.470] [info]  4.94%

[2026-08-22 08:59:13.474] [info]  🎒 BACKEND REPORTED:  4.94%

[2026-08-22 08:59:13.488] [info]  🚧 UPSCAYL_PROGRESS:  4.94%

[2026-08-22 08:59:14.215] [info]  5.19%

[2026-08-22 08:59:14.225] [info]  🎒 BACKEND REPORTED:  5.19%

[2026-08-22 08:59:14.230] [info]  🚧 UPSCAYL_PROGRESS:  5.19%

[2026-08-22 08:59:14.955] [info]  5.43%

[2026-08-22 08:59:14.965] [info]  🎒 BACKEND REPORTED:  5.43%

[2026-08-22 08:59:14.969] [info]  🚧 UPSCAYL_PROGRESS:  5.43%

[2026-08-22 08:59:15.707] [info]  5.68%

[2026-08-22 08:59:15.710] [info]  🎒 BACKEND REPORTED:  5.68%

[2026-08-22 08:59:15.726] [info]  🚧 UPSCAYL_PROGRESS:  5.68%

[2026-08-22 08:59:16.451] [info]  5.93%

[2026-08-22 08:59:16.453] [info]  🎒 BACKEND REPORTED:  5.93%

[2026-08-22 08:59:16.462] [info]  🚧 UPSCAYL_PROGRESS:  5.93%

[2026-08-22 08:59:17.192] [info]  6.17%

[2026-08-22 08:59:17.195] [info]  🎒 BACKEND REPORTED:  6.17%

[2026-08-22 08:59:17.217] [info]  🚧 UPSCAYL_PROGRESS:  6.17%

[2026-08-22 08:59:17.391] [info]  6.42%

[2026-08-22 08:59:17.397] [info]  🎒 BACKEND REPORTED:  6.42%

[2026-08-22 08:59:17.415] [info]  🚧 UPSCAYL_PROGRESS:  6.42%

[2026-08-22 08:59:18.154] [info]  6.67%

[2026-08-22 08:59:18.160] [info]  🎒 BACKEND REPORTED:  6.67%

[2026-08-22 08:59:18.178] [info]  🚧 UPSCAYL_PROGRESS:  6.67%

[2026-08-22 08:59:18.895] [info]  6.91%

[2026-08-22 08:59:18.902] [info]  🎒 BACKEND REPORTED:  6.91%

[2026-08-22 08:59:18.915] [info]  🚧 UPSCAYL_PROGRESS:  6.91%

[2026-08-22 08:59:19.638] [info]  7.16%

[2026-08-22 08:59:19.643] [info]  🎒 BACKEND REPORTED:  7.16%

[2026-08-22 08:59:19.672] [info]  🚧 UPSCAYL_PROGRESS:  7.16%

[2026-08-22 08:59:20.388] [info]  7.41%

[2026-08-22 08:59:20.396] [info]  🎒 BACKEND REPORTED:  7.41%

[2026-08-22 08:59:20.406] [info]  🚧 UPSCAYL_PROGRESS:  7.41%

[2026-08-22 08:59:21.138] [info]  7.65%

[2026-08-22 08:59:21.143] [info]  🎒 BACKEND REPORTED:  7.65%

[2026-08-22 08:59:21.148] [info]  🚧 UPSCAYL_PROGRESS:  7.65%

[2026-08-22 08:59:21.888] [info]  7.90%

[2026-08-22 08:59:21.898] [info]  🎒 BACKEND REPORTED:  7.90%

[2026-08-22 08:59:21.901] [info]  🚧 UPSCAYL_PROGRESS:  7.90%

[2026-08-22 08:59:22.636] [info]  8.15%

[2026-08-22 08:59:22.646] [info]  🎒 BACKEND REPORTED:  8.15%

[2026-08-22 08:59:22.647] [info]  🚧 UPSCAYL_PROGRESS:  8.15%

[2026-08-22 08:59:23.391] [info]  8.40%

[2026-08-22 08:59:23.402] [info]  🎒 BACKEND REPORTED:  8.40%

[2026-08-22 08:59:23.411] [info]  🚧 UPSCAYL_PROGRESS:  8.40%

[2026-08-22 08:59:24.145] [info]  8.64%

[2026-08-22 08:59:24.148] [info]  🎒 BACKEND REPORTED:  8.64%

[2026-08-22 08:59:24.160] [info]  🚧 UPSCAYL_PROGRESS:  8.64%

[2026-08-22 08:59:24.889] [info]  8.89%

[2026-08-22 08:59:24.897] [info]  🎒 BACKEND REPORTED:  8.89%

[2026-08-22 08:59:24.904] [info]  🚧 UPSCAYL_PROGRESS:  8.89%

[2026-08-22 08:59:25.635] [info]  9.14%

[2026-08-22 08:59:25.644] [info]  🎒 BACKEND REPORTED:  9.14%

[2026-08-22 08:59:25.651] [info]  🚧 UPSCAYL_PROGRESS:  9.14%

[2026-08-22 08:59:26.376] [info]  9.38%

[2026-08-22 08:59:26.380] [info]  🎒 BACKEND REPORTED:  9.38%

[2026-08-22 08:59:26.388] [info]  🚧 UPSCAYL_PROGRESS:  9.38%

[2026-08-22 08:59:27.126] [info]  9.63%

[2026-08-22 08:59:27.134] [info]  🎒 BACKEND REPORTED:  9.63%

[2026-08-22 08:59:27.141] [info]  🚧 UPSCAYL_PROGRESS:  9.63%

[2026-08-22 08:59:27.873] [info]  9.88%

[2026-08-22 08:59:27.875] [info]  🎒 BACKEND REPORTED:  9.88%

[2026-08-22 08:59:27.889] [info]  🚧 UPSCAYL_PROGRESS:  9.88%

[2026-08-22 08:59:28.627] [info]  10.12%

[2026-08-22 08:59:28.634] [info]  🎒 BACKEND REPORTED:  10.12%

[2026-08-22 08:59:28.636] [info]  🚧 UPSCAYL_PROGRESS:  10.12%

[2026-08-22 08:59:29.368] [info]  10.37%

[2026-08-22 08:59:29.378] [info]  🎒 BACKEND REPORTED:  10.37%

[2026-08-22 08:59:29.388] [info]  🚧 UPSCAYL_PROGRESS:  10.37%

[2026-08-22 08:59:30.115] [info]  10.62%

[2026-08-22 08:59:30.130] [info]  🎒 BACKEND REPORTED:  10.62%

[2026-08-22 08:59:30.137] [info]  🚧 UPSCAYL_PROGRESS:  10.62%

[2026-08-22 08:59:30.873] [info]  10.86%

[2026-08-22 08:59:30.876] [info]  🎒 BACKEND REPORTED:  10.86%

[2026-08-22 08:59:30.884] [info]  🚧 UPSCAYL_PROGRESS:  10.86%

[2026-08-22 08:59:31.628] [info]  11.11%

[2026-08-22 08:59:31.629] [info]  🎒 BACKEND REPORTED:  11.11%

[2026-08-22 08:59:31.629] [info]  🚧 UPSCAYL_PROGRESS:  11.11%

[2026-08-22 08:59:32.371] [info]  11.36%

[2026-08-22 08:59:32.385] [info]  🎒 BACKEND REPORTED:  11.36%

[2026-08-22 08:59:32.395] [info]  🚧 UPSCAYL_PROGRESS:  11.36%

[2026-08-22 08:59:33.121] [info]  11.60%

[2026-08-22 08:59:33.128] [info]  🎒 BACKEND REPORTED:  11.60%

[2026-08-22 08:59:33.137] [info]  🚧 UPSCAYL_PROGRESS:  11.60%

[2026-08-22 08:59:33.873] [info]  11.85%

[2026-08-22 08:59:33.877] [info]  🎒 BACKEND REPORTED:  11.85%

[2026-08-22 08:59:33.891] [info]  🚧 UPSCAYL_PROGRESS:  11.85%

[2026-08-22 08:59:34.632] [info]  12.10%

[2026-08-22 08:59:34.638] [info]  🎒 BACKEND REPORTED:  12.10%

[2026-08-22 08:59:34.645] [info]  🚧 UPSCAYL_PROGRESS:  12.10%

[2026-08-22 08:59:35.381] [info]  12.35%

[2026-08-22 08:59:35.386] [info]  🎒 BACKEND REPORTED:  12.35%

[2026-08-22 08:59:35.400] [info]  🚧 UPSCAYL_PROGRESS:  12.35%

[2026-08-22 08:59:36.135] [info]  12.59%

[2026-08-22 08:59:36.137] [info]  🎒 BACKEND REPORTED:  12.59%

[2026-08-22 08:59:36.157] [info]  🚧 UPSCAYL_PROGRESS:  12.59%

[2026-08-22 08:59:36.878] [info]  12.84%

[2026-08-22 08:59:36.890] [info]  🎒 BACKEND REPORTED:  12.84%

[2026-08-22 08:59:36.891] [info]  🚧 UPSCAYL_PROGRESS:  12.84%

[2026-08-22 08:59:37.078] [info]  13.09%

[2026-08-22 08:59:37.087] [info]  🎒 BACKEND REPORTED:  13.09%

[2026-08-22 08:59:37.094] [info]  🚧 UPSCAYL_PROGRESS:  13.09%

[2026-08-22 08:59:37.841] [info]  13.33%

[2026-08-22 08:59:37.847] [info]  🎒 BACKEND REPORTED:  13.33%

[2026-08-22 08:59:37.854] [info]  🚧 UPSCAYL_PROGRESS:  13.33%

[2026-08-22 08:59:38.588] [info]  13.58%

[2026-08-22 08:59:38.592] [info]  🎒 BACKEND REPORTED:  13.58%

[2026-08-22 08:59:38.609] [info]  🚧 UPSCAYL_PROGRESS:  13.58%

[2026-08-22 08:59:39.336] [info]  13.83%

[2026-08-22 08:59:39.351] [info]  🎒 BACKEND REPORTED:  13.83%

[2026-08-22 08:59:39.352] [info]  🚧 UPSCAYL_PROGRESS:  13.83%

[2026-08-22 08:59:40.084] [info]  14.07%

[2026-08-22 08:59:40.087] [info]  🎒 BACKEND REPORTED:  14.07%

[2026-08-22 08:59:40.100] [info]  🚧 UPSCAYL_PROGRESS:  14.07%

[2026-08-22 08:59:40.832] [info]  14.32%

[2026-08-22 08:59:40.834] [info]  🎒 BACKEND REPORTED:  14.32%

[2026-08-22 08:59:40.848] [info]  🚧 UPSCAYL_PROGRESS:  14.32%

[2026-08-22 08:59:41.584] [info]  14.57%

[2026-08-22 08:59:41.590] [info]  🎒 BACKEND REPORTED:  14.57%

[2026-08-22 08:59:41.596] [info]  🚧 UPSCAYL_PROGRESS:  14.57%

[2026-08-22 08:59:42.331] [info]  14.81%

[2026-08-22 08:59:42.338] [info]  🎒 BACKEND REPORTED:  14.81%

[2026-08-22 08:59:42.344] [info]  🚧 UPSCAYL_PROGRESS:  14.81%

[2026-08-22 08:59:43.078] [info]  15.06%

[2026-08-22 08:59:43.085] [info]  🎒 BACKEND REPORTED:  15.06%

[2026-08-22 08:59:43.090] [info]  🚧 UPSCAYL_PROGRESS:  15.06%

[2026-08-22 08:59:43.816] [info]  15.31%

[2026-08-22 08:59:43.827] [info]  🎒 BACKEND REPORTED:  15.31%

[2026-08-22 08:59:43.838] [info]  🚧 UPSCAYL_PROGRESS:  15.31%

[2026-08-22 08:59:44.555] [info]  15.56%

[2026-08-22 08:59:44.563] [info]  🎒 BACKEND REPORTED:  15.56%

[2026-08-22 08:59:44.571] [info]  🚧 UPSCAYL_PROGRESS:  15.56%

[2026-08-22 08:59:45.307] [info]  15.80%

[2026-08-22 08:59:45.317] [info]  🎒 BACKEND REPORTED:  15.80%

[2026-08-22 08:59:45.329] [info]  🚧 UPSCAYL_PROGRESS:  15.80%

[2026-08-22 08:59:46.053] [info]  16.05%

[2026-08-22 08:59:46.058] [info]  🎒 BACKEND REPORTED:  16.05%

[2026-08-22 08:59:46.076] [info]  🚧 UPSCAYL_PROGRESS:  16.05%

[2026-08-22 08:59:46.798] [info]  16.30%

[2026-08-22 08:59:46.800] [info]  🎒 BACKEND REPORTED:  16.30%

[2026-08-22 08:59:46.801] [info]  🚧 UPSCAYL_PROGRESS:  16.30%

[2026-08-22 08:59:47.536] [info]  16.54%

[2026-08-22 08:59:47.544] [info]  🎒 BACKEND REPORTED:  16.54%

[2026-08-22 08:59:47.559] [info]  🚧 UPSCAYL_PROGRESS:  16.54%

[2026-08-22 08:59:48.282] [info]  16.79%

[2026-08-22 08:59:48.287] [info]  🎒 BACKEND REPORTED:  16.79%

[2026-08-22 08:59:48.293] [info]  🚧 UPSCAYL_PROGRESS:  16.79%

[2026-08-22 08:59:49.036] [info]  17.04%

[2026-08-22 08:59:49.044] [info]  🎒 BACKEND REPORTED:  17.04%

[2026-08-22 08:59:49.049] [info]  🚧 UPSCAYL_PROGRESS:  17.04%

[2026-08-22 08:59:49.793] [info]  17.28%

[2026-08-22 08:59:49.805] [info]  🎒 BACKEND REPORTED:  17.28%

[2026-08-22 08:59:49.806] [info]  🚧 UPSCAYL_PROGRESS:  17.28%

[2026-08-22 08:59:50.546] [info]  17.53%

[2026-08-22 08:59:50.565] [info]  🎒 BACKEND REPORTED:  17.53%

[2026-08-22 08:59:50.571] [info]  🚧 UPSCAYL_PROGRESS:  17.53%

[2026-08-22 08:59:51.306] [info]  17.78%

[2026-08-22 08:59:51.313] [info]  🎒 BACKEND REPORTED:  17.78%

[2026-08-22 08:59:51.318] [info]  🚧 UPSCAYL_PROGRESS:  17.78%

[2026-08-22 08:59:52.052] [info]  18.02%

[2026-08-22 08:59:52.054] [info]  🎒 BACKEND REPORTED:  18.02%

[2026-08-22 08:59:52.058] [info]  🚧 UPSCAYL_PROGRESS:  18.02%

[2026-08-22 08:59:52.789] [info]  18.27%

[2026-08-22 08:59:52.799] [info]  🎒 BACKEND REPORTED:  18.27%

[2026-08-22 08:59:52.809] [info]  🚧 UPSCAYL_PROGRESS:  18.27%

[2026-08-22 08:59:53.545] [info]  18.52%

[2026-08-22 08:59:53.554] [info]  🎒 BACKEND REPORTED:  18.52%

[2026-08-22 08:59:53.560] [info]  🚧 UPSCAYL_PROGRESS:  18.52%

[2026-08-22 08:59:54.311] [info]  18.77%

[2026-08-22 08:59:54.314] [info]  🎒 BACKEND REPORTED:  18.77%

[2026-08-22 08:59:54.323] [info]  🚧 UPSCAYL_PROGRESS:  18.77%

[2026-08-22 08:59:55.054] [info]  19.01%

[2026-08-22 08:59:55.064] [info]  🎒 BACKEND REPORTED:  19.01%

[2026-08-22 08:59:55.074] [info]  🚧 UPSCAYL_PROGRESS:  19.01%

[2026-08-22 08:59:55.806] [info]  19.26%

[2026-08-22 08:59:55.812] [info]  🎒 BACKEND REPORTED:  19.26%

[2026-08-22 08:59:55.829] [info]  🚧 UPSCAYL_PROGRESS:  19.26%

[2026-08-22 08:59:56.560] [info]  19.51%

[2026-08-22 08:59:56.567] [info]  🎒 BACKEND REPORTED:  19.51%

[2026-08-22 08:59:56.579] [info]  🚧 UPSCAYL_PROGRESS:  19.51%

[2026-08-22 08:59:56.779] [info]  19.75%

[2026-08-22 08:59:56.784] [info]  🎒 BACKEND REPORTED:  19.75%

[2026-08-22 08:59:56.796] [info]  🚧 UPSCAYL_PROGRESS:  19.75%

[2026-08-22 08:59:57.540] [info]  20.00%

[2026-08-22 08:59:57.542] [info]  🎒 BACKEND REPORTED:  20.00%

[2026-08-22 08:59:57.551] [info]  🚧 UPSCAYL_PROGRESS:  20.00%

[2026-08-22 08:59:58.284] [info]  20.25%

[2026-08-22 08:59:58.294] [info]  🎒 BACKEND REPORTED:  20.25%

[2026-08-22 08:59:58.308] [info]  🚧 UPSCAYL_PROGRESS:  20.25%

[2026-08-22 08:59:59.023] [info]  20.49%

[2026-08-22 08:59:59.028] [info]  🎒 BACKEND REPORTED:  20.49%

[2026-08-22 08:59:59.051] [info]  🚧 UPSCAYL_PROGRESS:  20.49%

[2026-08-22 08:59:59.774] [info]  20.74%

[2026-08-22 08:59:59.779] [info]  🎒 BACKEND REPORTED:  20.74%

[2026-08-22 08:59:59.797] [info]  🚧 UPSCAYL_PROGRESS:  20.74%

[2026-08-22 09:00:00.518] [info]  20.99%

[2026-08-22 09:00:00.525] [info]  🎒 BACKEND REPORTED:  20.99%

[2026-08-22 09:00:00.538] [info]  🚧 UPSCAYL_PROGRESS:  20.99%

[2026-08-22 09:00:01.271] [info]  21.23%

[2026-08-22 09:00:01.276] [info]  🎒 BACKEND REPORTED:  21.23%

[2026-08-22 09:00:01.294] [info]  🚧 UPSCAYL_PROGRESS:  21.23%

[2026-08-22 09:00:02.022] [info]  21.48%

[2026-08-22 09:00:02.040] [info]  🎒 BACKEND REPORTED:  21.48%

[2026-08-22 09:00:02.053] [info]  🚧 UPSCAYL_PROGRESS:  21.48%

[2026-08-22 09:00:02.770] [info]  21.73%

[2026-08-22 09:00:02.774] [info]  🎒 BACKEND REPORTED:  21.73%

[2026-08-22 09:00:02.788] [info]  🚧 UPSCAYL_PROGRESS:  21.73%

[2026-08-22 09:00:03.523] [info]  21.98%

[2026-08-22 09:00:03.531] [info]  🎒 BACKEND REPORTED:  21.98%

[2026-08-22 09:00:03.535] [info]  🚧 UPSCAYL_PROGRESS:  21.98%

[2026-08-22 09:00:04.274] [info]  22.22%

[2026-08-22 09:00:04.278] [info]  🎒 BACKEND REPORTED:  22.22%

[2026-08-22 09:00:04.286] [info]  🚧 UPSCAYL_PROGRESS:  22.22%

[2026-08-22 09:00:05.028] [info]  22.47%

[2026-08-22 09:00:05.036] [info]  🎒 BACKEND REPORTED:  22.47%

[2026-08-22 09:00:05.050] [info]  🚧 UPSCAYL_PROGRESS:  22.47%

[2026-08-22 09:00:05.774] [info]  22.72%

[2026-08-22 09:00:05.783] [info]  🎒 BACKEND REPORTED:  22.72%

[2026-08-22 09:00:05.785] [info]  🚧 UPSCAYL_PROGRESS:  22.72%

[2026-08-22 09:00:06.518] [info]  22.96%

[2026-08-22 09:00:06.528] [info]  🎒 BACKEND REPORTED:  22.96%

[2026-08-22 09:00:06.542] [info]  🚧 UPSCAYL_PROGRESS:  22.96%

[2026-08-22 09:00:07.277] [info]  23.21%

[2026-08-22 09:00:07.286] [info]  🎒 BACKEND REPORTED:  23.21%

[2026-08-22 09:00:07.297] [info]  🚧 UPSCAYL_PROGRESS:  23.21%

[2026-08-22 09:00:08.034] [info]  23.46%

[2026-08-22 09:00:08.043] [info]  🎒 BACKEND REPORTED:  23.46%

[2026-08-22 09:00:08.054] [info]  🚧 UPSCAYL_PROGRESS:  23.46%

[2026-08-22 09:00:08.797] [info]  23.70%

[2026-08-22 09:00:08.802] [info]  🎒 BACKEND REPORTED:  23.70%

[2026-08-22 09:00:08.811] [info]  🚧 UPSCAYL_PROGRESS:  23.70%

[2026-08-22 09:00:09.551] [info]  23.95%

[2026-08-22 09:00:09.560] [info]  🎒 BACKEND REPORTED:  23.95%

[2026-08-22 09:00:09.572] [info]  🚧 UPSCAYL_PROGRESS:  23.95%

[2026-08-22 09:00:10.308] [info]  24.20%

[2026-08-22 09:00:10.320] [info]  🎒 BACKEND REPORTED:  24.20%

[2026-08-22 09:00:10.323] [info]  🚧 UPSCAYL_PROGRESS:  24.20%

[2026-08-22 09:00:11.069] [info]  24.44%

[2026-08-22 09:00:11.078] [info]  🎒 BACKEND REPORTED:  24.44%

[2026-08-22 09:00:11.096] [info]  🚧 UPSCAYL_PROGRESS:  24.44%

[2026-08-22 09:00:11.828] [info]  24.69%

[2026-08-22 09:00:11.840] [info]  🎒 BACKEND REPORTED:  24.69%

[2026-08-22 09:00:11.846] [info]  🚧 UPSCAYL_PROGRESS:  24.69%

[2026-08-22 09:00:12.590] [info]  24.94%

[2026-08-22 09:00:12.595] [info]  🎒 BACKEND REPORTED:  24.94%

[2026-08-22 09:00:12.605] [info]  🚧 UPSCAYL_PROGRESS:  24.94%

[2026-08-22 09:00:13.350] [info]  25.19%

[2026-08-22 09:00:13.353] [info]  🎒 BACKEND REPORTED:  25.19%

[2026-08-22 09:00:13.365] [info]  🚧 UPSCAYL_PROGRESS:  25.19%

[2026-08-22 09:00:14.098] [info]  25.43%

[2026-08-22 09:00:14.108] [info]  🎒 BACKEND REPORTED:  25.43%

[2026-08-22 09:00:14.121] [info]  🚧 UPSCAYL_PROGRESS:  25.43%

[2026-08-22 09:00:14.855] [info]  25.68%

[2026-08-22 09:00:14.864] [info]  🎒 BACKEND REPORTED:  25.68%

[2026-08-22 09:00:14.873] [info]  🚧 UPSCAYL_PROGRESS:  25.68%

[2026-08-22 09:00:15.609] [info]  25.93%

[2026-08-22 09:00:15.621] [info]  🎒 BACKEND REPORTED:  25.93%

[2026-08-22 09:00:15.624] [info]  🚧 UPSCAYL_PROGRESS:  25.93%

[2026-08-22 09:00:16.356] [info]  26.17%

[2026-08-22 09:00:16.362] [info]  🎒 BACKEND REPORTED:  26.17%

[2026-08-22 09:00:16.380] [info]  🚧 UPSCAYL_PROGRESS:  26.17%

[2026-08-22 09:00:16.570] [info]  26.42%

[2026-08-22 09:00:16.576] [info]  🎒 BACKEND REPORTED:  26.42%

[2026-08-22 09:00:16.596] [info]  🚧 UPSCAYL_PROGRESS:  26.42%

[2026-08-22 09:00:17.344] [info]  26.67%

[2026-08-22 09:00:17.351] [info]  🎒 BACKEND REPORTED:  26.67%

[2026-08-22 09:00:17.362] [info]  🚧 UPSCAYL_PROGRESS:  26.67%

[2026-08-22 09:00:18.088] [info]  26.91%

[2026-08-22 09:00:18.105] [info]  🎒 BACKEND REPORTED:  26.91%

[2026-08-22 09:00:18.107] [info]  🚧 UPSCAYL_PROGRESS:  26.91%

[2026-08-22 09:00:18.837] [info]  27.16%

[2026-08-22 09:00:18.841] [info]  🎒 BACKEND REPORTED:  27.16%

[2026-08-22 09:00:18.849] [info]  🚧 UPSCAYL_PROGRESS:  27.16%

[2026-08-22 09:00:19.589] [info]  27.41%

[2026-08-22 09:00:19.593] [info]  🎒 BACKEND REPORTED:  27.41%

[2026-08-22 09:00:19.604] [info]  🚧 UPSCAYL_PROGRESS:  27.41%

[2026-08-22 09:00:20.339] [info]  27.65%

[2026-08-22 09:00:20.348] [info]  🎒 BACKEND REPORTED:  27.65%

[2026-08-22 09:00:20.360] [info]  🚧 UPSCAYL_PROGRESS:  27.65%

[2026-08-22 09:00:21.091] [info]  27.90%

[2026-08-22 09:00:21.096] [info]  🎒 BACKEND REPORTED:  27.90%

[2026-08-22 09:00:21.110] [info]  🚧 UPSCAYL_PROGRESS:  27.90%

[2026-08-22 09:00:21.840] [info]  28.15%

[2026-08-22 09:00:21.854] [info]  🎒 BACKEND REPORTED:  28.15%

[2026-08-22 09:00:21.863] [info]  🚧 UPSCAYL_PROGRESS:  28.15%

[2026-08-22 09:00:22.586] [info]  28.40%

[2026-08-22 09:00:22.606] [info]  🎒 BACKEND REPORTED:  28.40%

[2026-08-22 09:00:22.621] [info]  🚧 UPSCAYL_PROGRESS:  28.40%

[2026-08-22 09:00:23.329] [info]  28.64%

[2026-08-22 09:00:23.332] [info]  🎒 BACKEND REPORTED:  28.64%

[2026-08-22 09:00:23.350] [info]  🚧 UPSCAYL_PROGRESS:  28.64%

[2026-08-22 09:00:24.086] [info]  28.89%

[2026-08-22 09:00:24.098] [info]  🎒 BACKEND REPORTED:  28.89%

[2026-08-22 09:00:24.102] [info]  🚧 UPSCAYL_PROGRESS:  28.89%

[2026-08-22 09:00:24.837] [info]  29.14%

[2026-08-22 09:00:24.841] [info]  🎒 BACKEND REPORTED:  29.14%

[2026-08-22 09:00:24.845] [info]  🚧 UPSCAYL_PROGRESS:  29.14%

[2026-08-22 09:00:25.585] [info]  29.38%

[2026-08-22 09:00:25.591] [info]  🎒 BACKEND REPORTED:  29.38%

[2026-08-22 09:00:25.599] [info]  🚧 UPSCAYL_PROGRESS:  29.38%

[2026-08-22 09:00:26.335] [info]  29.63%

[2026-08-22 09:00:26.342] [info]  🎒 BACKEND REPORTED:  29.63%

[2026-08-22 09:00:26.355] [info]  🚧 UPSCAYL_PROGRESS:  29.63%

[2026-08-22 09:00:27.081] [info]  29.88%

[2026-08-22 09:00:27.086] [info]  🎒 BACKEND REPORTED:  29.88%

[2026-08-22 09:00:27.090] [info]  🚧 UPSCAYL_PROGRESS:  29.88%

[2026-08-22 09:00:27.828] [info]  30.12%

[2026-08-22 09:00:27.832] [info]  🎒 BACKEND REPORTED:  30.12%

[2026-08-22 09:00:27.839] [info]  🚧 UPSCAYL_PROGRESS:  30.12%

[2026-08-22 09:00:28.577] [info]  30.37%

[2026-08-22 09:00:28.580] [info]  🎒 BACKEND REPORTED:  30.37%

[2026-08-22 09:00:28.587] [info]  🚧 UPSCAYL_PROGRESS:  30.37%

[2026-08-22 09:00:29.325] [info]  30.62%

[2026-08-22 09:00:29.328] [info]  🎒 BACKEND REPORTED:  30.62%

[2026-08-22 09:00:29.341] [info]  🚧 UPSCAYL_PROGRESS:  30.62%

[2026-08-22 09:00:30.073] [info]  30.86%

[2026-08-22 09:00:30.078] [info]  🎒 BACKEND REPORTED:  30.86%

[2026-08-22 09:00:30.079] [info]  🚧 UPSCAYL_PROGRESS:  30.86%

[2026-08-22 09:00:30.820] [info]  31.11%

[2026-08-22 09:00:30.823] [info]  🎒 BACKEND REPORTED:  31.11%

[2026-08-22 09:00:30.829] [info]  🚧 UPSCAYL_PROGRESS:  31.11%

[2026-08-22 09:00:31.564] [info]  31.36%

[2026-08-22 09:00:31.567] [info]  🎒 BACKEND REPORTED:  31.36%

[2026-08-22 09:00:31.573] [info]  🚧 UPSCAYL_PROGRESS:  31.36%

[2026-08-22 09:00:32.309] [info]  31.60%

[2026-08-22 09:00:32.313] [info]  🎒 BACKEND REPORTED:  31.60%

[2026-08-22 09:00:32.323] [info]  🚧 UPSCAYL_PROGRESS:  31.60%

[2026-08-22 09:00:33.054] [info]  31.85%

[2026-08-22 09:00:33.060] [info]  🎒 BACKEND REPORTED:  31.85%

[2026-08-22 09:00:33.061] [info]  🚧 UPSCAYL_PROGRESS:  31.85%

[2026-08-22 09:00:33.798] [info]  32.10%

[2026-08-22 09:00:33.808] [info]  🎒 BACKEND REPORTED:  32.10%

[2026-08-22 09:00:33.812] [info]  🚧 UPSCAYL_PROGRESS:  32.10%

[2026-08-22 09:00:34.549] [info]  32.35%

[2026-08-22 09:00:34.553] [info]  🎒 BACKEND REPORTED:  32.35%

[2026-08-22 09:00:34.555] [info]  🚧 UPSCAYL_PROGRESS:  32.35%

[2026-08-22 09:00:35.293] [info]  32.59%

[2026-08-22 09:00:35.298] [info]  🎒 BACKEND REPORTED:  32.59%

[2026-08-22 09:00:35.301] [info]  🚧 UPSCAYL_PROGRESS:  32.59%

[2026-08-22 09:00:36.043] [info]  32.84%

[2026-08-22 09:00:36.044] [info]  🎒 BACKEND REPORTED:  32.84%

[2026-08-22 09:00:36.047] [info]  🚧 UPSCAYL_PROGRESS:  32.84%

[2026-08-22 09:00:36.245] [info]  33.09%

[2026-08-22 09:00:36.251] [info]  🎒 BACKEND REPORTED:  33.09%

[2026-08-22 09:00:36.255] [info]  🚧 UPSCAYL_PROGRESS:  33.09%

[2026-08-22 09:00:37.014] [info]  33.33%

[2026-08-22 09:00:37.018] [info]  🎒 BACKEND REPORTED:  33.33%

[2026-08-22 09:00:37.023] [info]  🚧 UPSCAYL_PROGRESS:  33.33%

[2026-08-22 09:00:37.756] [info]  33.58%

[2026-08-22 09:00:37.760] [info]  🎒 BACKEND REPORTED:  33.58%

[2026-08-22 09:00:37.769] [info]  🚧 UPSCAYL_PROGRESS:  33.58%

[2026-08-22 09:00:38.502] [info]  33.83%

[2026-08-22 09:00:38.512] [info]  🎒 BACKEND REPORTED:  33.83%

[2026-08-22 09:00:38.516] [info]  🚧 UPSCAYL_PROGRESS:  33.83%

[2026-08-22 09:00:39.242] [info]  34.07%

[2026-08-22 09:00:39.250] [info]  🎒 BACKEND REPORTED:  34.07%

[2026-08-22 09:00:39.253] [info]  🚧 UPSCAYL_PROGRESS:  34.07%

[2026-08-22 09:00:39.992] [info]  34.32%

[2026-08-22 09:00:40.004] [info]  🎒 BACKEND REPORTED:  34.32%

[2026-08-22 09:00:40.009] [info]  🚧 UPSCAYL_PROGRESS:  34.32%

[2026-08-22 09:00:40.737] [info]  34.57%

[2026-08-22 09:00:40.745] [info]  🎒 BACKEND REPORTED:  34.57%

[2026-08-22 09:00:40.749] [info]  🚧 UPSCAYL_PROGRESS:  34.57%

[2026-08-22 09:00:41.486] [info]  34.81%

[2026-08-22 09:00:41.489] [info]  🎒 BACKEND REPORTED:  34.81%

[2026-08-22 09:00:41.497] [info]  🚧 UPSCAYL_PROGRESS:  34.81%

[2026-08-22 09:00:42.233] [info]  35.06%

[2026-08-22 09:00:42.238] [info]  🎒 BACKEND REPORTED:  35.06%

[2026-08-22 09:00:42.242] [info]  🚧 UPSCAYL_PROGRESS:  35.06%

[2026-08-22 09:00:42.978] [info]  35.31%

[2026-08-22 09:00:42.982] [info]  🎒 BACKEND REPORTED:  35.31%

[2026-08-22 09:00:42.996] [info]  🚧 UPSCAYL_PROGRESS:  35.31%

[2026-08-22 09:00:43.726] [info]  35.56%

[2026-08-22 09:00:43.732] [info]  🎒 BACKEND REPORTED:  35.56%

[2026-08-22 09:00:43.734] [info]  🚧 UPSCAYL_PROGRESS:  35.56%

[2026-08-22 09:00:44.472] [info]  35.80%

[2026-08-22 09:00:44.477] [info]  🎒 BACKEND REPORTED:  35.80%

[2026-08-22 09:00:44.484] [info]  🚧 UPSCAYL_PROGRESS:  35.80%

[2026-08-22 09:00:45.217] [info]  36.05%

[2026-08-22 09:00:45.220] [info]  🎒 BACKEND REPORTED:  36.05%

[2026-08-22 09:00:45.233] [info]  🚧 UPSCAYL_PROGRESS:  36.05%

[2026-08-22 09:00:45.962] [info]  36.30%

[2026-08-22 09:00:45.968] [info]  🎒 BACKEND REPORTED:  36.30%

[2026-08-22 09:00:45.976] [info]  🚧 UPSCAYL_PROGRESS:  36.30%

[2026-08-22 09:00:46.706] [info]  36.54%

[2026-08-22 09:00:46.710] [info]  🎒 BACKEND REPORTED:  36.54%

[2026-08-22 09:00:46.711] [info]  🚧 UPSCAYL_PROGRESS:  36.54%

[2026-08-22 09:00:47.444] [info]  36.79%

[2026-08-22 09:00:47.446] [info]  🎒 BACKEND REPORTED:  36.79%

[2026-08-22 09:00:47.449] [info]  🚧 UPSCAYL_PROGRESS:  36.79%

[2026-08-22 09:00:48.191] [info]  37.04%

[2026-08-22 09:00:48.195] [info]  🎒 BACKEND REPORTED:  37.04%

[2026-08-22 09:00:48.197] [info]  🚧 UPSCAYL_PROGRESS:  37.04%

[2026-08-22 09:00:48.936] [info]  37.28%

[2026-08-22 09:00:48.939] [info]  🎒 BACKEND REPORTED:  37.28%

[2026-08-22 09:00:48.944] [info]  🚧 UPSCAYL_PROGRESS:  37.28%

[2026-08-22 09:00:49.686] [info]  37.53%

[2026-08-22 09:00:49.688] [info]  🎒 BACKEND REPORTED:  37.53%

[2026-08-22 09:00:49.692] [info]  🚧 UPSCAYL_PROGRESS:  37.53%

[2026-08-22 09:00:50.435] [info]  37.78%

[2026-08-22 09:00:50.449] [info]  🎒 BACKEND REPORTED:  37.78%

[2026-08-22 09:00:50.450] [info]  🚧 UPSCAYL_PROGRESS:  37.78%

[2026-08-22 09:00:51.190] [info]  38.02%

[2026-08-22 09:00:51.193] [info]  🎒 BACKEND REPORTED:  38.02%

[2026-08-22 09:00:51.204] [info]  🚧 UPSCAYL_PROGRESS:  38.02%

[2026-08-22 09:00:51.941] [info]  38.27%

[2026-08-22 09:00:51.949] [info]  🎒 BACKEND REPORTED:  38.27%

[2026-08-22 09:00:51.950] [info]  🚧 UPSCAYL_PROGRESS:  38.27%

[2026-08-22 09:00:52.703] [info]  38.52%

[2026-08-22 09:00:52.715] [info]  🎒 BACKEND REPORTED:  38.52%

[2026-08-22 09:00:52.721] [info]  🚧 UPSCAYL_PROGRESS:  38.52%

[2026-08-22 09:00:53.460] [info]  38.77%

[2026-08-22 09:00:53.464] [info]  🎒 BACKEND REPORTED:  38.77%

[2026-08-22 09:00:53.475] [info]  🚧 UPSCAYL_PROGRESS:  38.77%

[2026-08-22 09:00:54.214] [info]  39.01%

[2026-08-22 09:00:54.222] [info]  🎒 BACKEND REPORTED:  39.01%

[2026-08-22 09:00:54.236] [info]  🚧 UPSCAYL_PROGRESS:  39.01%

[2026-08-22 09:00:54.977] [info]  39.26%

[2026-08-22 09:00:54.986] [info]  🎒 BACKEND REPORTED:  39.26%

[2026-08-22 09:00:54.991] [info]  🚧 UPSCAYL_PROGRESS:  39.26%

[2026-08-22 09:00:55.735] [info]  39.51%

[2026-08-22 09:00:55.756] [info]  🎒 BACKEND REPORTED:  39.51%

[2026-08-22 09:00:55.758] [info]  🚧 UPSCAYL_PROGRESS:  39.51%

[2026-08-22 09:00:55.960] [info]  39.75%

[2026-08-22 09:00:55.973] [info]  🎒 BACKEND REPORTED:  39.75%

[2026-08-22 09:00:55.974] [info]  🚧 UPSCAYL_PROGRESS:  39.75%

[2026-08-22 09:00:56.749] [info]  40.00%

[2026-08-22 09:00:56.754] [info]  🎒 BACKEND REPORTED:  40.00%

[2026-08-22 09:00:56.756] [info]  🚧 UPSCAYL_PROGRESS:  40.00%

[2026-08-22 09:00:57.496] [info]  40.25%

[2026-08-22 09:00:57.503] [info]  🎒 BACKEND REPORTED:  40.25%

[2026-08-22 09:00:57.514] [info]  🚧 UPSCAYL_PROGRESS:  40.25%

[2026-08-22 09:00:58.245] [info]  40.49%

[2026-08-22 09:00:58.253] [info]  🎒 BACKEND REPORTED:  40.49%

[2026-08-22 09:00:58.262] [info]  🚧 UPSCAYL_PROGRESS:  40.49%

[2026-08-22 09:00:58.993] [info]  40.74%

[2026-08-22 09:00:59.003] [info]  🎒 BACKEND REPORTED:  40.74%

[2026-08-22 09:00:59.010] [info]  🚧 UPSCAYL_PROGRESS:  40.74%

[2026-08-22 09:00:59.740] [info]  40.99%

[2026-08-22 09:00:59.747] [info]  🎒 BACKEND REPORTED:  40.99%

[2026-08-22 09:00:59.767] [info]  🚧 UPSCAYL_PROGRESS:  40.99%

[2026-08-22 09:01:00.481] [info]  41.23%

[2026-08-22 09:01:00.491] [info]  🎒 BACKEND REPORTED:  41.23%

[2026-08-22 09:01:00.492] [info]  🚧 UPSCAYL_PROGRESS:  41.23%

[2026-08-22 09:01:01.226] [info]  41.48%

[2026-08-22 09:01:01.230] [info]  🎒 BACKEND REPORTED:  41.48%

[2026-08-22 09:01:01.240] [info]  🚧 UPSCAYL_PROGRESS:  41.48%

[2026-08-22 09:01:01.993] [info]  41.73%

[2026-08-22 09:01:02.005] [info]  🎒 BACKEND REPORTED:  41.73%

[2026-08-22 09:01:02.007] [info]  🚧 UPSCAYL_PROGRESS:  41.73%

[2026-08-22 09:01:02.734] [info]  41.98%

[2026-08-22 09:01:02.736] [info]  🎒 BACKEND REPORTED:  41.98%

[2026-08-22 09:01:02.743] [info]  🚧 UPSCAYL_PROGRESS:  41.98%

[2026-08-22 09:01:03.485] [info]  42.22%

[2026-08-22 09:01:03.494] [info]  🎒 BACKEND REPORTED:  42.22%

[2026-08-22 09:01:03.502] [info]  🚧 UPSCAYL_PROGRESS:  42.22%

[2026-08-22 09:01:04.234] [info]  42.47%

[2026-08-22 09:01:04.247] [info]  🎒 BACKEND REPORTED:  42.47%

[2026-08-22 09:01:04.249] [info]  🚧 UPSCAYL_PROGRESS:  42.47%

[2026-08-22 09:01:04.977] [info]  42.72%

[2026-08-22 09:01:04.989] [info]  🎒 BACKEND REPORTED:  42.72%

[2026-08-22 09:01:04.999] [info]  🚧 UPSCAYL_PROGRESS:  42.72%

[2026-08-22 09:01:05.733] [info]  42.96%

[2026-08-22 09:01:05.742] [info]  🎒 BACKEND REPORTED:  42.96%

[2026-08-22 09:01:05.750] [info]  🚧 UPSCAYL_PROGRESS:  42.96%

[2026-08-22 09:01:06.478] [info]  43.21%

[2026-08-22 09:01:06.484] [info]  🎒 BACKEND REPORTED:  43.21%

[2026-08-22 09:01:06.500] [info]  🚧 UPSCAYL_PROGRESS:  43.21%

[2026-08-22 09:01:07.233] [info]  43.46%

[2026-08-22 09:01:07.246] [info]  🎒 BACKEND REPORTED:  43.46%

[2026-08-22 09:01:07.259] [info]  🚧 UPSCAYL_PROGRESS:  43.46%

[2026-08-22 09:01:07.980] [info]  43.70%

[2026-08-22 09:01:07.997] [info]  🎒 BACKEND REPORTED:  43.70%

[2026-08-22 09:01:08.010] [info]  🚧 UPSCAYL_PROGRESS:  43.70%

[2026-08-22 09:01:08.727] [info]  43.95%

[2026-08-22 09:01:08.736] [info]  🎒 BACKEND REPORTED:  43.95%

[2026-08-22 09:01:08.748] [info]  🚧 UPSCAYL_PROGRESS:  43.95%

[2026-08-22 09:01:09.477] [info]  44.20%

[2026-08-22 09:01:09.483] [info]  🎒 BACKEND REPORTED:  44.20%

[2026-08-22 09:01:09.494] [info]  🚧 UPSCAYL_PROGRESS:  44.20%

[2026-08-22 09:01:10.230] [info]  44.44%

[2026-08-22 09:01:10.237] [info]  🎒 BACKEND REPORTED:  44.44%

[2026-08-22 09:01:10.246] [info]  🚧 UPSCAYL_PROGRESS:  44.44%

[2026-08-22 09:01:10.980] [info]  44.69%

[2026-08-22 09:01:10.987] [info]  🎒 BACKEND REPORTED:  44.69%

[2026-08-22 09:01:10.997] [info]  🚧 UPSCAYL_PROGRESS:  44.69%

[2026-08-22 09:01:11.746] [info]  44.94%

[2026-08-22 09:01:11.749] [info]  🎒 BACKEND REPORTED:  44.94%

[2026-08-22 09:01:11.762] [info]  🚧 UPSCAYL_PROGRESS:  44.94%

[2026-08-22 09:01:12.498] [info]  45.19%

[2026-08-22 09:01:12.502] [info]  🎒 BACKEND REPORTED:  45.19%

[2026-08-22 09:01:12.517] [info]  🚧 UPSCAYL_PROGRESS:  45.19%

[2026-08-22 09:01:13.256] [info]  45.43%

[2026-08-22 09:01:13.259] [info]  🎒 BACKEND REPORTED:  45.43%

[2026-08-22 09:01:13.260] [info]  🚧 UPSCAYL_PROGRESS:  45.43%

[2026-08-22 09:01:14.005] [info]  45.68%

[2026-08-22 09:01:14.019] [info]  🎒 BACKEND REPORTED:  45.68%

[2026-08-22 09:01:14.026] [info]  🚧 UPSCAYL_PROGRESS:  45.68%

[2026-08-22 09:01:14.771] [info]  45.93%

[2026-08-22 09:01:14.775] [info]  🎒 BACKEND REPORTED:  45.93%

[2026-08-22 09:01:14.790] [info]  🚧 UPSCAYL_PROGRESS:  45.93%

[2026-08-22 09:01:15.525] [info]  46.17%

[2026-08-22 09:01:15.532] [info]  🎒 BACKEND REPORTED:  46.17%

[2026-08-22 09:01:15.536] [info]  🚧 UPSCAYL_PROGRESS:  46.17%

[2026-08-22 09:01:15.732] [info]  46.42%

[2026-08-22 09:01:15.736] [info]  🎒 BACKEND REPORTED:  46.42%

[2026-08-22 09:01:15.746] [info]  🚧 UPSCAYL_PROGRESS:  46.42%

[2026-08-22 09:01:16.497] [info]  46.67%

[2026-08-22 09:01:16.499] [info]  🎒 BACKEND REPORTED:  46.67%

[2026-08-22 09:01:16.501] [info]  🚧 UPSCAYL_PROGRESS:  46.67%

[2026-08-22 09:01:17.239] [info]  46.91%

[2026-08-22 09:01:17.241] [info]  🎒 BACKEND REPORTED:  46.91%

[2026-08-22 09:01:17.247] [info]  🚧 UPSCAYL_PROGRESS:  46.91%

[2026-08-22 09:01:17.981] [info]  47.16%

[2026-08-22 09:01:17.984] [info]  🎒 BACKEND REPORTED:  47.16%

[2026-08-22 09:01:17.986] [info]  🚧 UPSCAYL_PROGRESS:  47.16%

[2026-08-22 09:01:18.724] [info]  47.41%

[2026-08-22 09:01:18.727] [info]  🎒 BACKEND REPORTED:  47.41%

[2026-08-22 09:01:18.729] [info]  🚧 UPSCAYL_PROGRESS:  47.41%

[2026-08-22 09:01:19.466] [info]  47.65%

[2026-08-22 09:01:19.469] [info]  🎒 BACKEND REPORTED:  47.65%

[2026-08-22 09:01:19.476] [info]  🚧 UPSCAYL_PROGRESS:  47.65%

[2026-08-22 09:01:20.209] [info]  47.90%

[2026-08-22 09:01:20.212] [info]  🎒 BACKEND REPORTED:  47.90%

[2026-08-22 09:01:20.214] [info]  🚧 UPSCAYL_PROGRESS:  47.90%

[2026-08-22 09:01:20.954] [info]  48.15%

[2026-08-22 09:01:20.957] [info]  🎒 BACKEND REPORTED:  48.15%

[2026-08-22 09:01:20.961] [info]  🚧 UPSCAYL_PROGRESS:  48.15%

[2026-08-22 09:01:21.696] [info]  48.40%

[2026-08-22 09:01:21.700] [info]  🎒 BACKEND REPORTED:  48.40%

[2026-08-22 09:01:21.703] [info]  🚧 UPSCAYL_PROGRESS:  48.40%

[2026-08-22 09:01:22.440] [info]  48.64%

[2026-08-22 09:01:22.444] [info]  🎒 BACKEND REPORTED:  48.64%

[2026-08-22 09:01:22.446] [info]  🚧 UPSCAYL_PROGRESS:  48.64%

[2026-08-22 09:01:23.184] [info]  48.89%

[2026-08-22 09:01:23.186] [info]  🎒 BACKEND REPORTED:  48.89%

[2026-08-22 09:01:23.190] [info]  🚧 UPSCAYL_PROGRESS:  48.89%

[2026-08-22 09:01:23.927] [info]  49.14%

[2026-08-22 09:01:23.930] [info]  🎒 BACKEND REPORTED:  49.14%

[2026-08-22 09:01:23.933] [info]  🚧 UPSCAYL_PROGRESS:  49.14%

[2026-08-22 09:01:24.671] [info]  49.38%

[2026-08-22 09:01:24.675] [info]  🎒 BACKEND REPORTED:  49.38%

[2026-08-22 09:01:24.677] [info]  🚧 UPSCAYL_PROGRESS:  49.38%

[2026-08-22 09:01:25.414] [info]  49.63%

[2026-08-22 09:01:25.418] [info]  🎒 BACKEND REPORTED:  49.63%

[2026-08-22 09:01:25.420] [info]  🚧 UPSCAYL_PROGRESS:  49.63%

[2026-08-22 09:01:26.157] [info]  49.88%

[2026-08-22 09:01:26.159] [info]  🎒 BACKEND REPORTED:  49.88%

[2026-08-22 09:01:26.165] [info]  🚧 UPSCAYL_PROGRESS:  49.88%

[2026-08-22 09:01:26.900] [info]  50.12%

[2026-08-22 09:01:26.905] [info]  🎒 BACKEND REPORTED:  50.12%

[2026-08-22 09:01:26.907] [info]  🚧 UPSCAYL_PROGRESS:  50.12%

[2026-08-22 09:01:27.644] [info]  50.37%

[2026-08-22 09:01:27.648] [info]  🎒 BACKEND REPORTED:  50.37%

[2026-08-22 09:01:27.654] [info]  🚧 UPSCAYL_PROGRESS:  50.37%

[2026-08-22 09:01:28.390] [info]  50.62%

[2026-08-22 09:01:28.393] [info]  🎒 BACKEND REPORTED:  50.62%

[2026-08-22 09:01:28.395] [info]  🚧 UPSCAYL_PROGRESS:  50.62%

[2026-08-22 09:01:29.133] [info]  50.86%

[2026-08-22 09:01:29.134] [info]  🎒 BACKEND REPORTED:  50.86%

[2026-08-22 09:01:29.136] [info]  🚧 UPSCAYL_PROGRESS:  50.86%

[2026-08-22 09:01:29.874] [info]  51.11%

[2026-08-22 09:01:29.876] [info]  🎒 BACKEND REPORTED:  51.11%

[2026-08-22 09:01:29.876] [info]  🚧 UPSCAYL_PROGRESS:  51.11%

[2026-08-22 09:01:30.616] [info]  51.36%

[2026-08-22 09:01:30.617] [info]  🎒 BACKEND REPORTED:  51.36%

[2026-08-22 09:01:30.618] [info]  🚧 UPSCAYL_PROGRESS:  51.36%

[2026-08-22 09:01:31.351] [info]  51.60%

[2026-08-22 09:01:31.358] [info]  🎒 BACKEND REPORTED:  51.60%

[2026-08-22 09:01:31.367] [info]  🚧 UPSCAYL_PROGRESS:  51.60%

[2026-08-22 09:01:32.097] [info]  51.85%

[2026-08-22 09:01:32.102] [info]  🎒 BACKEND REPORTED:  51.85%

[2026-08-22 09:01:32.108] [info]  🚧 UPSCAYL_PROGRESS:  51.85%

[2026-08-22 09:01:32.843] [info]  52.10%

[2026-08-22 09:01:32.847] [info]  🎒 BACKEND REPORTED:  52.10%

[2026-08-22 09:01:32.855] [info]  🚧 UPSCAYL_PROGRESS:  52.10%

[2026-08-22 09:01:33.594] [info]  52.35%

[2026-08-22 09:01:33.600] [info]  🎒 BACKEND REPORTED:  52.35%

[2026-08-22 09:01:33.610] [info]  🚧 UPSCAYL_PROGRESS:  52.35%

[2026-08-22 09:01:34.336] [info]  52.59%

[2026-08-22 09:01:34.339] [info]  🎒 BACKEND REPORTED:  52.59%

[2026-08-22 09:01:34.342] [info]  🚧 UPSCAYL_PROGRESS:  52.59%

[2026-08-22 09:01:35.076] [info]  52.84%

[2026-08-22 09:01:35.081] [info]  🎒 BACKEND REPORTED:  52.84%

[2026-08-22 09:01:35.089] [info]  🚧 UPSCAYL_PROGRESS:  52.84%

[2026-08-22 09:01:35.280] [info]  53.09%

[2026-08-22 09:01:35.282] [info]  🎒 BACKEND REPORTED:  53.09%

[2026-08-22 09:01:35.291] [info]  🚧 UPSCAYL_PROGRESS:  53.09%

[2026-08-22 09:01:36.048] [info]  53.33%

[2026-08-22 09:01:36.055] [info]  🎒 BACKEND REPORTED:  53.33%

[2026-08-22 09:01:36.064] [info]  🚧 UPSCAYL_PROGRESS:  53.33%

[2026-08-22 09:01:36.800] [info]  53.58%

[2026-08-22 09:01:36.809] [info]  🎒 BACKEND REPORTED:  53.58%

[2026-08-22 09:01:36.810] [info]  🚧 UPSCAYL_PROGRESS:  53.58%

[2026-08-22 09:01:37.550] [info]  53.83%

[2026-08-22 09:01:37.553] [info]  🎒 BACKEND REPORTED:  53.83%

[2026-08-22 09:01:37.559] [info]  🚧 UPSCAYL_PROGRESS:  53.83%

[2026-08-22 09:01:38.305] [info]  54.07%

[2026-08-22 09:01:38.309] [info]  🎒 BACKEND REPORTED:  54.07%

[2026-08-22 09:01:38.313] [info]  🚧 UPSCAYL_PROGRESS:  54.07%

[2026-08-22 09:01:39.048] [info]  54.32%

[2026-08-22 09:01:39.051] [info]  🎒 BACKEND REPORTED:  54.32%

[2026-08-22 09:01:39.061] [info]  🚧 UPSCAYL_PROGRESS:  54.32%

[2026-08-22 09:01:39.800] [info]  54.57%

[2026-08-22 09:01:39.807] [info]  🎒 BACKEND REPORTED:  54.57%

[2026-08-22 09:01:39.817] [info]  🚧 UPSCAYL_PROGRESS:  54.57%

[2026-08-22 09:01:40.561] [info]  54.81%

[2026-08-22 09:01:40.563] [info]  🎒 BACKEND REPORTED:  54.81%

[2026-08-22 09:01:40.568] [info]  🚧 UPSCAYL_PROGRESS:  54.81%

[2026-08-22 09:01:41.301] [info]  55.06%

[2026-08-22 09:01:41.304] [info]  🎒 BACKEND REPORTED:  55.06%

[2026-08-22 09:01:41.310] [info]  🚧 UPSCAYL_PROGRESS:  55.06%

[2026-08-22 09:01:42.048] [info]  55.31%

[2026-08-22 09:01:42.053] [info]  🎒 BACKEND REPORTED:  55.31%

[2026-08-22 09:01:42.058] [info]  🚧 UPSCAYL_PROGRESS:  55.31%

[2026-08-22 09:01:42.799] [info]  55.56%

[2026-08-22 09:01:42.802] [info]  🎒 BACKEND REPORTED:  55.56%

[2026-08-22 09:01:42.811] [info]  🚧 UPSCAYL_PROGRESS:  55.56%

[2026-08-22 09:01:43.549] [info]  55.80%

[2026-08-22 09:01:43.555] [info]  🎒 BACKEND REPORTED:  55.80%

[2026-08-22 09:01:43.563] [info]  🚧 UPSCAYL_PROGRESS:  55.80%

[2026-08-22 09:01:44.303] [info]  56.05%

[2026-08-22 09:01:44.305] [info]  🎒 BACKEND REPORTED:  56.05%

[2026-08-22 09:01:44.308] [info]  🚧 UPSCAYL_PROGRESS:  56.05%

[2026-08-22 09:01:45.043] [info]  56.30%

[2026-08-22 09:01:45.049] [info]  🎒 BACKEND REPORTED:  56.30%

[2026-08-22 09:01:45.052] [info]  🚧 UPSCAYL_PROGRESS:  56.30%

[2026-08-22 09:01:45.794] [info]  56.54%

[2026-08-22 09:01:45.801] [info]  🎒 BACKEND REPORTED:  56.54%

[2026-08-22 09:01:45.805] [info]  🚧 UPSCAYL_PROGRESS:  56.54%

[2026-08-22 09:01:46.544] [info]  56.79%

[2026-08-22 09:01:46.549] [info]  🎒 BACKEND REPORTED:  56.79%

[2026-08-22 09:01:46.559] [info]  🚧 UPSCAYL_PROGRESS:  56.79%

[2026-08-22 09:01:47.302] [info]  57.04%

[2026-08-22 09:01:47.306] [info]  🎒 BACKEND REPORTED:  57.04%

[2026-08-22 09:01:47.306] [info]  🚧 UPSCAYL_PROGRESS:  57.04%

[2026-08-22 09:01:48.046] [info]  57.28%

[2026-08-22 09:01:48.049] [info]  🎒 BACKEND REPORTED:  57.28%

[2026-08-22 09:01:48.053] [info]  🚧 UPSCAYL_PROGRESS:  57.28%

[2026-08-22 09:01:48.793] [info]  57.53%

[2026-08-22 09:01:48.799] [info]  🎒 BACKEND REPORTED:  57.53%

[2026-08-22 09:01:48.808] [info]  🚧 UPSCAYL_PROGRESS:  57.53%

[2026-08-22 09:01:49.538] [info]  57.78%

[2026-08-22 09:01:49.545] [info]  🎒 BACKEND REPORTED:  57.78%

[2026-08-22 09:01:49.546] [info]  🚧 UPSCAYL_PROGRESS:  57.78%

[2026-08-22 09:01:50.286] [info]  58.02%

[2026-08-22 09:01:50.292] [info]  🎒 BACKEND REPORTED:  58.02%

[2026-08-22 09:01:50.300] [info]  🚧 UPSCAYL_PROGRESS:  58.02%

[2026-08-22 09:01:51.037] [info]  58.27%

[2026-08-22 09:01:51.041] [info]  🎒 BACKEND REPORTED:  58.27%

[2026-08-22 09:01:51.043] [info]  🚧 UPSCAYL_PROGRESS:  58.27%

[2026-08-22 09:01:51.778] [info]  58.52%

[2026-08-22 09:01:51.780] [info]  🎒 BACKEND REPORTED:  58.52%

[2026-08-22 09:01:51.784] [info]  🚧 UPSCAYL_PROGRESS:  58.52%

[2026-08-22 09:01:52.522] [info]  58.77%

[2026-08-22 09:01:52.528] [info]  🎒 BACKEND REPORTED:  58.77%

[2026-08-22 09:01:52.531] [info]  🚧 UPSCAYL_PROGRESS:  58.77%

[2026-08-22 09:01:53.267] [info]  59.01%

[2026-08-22 09:01:53.268] [info]  🎒 BACKEND REPORTED:  59.01%

[2026-08-22 09:01:53.277] [info]  🚧 UPSCAYL_PROGRESS:  59.01%

[2026-08-22 09:01:54.010] [info]  59.26%

[2026-08-22 09:01:54.023] [info]  🎒 BACKEND REPORTED:  59.26%

[2026-08-22 09:01:54.031] [info]  🚧 UPSCAYL_PROGRESS:  59.26%

[2026-08-22 09:01:54.762] [info]  59.51%

[2026-08-22 09:01:54.770] [info]  🎒 BACKEND REPORTED:  59.51%

[2026-08-22 09:01:54.773] [info]  🚧 UPSCAYL_PROGRESS:  59.51%

[2026-08-22 09:01:54.963] [info]  59.75%

[2026-08-22 09:01:54.969] [info]  🎒 BACKEND REPORTED:  59.75%

[2026-08-22 09:01:54.970] [info]  🚧 UPSCAYL_PROGRESS:  59.75%

[2026-08-22 09:01:55.720] [info]  60.00%

[2026-08-22 09:01:55.724] [info]  🎒 BACKEND REPORTED:  60.00%

[2026-08-22 09:01:55.732] [info]  🚧 UPSCAYL_PROGRESS:  60.00%

[2026-08-22 09:01:56.466] [info]  60.25%

[2026-08-22 09:01:56.470] [info]  🎒 BACKEND REPORTED:  60.25%

[2026-08-22 09:01:56.475] [info]  🚧 UPSCAYL_PROGRESS:  60.25%

[2026-08-22 09:01:57.206] [info]  60.49%

[2026-08-22 09:01:57.212] [info]  🎒 BACKEND REPORTED:  60.49%

[2026-08-22 09:01:57.219] [info]  🚧 UPSCAYL_PROGRESS:  60.49%

[2026-08-22 09:01:57.955] [info]  60.74%

[2026-08-22 09:01:57.962] [info]  🎒 BACKEND REPORTED:  60.74%

[2026-08-22 09:01:57.978] [info]  🚧 UPSCAYL_PROGRESS:  60.74%

[2026-08-22 09:01:58.705] [info]  60.99%

[2026-08-22 09:01:58.710] [info]  🎒 BACKEND REPORTED:  60.99%

[2026-08-22 09:01:58.716] [info]  🚧 UPSCAYL_PROGRESS:  60.99%

[2026-08-22 09:01:59.454] [info]  61.23%

[2026-08-22 09:01:59.459] [info]  🎒 BACKEND REPORTED:  61.23%

[2026-08-22 09:01:59.472] [info]  🚧 UPSCAYL_PROGRESS:  61.23%

[2026-08-22 09:02:00.196] [info]  61.48%

[2026-08-22 09:02:00.203] [info]  🎒 BACKEND REPORTED:  61.48%

[2026-08-22 09:02:00.217] [info]  🚧 UPSCAYL_PROGRESS:  61.48%

[2026-08-22 09:02:00.947] [info]  61.73%

[2026-08-22 09:02:00.955] [info]  🎒 BACKEND REPORTED:  61.73%

[2026-08-22 09:02:00.957] [info]  🚧 UPSCAYL_PROGRESS:  61.73%

[2026-08-22 09:02:01.696] [info]  61.98%

[2026-08-22 09:02:01.699] [info]  🎒 BACKEND REPORTED:  61.98%

[2026-08-22 09:02:01.700] [info]  🚧 UPSCAYL_PROGRESS:  61.98%

[2026-08-22 09:02:02.437] [info]  62.22%

[2026-08-22 09:02:02.441] [info]  🎒 BACKEND REPORTED:  62.22%

[2026-08-22 09:02:02.442] [info]  🚧 UPSCAYL_PROGRESS:  62.22%

[2026-08-22 09:02:03.174] [info]  62.47%

[2026-08-22 09:02:03.176] [info]  🎒 BACKEND REPORTED:  62.47%

[2026-08-22 09:02:03.180] [info]  🚧 UPSCAYL_PROGRESS:  62.47%

[2026-08-22 09:02:03.915] [info]  62.72%

[2026-08-22 09:02:03.920] [info]  🎒 BACKEND REPORTED:  62.72%

[2026-08-22 09:02:03.928] [info]  🚧 UPSCAYL_PROGRESS:  62.72%

[2026-08-22 09:02:04.666] [info]  62.96%

[2026-08-22 09:02:04.668] [info]  🎒 BACKEND REPORTED:  62.96%

[2026-08-22 09:02:04.675] [info]  🚧 UPSCAYL_PROGRESS:  62.96%

[2026-08-22 09:02:05.412] [info]  63.21%

[2026-08-22 09:02:05.415] [info]  🎒 BACKEND REPORTED:  63.21%

[2026-08-22 09:02:05.422] [info]  🚧 UPSCAYL_PROGRESS:  63.21%

[2026-08-22 09:02:06.158] [info]  63.46%

[2026-08-22 09:02:06.163] [info]  🎒 BACKEND REPORTED:  63.46%

[2026-08-22 09:02:06.169] [info]  🚧 UPSCAYL_PROGRESS:  63.46%

[2026-08-22 09:02:06.909] [info]  63.70%

[2026-08-22 09:02:06.913] [info]  🎒 BACKEND REPORTED:  63.70%

[2026-08-22 09:02:06.917] [info]  🚧 UPSCAYL_PROGRESS:  63.70%

[2026-08-22 09:02:07.649] [info]  63.95%

[2026-08-22 09:02:07.652] [info]  🎒 BACKEND REPORTED:  63.95%

[2026-08-22 09:02:07.656] [info]  🚧 UPSCAYL_PROGRESS:  63.95%

[2026-08-22 09:02:08.392] [info]  64.20%

[2026-08-22 09:02:08.394] [info]  🎒 BACKEND REPORTED:  64.20%

[2026-08-22 09:02:08.401] [info]  🚧 UPSCAYL_PROGRESS:  64.20%

[2026-08-22 09:02:09.140] [info]  64.44%

[2026-08-22 09:02:09.143] [info]  🎒 BACKEND REPORTED:  64.44%

[2026-08-22 09:02:09.145] [info]  🚧 UPSCAYL_PROGRESS:  64.44%

[2026-08-22 09:02:09.883] [info]  64.69%

[2026-08-22 09:02:09.887] [info]  🎒 BACKEND REPORTED:  64.69%

[2026-08-22 09:02:09.893] [info]  🚧 UPSCAYL_PROGRESS:  64.69%

[2026-08-22 09:02:10.635] [info]  64.94%

[2026-08-22 09:02:10.637] [info]  🎒 BACKEND REPORTED:  64.94%

[2026-08-22 09:02:10.641] [info]  🚧 UPSCAYL_PROGRESS:  64.94%

[2026-08-22 09:02:11.375] [info]  65.19%

[2026-08-22 09:02:11.377] [info]  🎒 BACKEND REPORTED:  65.19%

[2026-08-22 09:02:11.379] [info]  🚧 UPSCAYL_PROGRESS:  65.19%

[2026-08-22 09:02:12.126] [info]  65.43%

[2026-08-22 09:02:12.129] [info]  🎒 BACKEND REPORTED:  65.43%

[2026-08-22 09:02:12.133] [info]  🚧 UPSCAYL_PROGRESS:  65.43%

[2026-08-22 09:02:12.869] [info]  65.68%

[2026-08-22 09:02:12.873] [info]  🎒 BACKEND REPORTED:  65.68%

[2026-08-22 09:02:12.880] [info]  🚧 UPSCAYL_PROGRESS:  65.68%

[2026-08-22 09:02:13.621] [info]  65.93%

[2026-08-22 09:02:13.624] [info]  🎒 BACKEND REPORTED:  65.93%

[2026-08-22 09:02:13.628] [info]  🚧 UPSCAYL_PROGRESS:  65.93%

[2026-08-22 09:02:14.362] [info]  66.17%

[2026-08-22 09:02:14.365] [info]  🎒 BACKEND REPORTED:  66.17%

[2026-08-22 09:02:14.372] [info]  🚧 UPSCAYL_PROGRESS:  66.17%

[2026-08-22 09:02:14.573] [info]  66.42%

[2026-08-22 09:02:14.579] [info]  🎒 BACKEND REPORTED:  66.42%

[2026-08-22 09:02:14.580] [info]  🚧 UPSCAYL_PROGRESS:  66.42%

[2026-08-22 09:02:15.326] [info]  66.67%

[2026-08-22 09:02:15.328] [info]  🎒 BACKEND REPORTED:  66.67%

[2026-08-22 09:02:15.331] [info]  🚧 UPSCAYL_PROGRESS:  66.67%

[2026-08-22 09:02:16.070] [info]  66.91%

[2026-08-22 09:02:16.073] [info]  🎒 BACKEND REPORTED:  66.91%

[2026-08-22 09:02:16.076] [info]  🚧 UPSCAYL_PROGRESS:  66.91%

[2026-08-22 09:02:16.808] [info]  67.16%

[2026-08-22 09:02:16.811] [info]  🎒 BACKEND REPORTED:  67.16%

[2026-08-22 09:02:16.821] [info]  🚧 UPSCAYL_PROGRESS:  67.16%

[2026-08-22 09:02:17.551] [info]  67.41%

[2026-08-22 09:02:17.556] [info]  🎒 BACKEND REPORTED:  67.41%

[2026-08-22 09:02:17.560] [info]  🚧 UPSCAYL_PROGRESS:  67.41%

[2026-08-22 09:02:18.295] [info]  67.65%

[2026-08-22 09:02:18.303] [info]  🎒 BACKEND REPORTED:  67.65%

[2026-08-22 09:02:18.311] [info]  🚧 UPSCAYL_PROGRESS:  67.65%

[2026-08-22 09:02:19.041] [info]  67.90%

[2026-08-22 09:02:19.048] [info]  🎒 BACKEND REPORTED:  67.90%

[2026-08-22 09:02:19.048] [info]  🚧 UPSCAYL_PROGRESS:  67.90%

[2026-08-22 09:02:19.787] [info]  68.15%

[2026-08-22 09:02:19.798] [info]  🎒 BACKEND REPORTED:  68.15%

[2026-08-22 09:02:19.800] [info]  🚧 UPSCAYL_PROGRESS:  68.15%

[2026-08-22 09:02:20.532] [info]  68.40%

[2026-08-22 09:02:20.535] [info]  🎒 BACKEND REPORTED:  68.40%

[2026-08-22 09:02:20.543] [info]  🚧 UPSCAYL_PROGRESS:  68.40%

[2026-08-22 09:02:21.275] [info]  68.64%

[2026-08-22 09:02:21.280] [info]  🎒 BACKEND REPORTED:  68.64%

[2026-08-22 09:02:21.284] [info]  🚧 UPSCAYL_PROGRESS:  68.64%

[2026-08-22 09:02:22.022] [info]  68.89%

[2026-08-22 09:02:22.027] [info]  🎒 BACKEND REPORTED:  68.89%

[2026-08-22 09:02:22.031] [info]  🚧 UPSCAYL_PROGRESS:  68.89%

[2026-08-22 09:02:22.771] [info]  69.14%

[2026-08-22 09:02:22.772] [info]  🎒 BACKEND REPORTED:  69.14%

[2026-08-22 09:02:22.780] [info]  🚧 UPSCAYL_PROGRESS:  69.14%

[2026-08-22 09:02:23.520] [info]  69.38%

[2026-08-22 09:02:23.528] [info]  🎒 BACKEND REPORTED:  69.38%

[2026-08-22 09:02:23.542] [info]  🚧 UPSCAYL_PROGRESS:  69.38%

[2026-08-22 09:02:24.274] [info]  69.63%

[2026-08-22 09:02:24.277] [info]  🎒 BACKEND REPORTED:  69.63%

[2026-08-22 09:02:24.281] [info]  🚧 UPSCAYL_PROGRESS:  69.63%

[2026-08-22 09:02:25.009] [info]  69.88%

[2026-08-22 09:02:25.015] [info]  🎒 BACKEND REPORTED:  69.88%

[2026-08-22 09:02:25.015] [info]  🚧 UPSCAYL_PROGRESS:  69.88%

[2026-08-22 09:02:25.749] [info]  70.12%

[2026-08-22 09:02:25.752] [info]  🎒 BACKEND REPORTED:  70.12%

[2026-08-22 09:02:25.757] [info]  🚧 UPSCAYL_PROGRESS:  70.12%

[2026-08-22 09:02:26.504] [info]  70.37%

[2026-08-22 09:02:26.508] [info]  🎒 BACKEND REPORTED:  70.37%

[2026-08-22 09:02:26.510] [info]  🚧 UPSCAYL_PROGRESS:  70.37%

[2026-08-22 09:02:27.249] [info]  70.62%

[2026-08-22 09:02:27.256] [info]  🎒 BACKEND REPORTED:  70.62%

[2026-08-22 09:02:27.262] [info]  🚧 UPSCAYL_PROGRESS:  70.62%

[2026-08-22 09:02:27.997] [info]  70.86%

[2026-08-22 09:02:28.010] [info]  🎒 BACKEND REPORTED:  70.86%

[2026-08-22 09:02:28.017] [info]  🚧 UPSCAYL_PROGRESS:  70.86%

[2026-08-22 09:02:28.748] [info]  71.11%

[2026-08-22 09:02:28.757] [info]  🎒 BACKEND REPORTED:  71.11%

[2026-08-22 09:02:28.760] [info]  🚧 UPSCAYL_PROGRESS:  71.11%

[2026-08-22 09:02:29.500] [info]  71.36%

[2026-08-22 09:02:29.508] [info]  🎒 BACKEND REPORTED:  71.36%

[2026-08-22 09:02:29.511] [info]  🚧 UPSCAYL_PROGRESS:  71.36%

[2026-08-22 09:02:30.246] [info]  71.60%

[2026-08-22 09:02:30.251] [info]  🎒 BACKEND REPORTED:  71.60%

[2026-08-22 09:02:30.254] [info]  🚧 UPSCAYL_PROGRESS:  71.60%

[2026-08-22 09:02:30.984] [info]  71.85%

[2026-08-22 09:02:30.986] [info]  🎒 BACKEND REPORTED:  71.85%

[2026-08-22 09:02:30.995] [info]  🚧 UPSCAYL_PROGRESS:  71.85%

[2026-08-22 09:02:31.731] [info]  72.10%

[2026-08-22 09:02:31.737] [info]  🎒 BACKEND REPORTED:  72.10%

[2026-08-22 09:02:31.743] [info]  🚧 UPSCAYL_PROGRESS:  72.10%

[2026-08-22 09:02:32.481] [info]  72.35%

[2026-08-22 09:02:32.485] [info]  🎒 BACKEND REPORTED:  72.35%

[2026-08-22 09:02:32.488] [info]  🚧 UPSCAYL_PROGRESS:  72.35%

[2026-08-22 09:02:33.231] [info]  72.59%

[2026-08-22 09:02:33.235] [info]  🎒 BACKEND REPORTED:  72.59%

[2026-08-22 09:02:33.241] [info]  🚧 UPSCAYL_PROGRESS:  72.59%

[2026-08-22 09:02:33.980] [info]  72.84%

[2026-08-22 09:02:33.985] [info]  🎒 BACKEND REPORTED:  72.84%

[2026-08-22 09:02:33.986] [info]  🚧 UPSCAYL_PROGRESS:  72.84%

[2026-08-22 09:02:34.178] [info]  73.09%

[2026-08-22 09:02:34.180] [info]  🎒 BACKEND REPORTED:  73.09%

[2026-08-22 09:02:34.184] [info]  🚧 UPSCAYL_PROGRESS:  73.09%

[2026-08-22 09:02:34.935] [info]  73.33%

[2026-08-22 09:02:34.939] [info]  🎒 BACKEND REPORTED:  73.33%

[2026-08-22 09:02:34.949] [info]  🚧 UPSCAYL_PROGRESS:  73.33%

[2026-08-22 09:02:35.688] [info]  73.58%

[2026-08-22 09:02:35.696] [info]  🎒 BACKEND REPORTED:  73.58%

[2026-08-22 09:02:35.700] [info]  🚧 UPSCAYL_PROGRESS:  73.58%

[2026-08-22 09:02:36.439] [info]  73.83%

[2026-08-22 09:02:36.444] [info]  🎒 BACKEND REPORTED:  73.83%

[2026-08-22 09:02:36.448] [info]  🚧 UPSCAYL_PROGRESS:  73.83%

[2026-08-22 09:02:37.184] [info]  74.07%

[2026-08-22 09:02:37.189] [info]  🎒 BACKEND REPORTED:  74.07%

[2026-08-22 09:02:37.194] [info]  🚧 UPSCAYL_PROGRESS:  74.07%

[2026-08-22 09:02:37.932] [info]  74.32%

[2026-08-22 09:02:37.936] [info]  🎒 BACKEND REPORTED:  74.32%

[2026-08-22 09:02:37.949] [info]  🚧 UPSCAYL_PROGRESS:  74.32%

[2026-08-22 09:02:38.684] [info]  74.57%

[2026-08-22 09:02:38.688] [info]  🎒 BACKEND REPORTED:  74.57%

[2026-08-22 09:02:38.698] [info]  🚧 UPSCAYL_PROGRESS:  74.57%

[2026-08-22 09:02:39.429] [info]  74.81%

[2026-08-22 09:02:39.433] [info]  🎒 BACKEND REPORTED:  74.81%

[2026-08-22 09:02:39.437] [info]  🚧 UPSCAYL_PROGRESS:  74.81%

[2026-08-22 09:02:40.172] [info]  75.06%

[2026-08-22 09:02:40.179] [info]  🎒 BACKEND REPORTED:  75.06%

[2026-08-22 09:02:40.185] [info]  🚧 UPSCAYL_PROGRESS:  75.06%

[2026-08-22 09:02:40.917] [info]  75.31%

[2026-08-22 09:02:40.924] [info]  🎒 BACKEND REPORTED:  75.31%

[2026-08-22 09:02:40.926] [info]  🚧 UPSCAYL_PROGRESS:  75.31%

[2026-08-22 09:02:41.656] [info]  75.56%

[2026-08-22 09:02:41.657] [info]  🎒 BACKEND REPORTED:  75.56%

[2026-08-22 09:02:41.660] [info]  🚧 UPSCAYL_PROGRESS:  75.56%

[2026-08-22 09:02:42.394] [info]  75.80%

[2026-08-22 09:02:42.398] [info]  🎒 BACKEND REPORTED:  75.80%

[2026-08-22 09:02:42.407] [info]  🚧 UPSCAYL_PROGRESS:  75.80%

[2026-08-22 09:02:43.141] [info]  76.05%

[2026-08-22 09:02:43.145] [info]  🎒 BACKEND REPORTED:  76.05%

[2026-08-22 09:02:43.145] [info]  🚧 UPSCAYL_PROGRESS:  76.05%

[2026-08-22 09:02:43.882] [info]  76.30%

[2026-08-22 09:02:43.887] [info]  🎒 BACKEND REPORTED:  76.30%

[2026-08-22 09:02:43.897] [info]  🚧 UPSCAYL_PROGRESS:  76.30%

[2026-08-22 09:02:44.627] [info]  76.54%

[2026-08-22 09:02:44.630] [info]  🎒 BACKEND REPORTED:  76.54%

[2026-08-22 09:02:44.636] [info]  🚧 UPSCAYL_PROGRESS:  76.54%

[2026-08-22 09:02:45.367] [info]  76.79%

[2026-08-22 09:02:45.371] [info]  🎒 BACKEND REPORTED:  76.79%

[2026-08-22 09:02:45.373] [info]  🚧 UPSCAYL_PROGRESS:  76.79%

[2026-08-22 09:02:46.112] [info]  77.04%

[2026-08-22 09:02:46.120] [info]  🎒 BACKEND REPORTED:  77.04%

[2026-08-22 09:02:46.122] [info]  🚧 UPSCAYL_PROGRESS:  77.04%

[2026-08-22 09:02:46.860] [info]  77.28%

[2026-08-22 09:02:46.870] [info]  🎒 BACKEND REPORTED:  77.28%

[2026-08-22 09:02:46.872] [info]  🚧 UPSCAYL_PROGRESS:  77.28%

[2026-08-22 09:02:47.610] [info]  77.53%

[2026-08-22 09:02:47.616] [info]  🎒 BACKEND REPORTED:  77.53%

[2026-08-22 09:02:47.621] [info]  🚧 UPSCAYL_PROGRESS:  77.53%

[2026-08-22 09:02:48.356] [info]  77.78%

[2026-08-22 09:02:48.361] [info]  🎒 BACKEND REPORTED:  77.78%

[2026-08-22 09:02:48.365] [info]  🚧 UPSCAYL_PROGRESS:  77.78%

[2026-08-22 09:02:49.103] [info]  78.02%

[2026-08-22 09:02:49.105] [info]  🎒 BACKEND REPORTED:  78.02%

[2026-08-22 09:02:49.106] [info]  🚧 UPSCAYL_PROGRESS:  78.02%

[2026-08-22 09:02:49.850] [info]  78.27%

[2026-08-22 09:02:49.858] [info]  🎒 BACKEND REPORTED:  78.27%

[2026-08-22 09:02:49.865] [info]  🚧 UPSCAYL_PROGRESS:  78.27%

[2026-08-22 09:02:50.606] [info]  78.52%

[2026-08-22 09:02:50.616] [info]  🎒 BACKEND REPORTED:  78.52%

[2026-08-22 09:02:50.616] [info]  🚧 UPSCAYL_PROGRESS:  78.52%

[2026-08-22 09:02:51.346] [info]  78.77%

[2026-08-22 09:02:51.351] [info]  🎒 BACKEND REPORTED:  78.77%

[2026-08-22 09:02:51.351] [info]  🚧 UPSCAYL_PROGRESS:  78.77%

[2026-08-22 09:02:52.085] [info]  79.01%

[2026-08-22 09:02:52.089] [info]  🎒 BACKEND REPORTED:  79.01%

[2026-08-22 09:02:52.091] [info]  🚧 UPSCAYL_PROGRESS:  79.01%

[2026-08-22 09:02:52.837] [info]  79.26%

[2026-08-22 09:02:52.842] [info]  🎒 BACKEND REPORTED:  79.26%

[2026-08-22 09:02:52.849] [info]  🚧 UPSCAYL_PROGRESS:  79.26%

[2026-08-22 09:02:53.596] [info]  79.51%

[2026-08-22 09:02:53.601] [info]  🎒 BACKEND REPORTED:  79.51%

[2026-08-22 09:02:53.609] [info]  🚧 UPSCAYL_PROGRESS:  79.51%

[2026-08-22 09:02:53.805] [info]  79.75%

[2026-08-22 09:02:53.808] [info]  🎒 BACKEND REPORTED:  79.75%

[2026-08-22 09:02:53.813] [info]  🚧 UPSCAYL_PROGRESS:  79.75%

[2026-08-22 09:02:54.577] [info]  80.00%

[2026-08-22 09:02:54.578] [info]  🎒 BACKEND REPORTED:  80.00%

[2026-08-22 09:02:54.581] [info]  🚧 UPSCAYL_PROGRESS:  80.00%

[2026-08-22 09:02:55.320] [info]  80.25%

[2026-08-22 09:02:55.326] [info]  🎒 BACKEND REPORTED:  80.25%

[2026-08-22 09:02:55.328] [info]  🚧 UPSCAYL_PROGRESS:  80.25%

[2026-08-22 09:02:56.068] [info]  80.49%

[2026-08-22 09:02:56.072] [info]  🎒 BACKEND REPORTED:  80.49%

[2026-08-22 09:02:56.077] [info]  🚧 UPSCAYL_PROGRESS:  80.49%

[2026-08-22 09:02:56.814] [info]  80.74%

[2026-08-22 09:02:56.818] [info]  🎒 BACKEND REPORTED:  80.74%

[2026-08-22 09:02:56.823] [info]  🚧 UPSCAYL_PROGRESS:  80.74%

[2026-08-22 09:02:57.568] [info]  80.99%

[2026-08-22 09:02:57.573] [info]  🎒 BACKEND REPORTED:  80.99%

[2026-08-22 09:02:57.579] [info]  🚧 UPSCAYL_PROGRESS:  80.99%

[2026-08-22 09:02:58.318] [info]  81.23%

[2026-08-22 09:02:58.326] [info]  🎒 BACKEND REPORTED:  81.23%

[2026-08-22 09:02:58.327] [info]  🚧 UPSCAYL_PROGRESS:  81.23%

[2026-08-22 09:02:59.065] [info]  81.48%

[2026-08-22 09:02:59.067] [info]  🎒 BACKEND REPORTED:  81.48%

[2026-08-22 09:02:59.077] [info]  🚧 UPSCAYL_PROGRESS:  81.48%

[2026-08-22 09:02:59.820] [info]  81.73%

[2026-08-22 09:02:59.828] [info]  🎒 BACKEND REPORTED:  81.73%

[2026-08-22 09:02:59.836] [info]  🚧 UPSCAYL_PROGRESS:  81.73%

[2026-08-22 09:03:00.581] [info]  81.98%

[2026-08-22 09:03:00.584] [info]  🎒 BACKEND REPORTED:  81.98%

[2026-08-22 09:03:00.594] [info]  🚧 UPSCAYL_PROGRESS:  81.98%

[2026-08-22 09:03:01.337] [info]  82.22%

[2026-08-22 09:03:01.340] [info]  🎒 BACKEND REPORTED:  82.22%

[2026-08-22 09:03:01.345] [info]  🚧 UPSCAYL_PROGRESS:  82.22%

[2026-08-22 09:03:02.075] [info]  82.47%

[2026-08-22 09:03:02.078] [info]  🎒 BACKEND REPORTED:  82.47%

[2026-08-22 09:03:02.087] [info]  🚧 UPSCAYL_PROGRESS:  82.47%

[2026-08-22 09:03:02.820] [info]  82.72%

[2026-08-22 09:03:02.827] [info]  🎒 BACKEND REPORTED:  82.72%

[2026-08-22 09:03:02.832] [info]  🚧 UPSCAYL_PROGRESS:  82.72%

[2026-08-22 09:03:03.570] [info]  82.96%

[2026-08-22 09:03:03.575] [info]  🎒 BACKEND REPORTED:  82.96%

[2026-08-22 09:03:03.583] [info]  🚧 UPSCAYL_PROGRESS:  82.96%

[2026-08-22 09:03:04.322] [info]  83.21%

[2026-08-22 09:03:04.324] [info]  🎒 BACKEND REPORTED:  83.21%

[2026-08-22 09:03:04.328] [info]  🚧 UPSCAYL_PROGRESS:  83.21%

[2026-08-22 09:03:05.067] [info]  83.46%

[2026-08-22 09:03:05.069] [info]  🎒 BACKEND REPORTED:  83.46%

[2026-08-22 09:03:05.074] [info]  🚧 UPSCAYL_PROGRESS:  83.46%

[2026-08-22 09:03:05.819] [info]  83.70%

[2026-08-22 09:03:05.824] [info]  🎒 BACKEND REPORTED:  83.70%

[2026-08-22 09:03:05.831] [info]  🚧 UPSCAYL_PROGRESS:  83.70%

[2026-08-22 09:03:06.566] [info]  83.95%

[2026-08-22 09:03:06.574] [info]  🎒 BACKEND REPORTED:  83.95%

[2026-08-22 09:03:06.576] [info]  🚧 UPSCAYL_PROGRESS:  83.95%

[2026-08-22 09:03:07.313] [info]  84.20%

[2026-08-22 09:03:07.319] [info]  🎒 BACKEND REPORTED:  84.20%

[2026-08-22 09:03:07.326] [info]  🚧 UPSCAYL_PROGRESS:  84.20%

[2026-08-22 09:03:08.056] [info]  84.44%

[2026-08-22 09:03:08.060] [info]  🎒 BACKEND REPORTED:  84.44%

[2026-08-22 09:03:08.061] [info]  🚧 UPSCAYL_PROGRESS:  84.44%

[2026-08-22 09:03:08.793] [info]  84.69%

[2026-08-22 09:03:08.797] [info]  🎒 BACKEND REPORTED:  84.69%

[2026-08-22 09:03:08.802] [info]  🚧 UPSCAYL_PROGRESS:  84.69%

[2026-08-22 09:03:09.544] [info]  84.94%

[2026-08-22 09:03:09.552] [info]  🎒 BACKEND REPORTED:  84.94%

[2026-08-22 09:03:09.555] [info]  🚧 UPSCAYL_PROGRESS:  84.94%

[2026-08-22 09:03:10.295] [info]  85.19%

[2026-08-22 09:03:10.300] [info]  🎒 BACKEND REPORTED:  85.19%

[2026-08-22 09:03:10.307] [info]  🚧 UPSCAYL_PROGRESS:  85.19%

[2026-08-22 09:03:11.041] [info]  85.43%

[2026-08-22 09:03:11.044] [info]  🎒 BACKEND REPORTED:  85.43%

[2026-08-22 09:03:11.052] [info]  🚧 UPSCAYL_PROGRESS:  85.43%

[2026-08-22 09:03:11.785] [info]  85.68%

[2026-08-22 09:03:11.791] [info]  🎒 BACKEND REPORTED:  85.68%

[2026-08-22 09:03:11.793] [info]  🚧 UPSCAYL_PROGRESS:  85.68%

[2026-08-22 09:03:12.533] [info]  85.93%

[2026-08-22 09:03:12.537] [info]  🎒 BACKEND REPORTED:  85.93%

[2026-08-22 09:03:12.542] [info]  🚧 UPSCAYL_PROGRESS:  85.93%

[2026-08-22 09:03:13.277] [info]  86.17%

[2026-08-22 09:03:13.283] [info]  🎒 BACKEND REPORTED:  86.17%

[2026-08-22 09:03:13.285] [info]  🚧 UPSCAYL_PROGRESS:  86.17%

[2026-08-22 09:03:13.480] [info]  86.42%

[2026-08-22 09:03:13.485] [info]  🎒 BACKEND REPORTED:  86.42%

[2026-08-22 09:03:13.494] [info]  🚧 UPSCAYL_PROGRESS:  86.42%

[2026-08-22 09:03:14.244] [info]  86.67%

[2026-08-22 09:03:14.249] [info]  🎒 BACKEND REPORTED:  86.67%

[2026-08-22 09:03:14.256] [info]  🚧 UPSCAYL_PROGRESS:  86.67%

[2026-08-22 09:03:14.989] [info]  86.91%

[2026-08-22 09:03:14.992] [info]  🎒 BACKEND REPORTED:  86.91%

[2026-08-22 09:03:14.999] [info]  🚧 UPSCAYL_PROGRESS:  86.91%

[2026-08-22 09:03:15.739] [info]  87.16%

[2026-08-22 09:03:15.743] [info]  🎒 BACKEND REPORTED:  87.16%

[2026-08-22 09:03:15.750] [info]  🚧 UPSCAYL_PROGRESS:  87.16%

[2026-08-22 09:03:16.493] [info]  87.41%

[2026-08-22 09:03:16.500] [info]  🎒 BACKEND REPORTED:  87.41%

[2026-08-22 09:03:16.506] [info]  🚧 UPSCAYL_PROGRESS:  87.41%

[2026-08-22 09:03:17.236] [info]  87.65%

[2026-08-22 09:03:17.241] [info]  🎒 BACKEND REPORTED:  87.65%

[2026-08-22 09:03:17.244] [info]  🚧 UPSCAYL_PROGRESS:  87.65%

[2026-08-22 09:03:17.986] [info]  87.90%

[2026-08-22 09:03:17.988] [info]  🎒 BACKEND REPORTED:  87.90%

[2026-08-22 09:03:17.995] [info]  🚧 UPSCAYL_PROGRESS:  87.90%

[2026-08-22 09:03:18.737] [info]  88.15%

[2026-08-22 09:03:18.744] [info]  🎒 BACKEND REPORTED:  88.15%

[2026-08-22 09:03:18.746] [info]  🚧 UPSCAYL_PROGRESS:  88.15%

[2026-08-22 09:03:19.485] [info]  88.40%

[2026-08-22 09:03:19.489] [info]  🎒 BACKEND REPORTED:  88.40%

[2026-08-22 09:03:19.492] [info]  🚧 UPSCAYL_PROGRESS:  88.40%

[2026-08-22 09:03:20.233] [info]  88.64%

[2026-08-22 09:03:20.242] [info]  🎒 BACKEND REPORTED:  88.64%

[2026-08-22 09:03:20.244] [info]  🚧 UPSCAYL_PROGRESS:  88.64%

[2026-08-22 09:03:20.980] [info]  88.89%

[2026-08-22 09:03:20.989] [info]  🎒 BACKEND REPORTED:  88.89%

[2026-08-22 09:03:20.996] [info]  🚧 UPSCAYL_PROGRESS:  88.89%

[2026-08-22 09:03:21.733] [info]  89.14%

[2026-08-22 09:03:21.741] [info]  🎒 BACKEND REPORTED:  89.14%

[2026-08-22 09:03:21.743] [info]  🚧 UPSCAYL_PROGRESS:  89.14%

[2026-08-22 09:03:22.490] [info]  89.38%

[2026-08-22 09:03:22.496] [info]  🎒 BACKEND REPORTED:  89.38%

[2026-08-22 09:03:22.504] [info]  🚧 UPSCAYL_PROGRESS:  89.38%

[2026-08-22 09:03:23.238] [info]  89.63%

[2026-08-22 09:03:23.246] [info]  🎒 BACKEND REPORTED:  89.63%

[2026-08-22 09:03:23.250] [info]  🚧 UPSCAYL_PROGRESS:  89.63%

[2026-08-22 09:03:23.990] [info]  89.88%

[2026-08-22 09:03:23.996] [info]  🎒 BACKEND REPORTED:  89.88%

[2026-08-22 09:03:24.001] [info]  🚧 UPSCAYL_PROGRESS:  89.88%

[2026-08-22 09:03:24.738] [info]  90.12%

[2026-08-22 09:03:24.741] [info]  🎒 BACKEND REPORTED:  90.12%

[2026-08-22 09:03:24.746] [info]  🚧 UPSCAYL_PROGRESS:  90.12%

[2026-08-22 09:03:25.486] [info]  90.37%

[2026-08-22 09:03:25.490] [info]  🎒 BACKEND REPORTED:  90.37%

[2026-08-22 09:03:25.493] [info]  🚧 UPSCAYL_PROGRESS:  90.37%

[2026-08-22 09:03:26.234] [info]  90.62%

[2026-08-22 09:03:26.241] [info]  🎒 BACKEND REPORTED:  90.62%

[2026-08-22 09:03:26.244] [info]  🚧 UPSCAYL_PROGRESS:  90.62%

[2026-08-22 09:03:26.978] [info]  90.86%

[2026-08-22 09:03:26.986] [info]  🎒 BACKEND REPORTED:  90.86%

[2026-08-22 09:03:26.989] [info]  🚧 UPSCAYL_PROGRESS:  90.86%

[2026-08-22 09:03:27.720] [info]  91.11%

[2026-08-22 09:03:27.725] [info]  🎒 BACKEND REPORTED:  91.11%

[2026-08-22 09:03:27.734] [info]  🚧 UPSCAYL_PROGRESS:  91.11%

[2026-08-22 09:03:28.464] [info]  91.36%

[2026-08-22 09:03:28.470] [info]  🎒 BACKEND REPORTED:  91.36%

[2026-08-22 09:03:28.477] [info]  🚧 UPSCAYL_PROGRESS:  91.36%

[2026-08-22 09:03:29.215] [info]  91.60%

[2026-08-22 09:03:29.223] [info]  🎒 BACKEND REPORTED:  91.60%

[2026-08-22 09:03:29.232] [info]  🚧 UPSCAYL_PROGRESS:  91.60%

[2026-08-22 09:03:29.973] [info]  91.85%

[2026-08-22 09:03:29.981] [info]  🎒 BACKEND REPORTED:  91.85%

[2026-08-22 09:03:29.991] [info]  🚧 UPSCAYL_PROGRESS:  91.85%

[2026-08-22 09:03:30.724] [info]  92.10%

[2026-08-22 09:03:30.726] [info]  🎒 BACKEND REPORTED:  92.10%

[2026-08-22 09:03:30.736] [info]  🚧 UPSCAYL_PROGRESS:  92.10%

[2026-08-22 09:03:31.473] [info]  92.35%

[2026-08-22 09:03:31.478] [info]  🎒 BACKEND REPORTED:  92.35%

[2026-08-22 09:03:31.482] [info]  🚧 UPSCAYL_PROGRESS:  92.35%

[2026-08-22 09:03:32.218] [info]  92.59%

[2026-08-22 09:03:32.223] [info]  🎒 BACKEND REPORTED:  92.59%

[2026-08-22 09:03:32.225] [info]  🚧 UPSCAYL_PROGRESS:  92.59%

[2026-08-22 09:03:32.966] [info]  92.84%

[2026-08-22 09:03:32.973] [info]  🎒 BACKEND REPORTED:  92.84%

[2026-08-22 09:03:32.977] [info]  🚧 UPSCAYL_PROGRESS:  92.84%

[2026-08-22 09:03:33.172] [info]  93.09%

[2026-08-22 09:03:33.178] [info]  🎒 BACKEND REPORTED:  93.09%

[2026-08-22 09:03:33.182] [info]  🚧 UPSCAYL_PROGRESS:  93.09%

[2026-08-22 09:03:33.707] [info]  93.33%

[2026-08-22 09:03:33.716] [info]  🎒 BACKEND REPORTED:  93.33%

[2026-08-22 09:03:33.721] [info]  🚧 UPSCAYL_PROGRESS:  93.33%

[2026-08-22 09:03:34.213] [info]  93.58%

[2026-08-22 09:03:34.218] [info]  🎒 BACKEND REPORTED:  93.58%

[2026-08-22 09:03:34.220] [info]  🚧 UPSCAYL_PROGRESS:  93.58%

[2026-08-22 09:03:34.719] [info]  93.83%

[2026-08-22 09:03:34.724] [info]  🎒 BACKEND REPORTED:  93.83%

[2026-08-22 09:03:34.737] [info]  🚧 UPSCAYL_PROGRESS:  93.83%

[2026-08-22 09:03:35.223] [info]  94.07%

[2026-08-22 09:03:35.228] [info]  🎒 BACKEND REPORTED:  94.07%

[2026-08-22 09:03:35.230] [info]  🚧 UPSCAYL_PROGRESS:  94.07%

[2026-08-22 09:03:35.730] [info]  94.32%

[2026-08-22 09:03:35.735] [info]  🎒 BACKEND REPORTED:  94.32%

[2026-08-22 09:03:35.741] [info]  🚧 UPSCAYL_PROGRESS:  94.32%

[2026-08-22 09:03:36.239] [info]  94.57%

[2026-08-22 09:03:36.244] [info]  🎒 BACKEND REPORTED:  94.57%

[2026-08-22 09:03:36.247] [info]  🚧 UPSCAYL_PROGRESS:  94.57%

[2026-08-22 09:03:36.745] [info]  94.81%

[2026-08-22 09:03:36.749] [info]  🎒 BACKEND REPORTED:  94.81%

[2026-08-22 09:03:36.757] [info]  🚧 UPSCAYL_PROGRESS:  94.81%

[2026-08-22 09:03:37.263] [info]  95.06%

[2026-08-22 09:03:37.269] [info]  🎒 BACKEND REPORTED:  95.06%

[2026-08-22 09:03:37.274] [info]  🚧 UPSCAYL_PROGRESS:  95.06%

[2026-08-22 09:03:37.770] [info]  95.31%

[2026-08-22 09:03:37.772] [info]  🎒 BACKEND REPORTED:  95.31%

[2026-08-22 09:03:37.781] [info]  🚧 UPSCAYL_PROGRESS:  95.31%

[2026-08-22 09:03:38.279] [info]  95.56%

[2026-08-22 09:03:38.284] [info]  🎒 BACKEND REPORTED:  95.56%

[2026-08-22 09:03:38.291] [info]  🚧 UPSCAYL_PROGRESS:  95.56%

[2026-08-22 09:03:38.780] [info]  95.80%

[2026-08-22 09:03:38.785] [info]  🎒 BACKEND REPORTED:  95.80%

[2026-08-22 09:03:38.794] [info]  🚧 UPSCAYL_PROGRESS:  95.80%

[2026-08-22 09:03:39.288] [info]  96.05%

[2026-08-22 09:03:39.291] [info]  🎒 BACKEND REPORTED:  96.05%

[2026-08-22 09:03:39.292] [info]  🚧 UPSCAYL_PROGRESS:  96.05%

[2026-08-22 09:03:39.790] [info]  96.30%

[2026-08-22 09:03:39.793] [info]  🎒 BACKEND REPORTED:  96.30%

[2026-08-22 09:03:39.798] [info]  🚧 UPSCAYL_PROGRESS:  96.30%

[2026-08-22 09:03:40.301] [info]  96.54%

[2026-08-22 09:03:40.303] [info]  🎒 BACKEND REPORTED:  96.54%

[2026-08-22 09:03:40.306] [info]  🚧 UPSCAYL_PROGRESS:  96.54%

[2026-08-22 09:03:40.809] [info]  96.79%

[2026-08-22 09:03:40.811] [info]  🎒 BACKEND REPORTED:  96.79%

[2026-08-22 09:03:40.815] [info]  🚧 UPSCAYL_PROGRESS:  96.79%

[2026-08-22 09:03:41.319] [info]  97.04%

[2026-08-22 09:03:41.325] [info]  🎒 BACKEND REPORTED:  97.04%

[2026-08-22 09:03:41.326] [info]  🚧 UPSCAYL_PROGRESS:  97.04%

[2026-08-22 09:03:41.825] [info]  97.28%

[2026-08-22 09:03:41.832] [info]  🎒 BACKEND REPORTED:  97.28%

[2026-08-22 09:03:41.837] [info]  🚧 UPSCAYL_PROGRESS:  97.28%

[2026-08-22 09:03:42.337] [info]  97.53%

[2026-08-22 09:03:42.338] [info]  🎒 BACKEND REPORTED:  97.53%

[2026-08-22 09:03:42.338] [info]  🚧 UPSCAYL_PROGRESS:  97.53%

[2026-08-22 09:03:42.847] [info]  97.78%

[2026-08-22 09:03:42.850] [info]  🎒 BACKEND REPORTED:  97.78%

[2026-08-22 09:03:42.855] [info]  🚧 UPSCAYL_PROGRESS:  97.78%

[2026-08-22 09:03:43.357] [info]  98.02%

[2026-08-22 09:03:43.361] [info]  🎒 BACKEND REPORTED:  98.02%

[2026-08-22 09:03:43.362] [info]  🚧 UPSCAYL_PROGRESS:  98.02%

[2026-08-22 09:03:43.858] [info]  98.27%

[2026-08-22 09:03:43.862] [info]  🎒 BACKEND REPORTED:  98.27%

[2026-08-22 09:03:43.866] [info]  🚧 UPSCAYL_PROGRESS:  98.27%

[2026-08-22 09:03:44.371] [info]  98.52%

[2026-08-22 09:03:44.375] [info]  🎒 BACKEND REPORTED:  98.52%

[2026-08-22 09:03:44.378] [info]  🚧 UPSCAYL_PROGRESS:  98.52%

[2026-08-22 09:03:44.876] [info]  98.77%

[2026-08-22 09:03:44.878] [info]  🎒 BACKEND REPORTED:  98.77%

[2026-08-22 09:03:44.878] [info]  🚧 UPSCAYL_PROGRESS:  98.77%

[2026-08-22 09:03:45.370] [info]  99.01%

[2026-08-22 09:03:45.371] [info]  🎒 BACKEND REPORTED:  99.01%

[2026-08-22 09:03:45.371] [info]  🚧 UPSCAYL_PROGRESS:  99.01%

[2026-08-22 09:03:45.864] [info]  99.26%

[2026-08-22 09:03:45.867] [info]  🎒 BACKEND REPORTED:  99.26%

[2026-08-22 09:03:45.867] [info]  🚧 UPSCAYL_PROGRESS:  99.26%

[2026-08-22 09:03:46.359] [info]  99.51%

[2026-08-22 09:03:46.361] [info]  🎒 BACKEND REPORTED:  99.51%

[2026-08-22 09:03:46.364] [info]  🚧 UPSCAYL_PROGRESS:  99.51%

[2026-08-22 09:03:46.501] [info]  99.75%

[2026-08-22 09:03:46.502] [info]  🎒 BACKEND REPORTED:  99.75%

[2026-08-22 09:03:46.503] [info]  🚧 UPSCAYL_PROGRESS:  99.75%

[2026-08-22 09:04:20.646] [info]  100.00%

🙌 Upscayled Successfully!

[2026-08-22 09:04:20.652] [info]  🎒 BACKEND REPORTED:  100.00%

🙌 Upscayled Successfully!

[2026-08-22 09:04:20.655] [info]  🚧 UPSCAYL_PROGRESS:  100.00%

🙌 Upscayled Successfully!

[2026-08-22 09:04:20.741] [info]  💯 Done upscaling
[2026-08-22 09:04:20.756] [info]  🎒 BACKEND REPORTED:  💯 Done upscaling
[2026-08-22 09:04:20.756] [info]  upscaledImagePath:  /home/michael/.config/omarchy/themes/hurleyus/backgrounds/6-hurleyus_upscayl_4x_upscayl-standard-4x.png
[2026-08-22 09:04:20.756] [info]  💯 UPSCAYL_DONE:  /home/michael/.config/omarchy/themes/hurleyus/backgrounds/6-hurleyus_upscayl_4x_upscayl-standard-4x.png
[2026-08-22 09:26:50.273] [info]  🔄 Resetting image paths
[2026-08-22 09:26:55.354] [info]  📁 Updating Folder Path:  /home/michael/.config/omarchy/themes/hurleyus/backgrounds
[2026-08-22 09:26:55.354] [info]  📁 Selected Folder Path:  /home/michael/.config/omarchy/themes/hurleyus/backgrounds
[2026-08-22 09:26:55.359] [info]  🎒 BACKEND REPORTED:  📁 Updating Folder Path:  /home/michael/.config/omarchy/themes/hurleyus/backgrounds
[2026-08-22 09:26:55.362] [info]  🎒 BACKEND REPORTED:  📁 Selected Folder Path:  /home/michael/.config/omarchy/themes/hurleyus/backgrounds
[2026-08-22 09:26:55.362] [info]  🖼 Selected Folder Path:  /home/michael/.config/omarchy/themes/hurleyus/backgrounds
[2026-08-22 09:27:01.643] [info]  🔄 Resetting Upscaled Image Path
[2026-08-22 09:27:01.653] [info]  📢 Upscayl Command:  [
  '-i',
  '/home/michael/.config/omarchy/themes/hurleyus/backgrounds',
  '-o',
  '/home/michael/.config/omarchy/themes/hurleyus/backgrounds/upscayl_png_upscayl-standard-4x_2x',
  '-s',
  '2',
  '-m',
  '/usr/lib/upscayl/models',
  '-n',
  'upscayl-standard-4x',
  '-f',
  'png',
  '-c',
  '0'
]
[2026-08-22 09:27:01.670] [info]  🛑 Updating Stopped:  false
[2026-08-22 09:27:01.673] [info]  🏁 FOLDER_UPSCAYL
[2026-08-22 09:27:01.681] [info]  🎒 BACKEND REPORTED:  📢 Upscayl Command:  -i,/home/michael/.config/omarchy/themes/hurleyus/backgrounds,-o,/home/michael/.config/omarchy/themes/hurleyus/backgrounds/upscayl_png_upscayl-standard-4x_2x,-s,2,-m,/usr/lib/upscayl/models,-n,upscayl-standard-4x,-f,png,-c,0
[2026-08-22 09:27:01.682] [info]  🎒 BACKEND REPORTED:  🛑 Updating Stopped:  false
[2026-08-22 09:27:01.683] [info]  🚧 FOLDER_UPSCAYL_PROGRESS:  🚀 Starting Upscayl - Copyright © 2024
✨ Detected scale x4
✨ Using the default scale x4

[2026-08-22 09:27:01.685] [info]  🚧 FOLDER_UPSCAYL_PROGRESS:  [0 Apple M1 Pro (G13S C0)]  queueC=0[1]  queueG=0[1]  queueT=0[1]
[0 Apple M1 Pro (G13S C0)]  bugsbn1=0  bugbilz=0  bugcopc=0  bugihfa=0
[0 Apple M1 Pro (G13S C0)]  fp16-p/s/a=1/1/1  int8-p/s/a=1/1/1
[0 Apple M1 Pro (G13S C0)]  subgroup=32  basic=1  vote=1  ballot=1  shuffle=1
[1 llvmpipe (LLVM 22.1.8, 128 bits)]  queueC=0[1]  queueG=0[1]  queueT=0[1]
[1 llvmpipe (LLVM 22.1.8, 128 bits)]  bugsbn1=0  bugbilz=0  bugcopc=0  bugihfa=0
[1 llvmpipe (LLVM 22.1.8, 128 bits)]  fp16-p/s/a=1/1/1  int8-p/s/a=1/1/1
[1 llvmpipe (LLVM 22.1.8, 128 bits)]  subgroup=4  basic=1  vote=1  ballot=1  shuffle=1

[2026-08-22 09:27:03.058] [info]  🚧 FOLDER_UPSCAYL_PROGRESS:  0.00%

[2026-08-22 09:27:03.797] [info]  🚧 FOLDER_UPSCAYL_PROGRESS:  0.25%

[2026-08-22 09:27:04.531] [info]  🚧 FOLDER_UPSCAYL_PROGRESS:  0.49%

[2026-08-22 09:27:05.319] [info]  🚧 FOLDER_UPSCAYL_PROGRESS:  0.74%

[2026-08-22 09:27:06.241] [info]  🚧 FOLDER_UPSCAYL_PROGRESS:  0.99%

[2026-08-22 09:27:06.932] [info]  🚧 FOLDER_UPSCAYL_PROGRESS:  1.23%

[2026-08-22 09:27:07.665] [info]  🚧 FOLDER_UPSCAYL_PROGRESS:  1.48%

[2026-08-22 09:27:08.430] [info]  🚧 FOLDER_UPSCAYL_PROGRESS:  1.73%

[2026-08-22 09:27:09.155] [info]  🚧 FOLDER_UPSCAYL_PROGRESS:  1.98%

[2026-08-22 09:27:09.905] [info]  🚧 FOLDER_UPSCAYL_PROGRESS:  2.22%

[2026-08-22 09:27:10.643] [info]  🚧 FOLDER_UPSCAYL_PROGRESS:  2.47%

[2026-08-22 09:27:11.402] [info]  🚧 FOLDER_UPSCAYL_PROGRESS:  2.72%

[2026-08-22 09:27:12.159] [info]  🚧 FOLDER_UPSCAYL_PROGRESS:  2.96%

[2026-08-22 09:27:12.903] [info]  🚧 FOLDER_UPSCAYL_PROGRESS:  3.21%

[2026-08-22 09:27:13.650] [info]  🚧 FOLDER_UPSCAYL_PROGRESS:  3.46%

[2026-08-22 09:27:14.405] [info]  🚧 FOLDER_UPSCAYL_PROGRESS:  3.70%

[2026-08-22 09:27:15.152] [info]  🚧 FOLDER_UPSCAYL_PROGRESS:  3.95%

[2026-08-22 09:27:15.909] [info]  🚧 FOLDER_UPSCAYL_PROGRESS:  4.20%

[2026-08-22 09:27:16.662] [info]  🚧 FOLDER_UPSCAYL_PROGRESS:  4.44%

[2026-08-22 09:27:17.409] [info]  🚧 FOLDER_UPSCAYL_PROGRESS:  4.69%

[2026-08-22 09:27:18.156] [info]  🚧 FOLDER_UPSCAYL_PROGRESS:  4.94%

[2026-08-22 09:27:18.906] [info]  🚧 FOLDER_UPSCAYL_PROGRESS:  5.19%

[2026-08-22 09:27:19.652] [info]  🚧 FOLDER_UPSCAYL_PROGRESS:  5.43%

[2026-08-22 09:27:20.395] [info]  🚧 FOLDER_UPSCAYL_PROGRESS:  5.68%

[2026-08-22 09:27:21.141] [info]  🚧 FOLDER_UPSCAYL_PROGRESS:  5.93%

[2026-08-22 09:27:21.889] [info]  🚧 FOLDER_UPSCAYL_PROGRESS:  6.17%

[2026-08-22 09:27:22.102] [info]  🚧 FOLDER_UPSCAYL_PROGRESS:  6.42%

[2026-08-22 09:27:22.873] [info]  🚧 FOLDER_UPSCAYL_PROGRESS:  6.67%

[2026-08-22 09:27:23.597] [info]  🚧 FOLDER_UPSCAYL_PROGRESS:  6.91%

[2026-08-22 09:27:24.334] [info]  🚧 FOLDER_UPSCAYL_PROGRESS:  7.16%

[2026-08-22 09:27:25.085] [info]  🚧 FOLDER_UPSCAYL_PROGRESS:  7.41%

[2026-08-22 09:27:25.822] [info]  🚧 FOLDER_UPSCAYL_PROGRESS:  7.65%

[2026-08-22 09:27:26.556] [info]  🚧 FOLDER_UPSCAYL_PROGRESS:  7.90%

[2026-08-22 09:27:27.287] [info]  🚧 FOLDER_UPSCAYL_PROGRESS:  8.15%

[2026-08-22 09:27:28.037] [info]  🚧 FOLDER_UPSCAYL_PROGRESS:  8.40%

[2026-08-22 09:27:28.776] [info]  🚧 FOLDER_UPSCAYL_PROGRESS:  8.64%

[2026-08-22 09:27:29.522] [info]  🚧 FOLDER_UPSCAYL_PROGRESS:  8.89%

[2026-08-22 09:27:30.274] [info]  🚧 FOLDER_UPSCAYL_PROGRESS:  9.14%

[2026-08-22 09:27:31.011] [info]  🚧 FOLDER_UPSCAYL_PROGRESS:  9.38%

[2026-08-22 09:27:31.761] [info]  🚧 FOLDER_UPSCAYL_PROGRESS:  9.63%

[2026-08-22 09:27:32.504] [info]  🚧 FOLDER_UPSCAYL_PROGRESS:  9.88%

[2026-08-22 09:27:33.248] [info]  🚧 FOLDER_UPSCAYL_PROGRESS:  10.12%

[2026-08-22 09:27:34.003] [info]  🚧 FOLDER_UPSCAYL_PROGRESS:  10.37%

[2026-08-22 09:27:34.757] [info]  🚧 FOLDER_UPSCAYL_PROGRESS:  10.62%

[2026-08-22 09:27:35.506] [info]  🚧 FOLDER_UPSCAYL_PROGRESS:  10.86%

[2026-08-22 09:27:36.267] [info]  🚧 FOLDER_UPSCAYL_PROGRESS:  11.11%

[2026-08-22 09:27:37.014] [info]  🚧 FOLDER_UPSCAYL_PROGRESS:  11.36%

[2026-08-22 09:27:37.762] [info]  🚧 FOLDER_UPSCAYL_PROGRESS:  11.60%

[2026-08-22 09:27:38.508] [info]  🚧 FOLDER_UPSCAYL_PROGRESS:  11.85%

[2026-08-22 09:27:39.256] [info]  🚧 FOLDER_UPSCAYL_PROGRESS:  12.10%

[2026-08-22 09:27:40.000] [info]  🚧 FOLDER_UPSCAYL_PROGRESS:  12.35%

[2026-08-22 09:27:40.749] [info]  🚧 FOLDER_UPSCAYL_PROGRESS:  12.59%

[2026-08-22 09:27:41.502] [info]  🚧 FOLDER_UPSCAYL_PROGRESS:  12.84%

[2026-08-22 09:27:41.704] [info]  🚧 FOLDER_UPSCAYL_PROGRESS:  13.09%

[2026-08-22 09:27:42.458] [info]  🚧 FOLDER_UPSCAYL_PROGRESS:  13.33%

[2026-08-22 09:27:43.223] [info]  🚧 FOLDER_UPSCAYL_PROGRESS:  13.58%

[2026-08-22 09:27:43.945] [info]  🚧 FOLDER_UPSCAYL_PROGRESS:  13.83%

[2026-08-22 09:27:44.683] [info]  🚧 FOLDER_UPSCAYL_PROGRESS:  14.07%

[2026-08-22 09:27:45.419] [info]  🚧 FOLDER_UPSCAYL_PROGRESS:  14.32%

[2026-08-22 09:27:46.155] [info]  🚧 FOLDER_UPSCAYL_PROGRESS:  14.57%

[2026-08-22 09:27:46.899] [info]  🚧 FOLDER_UPSCAYL_PROGRESS:  14.81%

[2026-08-22 09:27:47.636] [info]  🚧 FOLDER_UPSCAYL_PROGRESS:  15.06%

[2026-08-22 09:27:48.385] [info]  🚧 FOLDER_UPSCAYL_PROGRESS:  15.31%

[2026-08-22 09:27:49.134] [info]  🚧 FOLDER_UPSCAYL_PROGRESS:  15.56%

[2026-08-22 09:27:49.875] [info]  🚧 FOLDER_UPSCAYL_PROGRESS:  15.80%

[2026-08-22 09:27:50.610] [info]  🚧 FOLDER_UPSCAYL_PROGRESS:  16.05%

[2026-08-22 09:27:51.351] [info]  🚧 FOLDER_UPSCAYL_PROGRESS:  16.30%

[2026-08-22 09:27:52.100] [info]  🚧 FOLDER_UPSCAYL_PROGRESS:  16.54%

[2026-08-22 09:27:52.836] [info]  🚧 FOLDER_UPSCAYL_PROGRESS:  16.79%

[2026-08-22 09:27:53.583] [info]  🚧 FOLDER_UPSCAYL_PROGRESS:  17.04%

[2026-08-22 09:27:54.332] [info]  🚧 FOLDER_UPSCAYL_PROGRESS:  17.28%

[2026-08-22 09:27:55.086] [info]  🚧 FOLDER_UPSCAYL_PROGRESS:  17.53%

[2026-08-22 09:27:55.838] [info]  🚧 FOLDER_UPSCAYL_PROGRESS:  17.78%

[2026-08-22 09:27:56.582] [info]  🚧 FOLDER_UPSCAYL_PROGRESS:  18.02%

[2026-08-22 09:27:57.324] [info]  🚧 FOLDER_UPSCAYL_PROGRESS:  18.27%

[2026-08-22 09:27:58.068] [info]  🚧 FOLDER_UPSCAYL_PROGRESS:  18.52%

[2026-08-22 09:27:58.817] [info]  🚧 FOLDER_UPSCAYL_PROGRESS:  18.77%

[2026-08-22 09:27:59.566] [info]  🚧 FOLDER_UPSCAYL_PROGRESS:  19.01%

[2026-08-22 09:28:00.336] [info]  🚧 FOLDER_UPSCAYL_PROGRESS:  19.26%

[2026-08-22 09:28:01.072] [info]  🚧 FOLDER_UPSCAYL_PROGRESS:  19.51%

[2026-08-22 09:28:01.274] [info]  🚧 FOLDER_UPSCAYL_PROGRESS:  19.75%

[2026-08-22 09:28:02.051] [info]  🚧 FOLDER_UPSCAYL_PROGRESS:  20.00%

[2026-08-22 09:28:02.771] [info]  🚧 FOLDER_UPSCAYL_PROGRESS:  20.25%

[2026-08-22 09:28:03.524] [info]  🚧 FOLDER_UPSCAYL_PROGRESS:  20.49%

[2026-08-22 09:28:04.266] [info]  🚧 FOLDER_UPSCAYL_PROGRESS:  20.74%

[2026-08-22 09:28:05.002] [info]  🚧 FOLDER_UPSCAYL_PROGRESS:  20.99%

[2026-08-22 09:28:05.747] [info]  🚧 FOLDER_UPSCAYL_PROGRESS:  21.23%

[2026-08-22 09:28:06.485] [info]  🚧 FOLDER_UPSCAYL_PROGRESS:  21.48%

[2026-08-22 09:28:07.223] [info]  🚧 FOLDER_UPSCAYL_PROGRESS:  21.73%

[2026-08-22 09:28:07.970] [info]  🚧 FOLDER_UPSCAYL_PROGRESS:  21.98%

[2026-08-22 09:28:08.713] [info]  🚧 FOLDER_UPSCAYL_PROGRESS:  22.22%

[2026-08-22 09:28:09.467] [info]  🚧 FOLDER_UPSCAYL_PROGRESS:  22.47%

[2026-08-22 09:28:10.046] [info]  🚧 FOLDER_UPSCAYL_PROGRESS:  22.72%

[2026-08-22 09:28:10.794] [info]  🚧 FOLDER_UPSCAYL_PROGRESS:  22.96%

[2026-08-22 09:28:11.529] [info]  🚧 FOLDER_UPSCAYL_PROGRESS:  23.21%

[2026-08-22 09:28:12.265] [info]  🚧 FOLDER_UPSCAYL_PROGRESS:  23.46%

[2026-08-22 09:28:13.005] [info]  🚧 FOLDER_UPSCAYL_PROGRESS:  23.70%

[2026-08-22 09:28:13.753] [info]  🚧 FOLDER_UPSCAYL_PROGRESS:  23.95%

[2026-08-22 09:28:14.486] [info]  🚧 FOLDER_UPSCAYL_PROGRESS:  24.20%

[2026-08-22 09:28:15.226] [info]  🚧 FOLDER_UPSCAYL_PROGRESS:  24.44%

[2026-08-22 09:28:15.980] [info]  🚧 FOLDER_UPSCAYL_PROGRESS:  24.69%

[2026-08-22 09:28:16.720] [info]  🚧 FOLDER_UPSCAYL_PROGRESS:  24.94%

[2026-08-22 09:28:17.459] [info]  🚧 FOLDER_UPSCAYL_PROGRESS:  25.19%

[2026-08-22 09:28:18.205] [info]  🚧 FOLDER_UPSCAYL_PROGRESS:  25.43%

[2026-08-22 09:28:18.940] [info]  🚧 FOLDER_UPSCAYL_PROGRESS:  25.68%

[2026-08-22 09:28:19.685] [info]  🚧 FOLDER_UPSCAYL_PROGRESS:  25.93%

[2026-08-22 09:28:20.429] [info]  🚧 FOLDER_UPSCAYL_PROGRESS:  26.17%

[2026-08-22 09:28:20.625] [info]  🚧 FOLDER_UPSCAYL_PROGRESS:  26.42%

[2026-08-22 09:28:21.382] [info]  🚧 FOLDER_UPSCAYL_PROGRESS:  26.67%

[2026-08-22 09:28:22.122] [info]  🚧 FOLDER_UPSCAYL_PROGRESS:  26.91%

[2026-08-22 09:28:22.868] [info]  🚧 FOLDER_UPSCAYL_PROGRESS:  27.16%

[2026-08-22 09:28:23.606] [info]  🚧 FOLDER_UPSCAYL_PROGRESS:  27.41%

[2026-08-22 09:28:24.348] [info]  🚧 FOLDER_UPSCAYL_PROGRESS:  27.65%

[2026-08-22 09:28:25.094] [info]  🚧 FOLDER_UPSCAYL_PROGRESS:  27.90%

[2026-08-22 09:28:25.835] [info]  🚧 FOLDER_UPSCAYL_PROGRESS:  28.15%

[2026-08-22 09:28:26.577] [info]  🚧 FOLDER_UPSCAYL_PROGRESS:  28.40%

[2026-08-22 09:28:27.318] [info]  🚧 FOLDER_UPSCAYL_PROGRESS:  28.64%

[2026-08-22 09:28:28.060] [info]  🚧 FOLDER_UPSCAYL_PROGRESS:  28.89%

[2026-08-22 09:28:28.798] [info]  🚧 FOLDER_UPSCAYL_PROGRESS:  29.14%

[2026-08-22 09:28:29.539] [info]  🚧 FOLDER_UPSCAYL_PROGRESS:  29.38%

[2026-08-22 09:28:30.286] [info]  🚧 FOLDER_UPSCAYL_PROGRESS:  29.63%

[2026-08-22 09:28:31.030] [info]  🚧 FOLDER_UPSCAYL_PROGRESS:  29.88%

[2026-08-22 09:28:31.765] [info]  🚧 FOLDER_UPSCAYL_PROGRESS:  30.12%

[2026-08-22 09:28:32.502] [info]  🚧 FOLDER_UPSCAYL_PROGRESS:  30.37%

[2026-08-22 09:28:33.247] [info]  🚧 FOLDER_UPSCAYL_PROGRESS:  30.62%

[2026-08-22 09:28:33.981] [info]  🚧 FOLDER_UPSCAYL_PROGRESS:  30.86%

[2026-08-22 09:28:34.727] [info]  🚧 FOLDER_UPSCAYL_PROGRESS:  31.11%

[2026-08-22 09:28:35.468] [info]  🚧 FOLDER_UPSCAYL_PROGRESS:  31.36%

[2026-08-22 09:28:36.205] [info]  🚧 FOLDER_UPSCAYL_PROGRESS:  31.60%

[2026-08-22 09:28:36.943] [info]  🚧 FOLDER_UPSCAYL_PROGRESS:  31.85%

[2026-08-22 09:28:37.681] [info]  🚧 FOLDER_UPSCAYL_PROGRESS:  32.10%

[2026-08-22 09:28:38.422] [info]  🚧 FOLDER_UPSCAYL_PROGRESS:  32.35%

[2026-08-22 09:28:39.158] [info]  🚧 FOLDER_UPSCAYL_PROGRESS:  32.59%

[2026-08-22 09:28:39.902] [info]  🚧 FOLDER_UPSCAYL_PROGRESS:  32.84%

[2026-08-22 09:28:40.101] [info]  🚧 FOLDER_UPSCAYL_PROGRESS:  33.09%

[2026-08-22 09:28:40.850] [info]  🚧 FOLDER_UPSCAYL_PROGRESS:  33.33%

[2026-08-22 09:28:41.595] [info]  🚧 FOLDER_UPSCAYL_PROGRESS:  33.58%

[2026-08-22 09:28:42.336] [info]  🚧 FOLDER_UPSCAYL_PROGRESS:  33.83%

[2026-08-22 09:28:43.075] [info]  🚧 FOLDER_UPSCAYL_PROGRESS:  34.07%

[2026-08-22 09:28:43.810] [info]  🚧 FOLDER_UPSCAYL_PROGRESS:  34.32%

[2026-08-22 09:28:44.552] [info]  🚧 FOLDER_UPSCAYL_PROGRESS:  34.57%

[2026-08-22 09:28:45.309] [info]  🚧 FOLDER_UPSCAYL_PROGRESS:  34.81%

[2026-08-22 09:28:46.048] [info]  🚧 FOLDER_UPSCAYL_PROGRESS:  35.06%

[2026-08-22 09:28:46.790] [info]  🚧 FOLDER_UPSCAYL_PROGRESS:  35.31%

[2026-08-22 09:28:47.535] [info]  🚧 FOLDER_UPSCAYL_PROGRESS:  35.56%

[2026-08-22 09:28:48.277] [info]  🚧 FOLDER_UPSCAYL_PROGRESS:  35.80%

[2026-08-22 09:28:49.014] [info]  🚧 FOLDER_UPSCAYL_PROGRESS:  36.05%

[2026-08-22 09:28:49.756] [info]  🚧 FOLDER_UPSCAYL_PROGRESS:  36.30%

[2026-08-22 09:28:50.506] [info]  🚧 FOLDER_UPSCAYL_PROGRESS:  36.54%

[2026-08-22 09:28:51.237] [info]  🚧 FOLDER_UPSCAYL_PROGRESS:  36.79%

[2026-08-22 09:28:51.976] [info]  🚧 FOLDER_UPSCAYL_PROGRESS:  37.04%

[2026-08-22 09:28:52.720] [info]  🚧 FOLDER_UPSCAYL_PROGRESS:  37.28%

[2026-08-22 09:28:53.462] [info]  🚧 FOLDER_UPSCAYL_PROGRESS:  37.53%

[2026-08-22 09:28:54.204] [info]  🚧 FOLDER_UPSCAYL_PROGRESS:  37.78%

[2026-08-22 09:28:54.948] [info]  🚧 FOLDER_UPSCAYL_PROGRESS:  38.02%

[2026-08-22 09:28:55.688] [info]  🚧 FOLDER_UPSCAYL_PROGRESS:  38.27%

[2026-08-22 09:28:56.426] [info]  🚧 FOLDER_UPSCAYL_PROGRESS:  38.52%

[2026-08-22 09:28:57.165] [info]  🚧 FOLDER_UPSCAYL_PROGRESS:  38.77%

[2026-08-22 09:28:57.913] [info]  🚧 FOLDER_UPSCAYL_PROGRESS:  39.01%

[2026-08-22 09:28:58.655] [info]  🚧 FOLDER_UPSCAYL_PROGRESS:  39.26%

[2026-08-22 09:28:59.400] [info]  🚧 FOLDER_UPSCAYL_PROGRESS:  39.51%

[2026-08-22 09:28:59.603] [info]  🚧 FOLDER_UPSCAYL_PROGRESS:  39.75%

[2026-08-22 09:29:00.361] [info]  🚧 FOLDER_UPSCAYL_PROGRESS:  40.00%

[2026-08-22 09:29:01.103] [info]  🚧 FOLDER_UPSCAYL_PROGRESS:  40.25%

[2026-08-22 09:29:01.842] [info]  🚧 FOLDER_UPSCAYL_PROGRESS:  40.49%

[2026-08-22 09:29:02.585] [info]  🚧 FOLDER_UPSCAYL_PROGRESS:  40.74%

[2026-08-22 09:29:03.326] [info]  🚧 FOLDER_UPSCAYL_PROGRESS:  40.99%

[2026-08-22 09:29:04.058] [info]  🚧 FOLDER_UPSCAYL_PROGRESS:  41.23%

[2026-08-22 09:29:04.792] [info]  🚧 FOLDER_UPSCAYL_PROGRESS:  41.48%

[2026-08-22 09:29:05.540] [info]  🚧 FOLDER_UPSCAYL_PROGRESS:  41.73%

[2026-08-22 09:29:06.280] [info]  🚧 FOLDER_UPSCAYL_PROGRESS:  41.98%

[2026-08-22 09:29:07.020] [info]  🚧 FOLDER_UPSCAYL_PROGRESS:  42.22%

[2026-08-22 09:29:07.761] [info]  🚧 FOLDER_UPSCAYL_PROGRESS:  42.47%

[2026-08-22 09:29:08.496] [info]  🚧 FOLDER_UPSCAYL_PROGRESS:  42.72%

[2026-08-22 09:29:09.243] [info]  🚧 FOLDER_UPSCAYL_PROGRESS:  42.96%

[2026-08-22 09:29:09.981] [info]  🚧 FOLDER_UPSCAYL_PROGRESS:  43.21%

[2026-08-22 09:29:10.732] [info]  🚧 FOLDER_UPSCAYL_PROGRESS:  43.46%

[2026-08-22 09:29:11.481] [info]  🚧 FOLDER_UPSCAYL_PROGRESS:  43.70%

[2026-08-22 09:29:12.209] [info]  🚧 FOLDER_UPSCAYL_PROGRESS:  43.95%

[2026-08-22 09:29:12.947] [info]  🚧 FOLDER_UPSCAYL_PROGRESS:  44.20%

[2026-08-22 09:29:13.690] [info]  🚧 FOLDER_UPSCAYL_PROGRESS:  44.44%

[2026-08-22 09:29:14.431] [info]  🚧 FOLDER_UPSCAYL_PROGRESS:  44.69%

[2026-08-22 09:29:15.174] [info]  🚧 FOLDER_UPSCAYL_PROGRESS:  44.94%

[2026-08-22 09:29:15.916] [info]  🚧 FOLDER_UPSCAYL_PROGRESS:  45.19%

[2026-08-22 09:29:16.663] [info]  🚧 FOLDER_UPSCAYL_PROGRESS:  45.43%

[2026-08-22 09:29:17.412] [info]  🚧 FOLDER_UPSCAYL_PROGRESS:  45.68%

[2026-08-22 09:29:18.152] [info]  🚧 FOLDER_UPSCAYL_PROGRESS:  45.93%

[2026-08-22 09:29:18.895] [info]  🚧 FOLDER_UPSCAYL_PROGRESS:  46.17%

[2026-08-22 09:29:19.101] [info]  🚧 FOLDER_UPSCAYL_PROGRESS:  46.42%

[2026-08-22 09:29:19.852] [info]  🚧 FOLDER_UPSCAYL_PROGRESS:  46.67%

[2026-08-22 09:29:20.596] [info]  🚧 FOLDER_UPSCAYL_PROGRESS:  46.91%

[2026-08-22 09:29:21.336] [info]  🚧 FOLDER_UPSCAYL_PROGRESS:  47.16%

[2026-08-22 09:29:22.080] [info]  🚧 FOLDER_UPSCAYL_PROGRESS:  47.41%

[2026-08-22 09:29:22.822] [info]  🚧 FOLDER_UPSCAYL_PROGRESS:  47.65%

[2026-08-22 09:29:23.562] [info]  🚧 FOLDER_UPSCAYL_PROGRESS:  47.90%

[2026-08-22 09:29:24.303] [info]  🚧 FOLDER_UPSCAYL_PROGRESS:  48.15%

[2026-08-22 09:29:25.047] [info]  🚧 FOLDER_UPSCAYL_PROGRESS:  48.40%

[2026-08-22 09:29:25.788] [info]  🚧 FOLDER_UPSCAYL_PROGRESS:  48.64%

[2026-08-22 09:29:26.542] [info]  🚧 FOLDER_UPSCAYL_PROGRESS:  48.89%

[2026-08-22 09:29:27.286] [info]  🚧 FOLDER_UPSCAYL_PROGRESS:  49.14%

[2026-08-22 09:29:28.022] [info]  🚧 FOLDER_UPSCAYL_PROGRESS:  49.38%

[2026-08-22 09:29:28.761] [info]  🚧 FOLDER_UPSCAYL_PROGRESS:  49.63%

[2026-08-22 09:29:29.505] [info]  🚧 FOLDER_UPSCAYL_PROGRESS:  49.88%

[2026-08-22 09:29:30.254] [info]  🚧 FOLDER_UPSCAYL_PROGRESS:  50.12%

[2026-08-22 09:29:30.993] [info]  🚧 FOLDER_UPSCAYL_PROGRESS:  50.37%

[2026-08-22 09:29:31.734] [info]  🚧 FOLDER_UPSCAYL_PROGRESS:  50.62%

[2026-08-22 09:29:32.481] [info]  🚧 FOLDER_UPSCAYL_PROGRESS:  50.86%

[2026-08-22 09:29:33.223] [info]  🚧 FOLDER_UPSCAYL_PROGRESS:  51.11%

[2026-08-22 09:29:33.972] [info]  🚧 FOLDER_UPSCAYL_PROGRESS:  51.36%

[2026-08-22 09:29:34.715] [info]  🚧 FOLDER_UPSCAYL_PROGRESS:  51.60%

[2026-08-22 09:29:35.459] [info]  🚧 FOLDER_UPSCAYL_PROGRESS:  51.85%

[2026-08-22 09:29:36.197] [info]  🚧 FOLDER_UPSCAYL_PROGRESS:  52.10%

[2026-08-22 09:29:36.932] [info]  🚧 FOLDER_UPSCAYL_PROGRESS:  52.35%

[2026-08-22 09:29:37.675] [info]  🚧 FOLDER_UPSCAYL_PROGRESS:  52.59%

[2026-08-22 09:29:38.423] [info]  🚧 FOLDER_UPSCAYL_PROGRESS:  52.84%

[2026-08-22 09:29:38.618] [info]  🚧 FOLDER_UPSCAYL_PROGRESS:  53.09%

[2026-08-22 09:29:39.370] [info]  🚧 FOLDER_UPSCAYL_PROGRESS:  53.33%

[2026-08-22 09:29:40.108] [info]  🚧 FOLDER_UPSCAYL_PROGRESS:  53.58%

[2026-08-22 09:29:40.860] [info]  🚧 FOLDER_UPSCAYL_PROGRESS:  53.83%

[2026-08-22 09:29:41.607] [info]  🚧 FOLDER_UPSCAYL_PROGRESS:  54.07%

[2026-08-22 09:29:42.360] [info]  🚧 FOLDER_UPSCAYL_PROGRESS:  54.32%

[2026-08-22 09:29:43.106] [info]  🚧 FOLDER_UPSCAYL_PROGRESS:  54.57%

[2026-08-22 09:29:43.851] [info]  🚧 FOLDER_UPSCAYL_PROGRESS:  54.81%

[2026-08-22 09:29:44.590] [info]  🚧 FOLDER_UPSCAYL_PROGRESS:  55.06%

[2026-08-22 09:29:45.339] [info]  🚧 FOLDER_UPSCAYL_PROGRESS:  55.31%

[2026-08-22 09:29:46.076] [info]  🚧 FOLDER_UPSCAYL_PROGRESS:  55.56%

[2026-08-22 09:29:46.825] [info]  🚧 FOLDER_UPSCAYL_PROGRESS:  55.80%

[2026-08-22 09:29:47.565] [info]  🚧 FOLDER_UPSCAYL_PROGRESS:  56.05%

[2026-08-22 09:29:48.306] [info]  🚧 FOLDER_UPSCAYL_PROGRESS:  56.30%

[2026-08-22 09:29:49.050] [info]  🚧 FOLDER_UPSCAYL_PROGRESS:  56.54%

[2026-08-22 09:29:49.796] [info]  🚧 FOLDER_UPSCAYL_PROGRESS:  56.79%

[2026-08-22 09:29:50.542] [info]  🚧 FOLDER_UPSCAYL_PROGRESS:  57.04%

[2026-08-22 09:29:51.287] [info]  🚧 FOLDER_UPSCAYL_PROGRESS:  57.28%

[2026-08-22 09:29:52.026] [info]  🚧 FOLDER_UPSCAYL_PROGRESS:  57.53%

[2026-08-22 09:29:52.770] [info]  🚧 FOLDER_UPSCAYL_PROGRESS:  57.78%

[2026-08-22 09:29:53.513] [info]  🚧 FOLDER_UPSCAYL_PROGRESS:  58.02%

[2026-08-22 09:29:54.254] [info]  🚧 FOLDER_UPSCAYL_PROGRESS:  58.27%

[2026-08-22 09:29:54.994] [info]  🚧 FOLDER_UPSCAYL_PROGRESS:  58.52%

[2026-08-22 09:29:55.735] [info]  🚧 FOLDER_UPSCAYL_PROGRESS:  58.77%

[2026-08-22 09:29:56.477] [info]  🚧 FOLDER_UPSCAYL_PROGRESS:  59.01%

[2026-08-22 09:29:57.214] [info]  🚧 FOLDER_UPSCAYL_PROGRESS:  59.26%

[2026-08-22 09:29:57.948] [info]  🚧 FOLDER_UPSCAYL_PROGRESS:  59.51%

[2026-08-22 09:29:58.152] [info]  🚧 FOLDER_UPSCAYL_PROGRESS:  59.75%

[2026-08-22 09:29:58.903] [info]  🚧 FOLDER_UPSCAYL_PROGRESS:  60.00%

[2026-08-22 09:29:59.651] [info]  🚧 FOLDER_UPSCAYL_PROGRESS:  60.25%

[2026-08-22 09:30:00.391] [info]  🚧 FOLDER_UPSCAYL_PROGRESS:  60.49%

[2026-08-22 09:30:01.127] [info]  🚧 FOLDER_UPSCAYL_PROGRESS:  60.74%

[2026-08-22 09:30:01.864] [info]  🚧 FOLDER_UPSCAYL_PROGRESS:  60.99%

[2026-08-22 09:30:02.616] [info]  🚧 FOLDER_UPSCAYL_PROGRESS:  61.23%

[2026-08-22 09:30:03.358] [info]  🚧 FOLDER_UPSCAYL_PROGRESS:  61.48%

[2026-08-22 09:30:04.100] [info]  🚧 FOLDER_UPSCAYL_PROGRESS:  61.73%

[2026-08-22 09:30:04.849] [info]  🚧 FOLDER_UPSCAYL_PROGRESS:  61.98%

[2026-08-22 09:30:05.584] [info]  🚧 FOLDER_UPSCAYL_PROGRESS:  62.22%

[2026-08-22 09:30:06.327] [info]  🚧 FOLDER_UPSCAYL_PROGRESS:  62.47%

[2026-08-22 09:30:07.060] [info]  🚧 FOLDER_UPSCAYL_PROGRESS:  62.72%

[2026-08-22 09:30:07.796] [info]  🚧 FOLDER_UPSCAYL_PROGRESS:  62.96%

[2026-08-22 09:30:08.542] [info]  🚧 FOLDER_UPSCAYL_PROGRESS:  63.21%

[2026-08-22 09:30:09.282] [info]  🚧 FOLDER_UPSCAYL_PROGRESS:  63.46%

[2026-08-22 09:30:10.023] [info]  🚧 FOLDER_UPSCAYL_PROGRESS:  63.70%

[2026-08-22 09:30:10.757] [info]  🚧 FOLDER_UPSCAYL_PROGRESS:  63.95%

[2026-08-22 09:30:11.501] [info]  🚧 FOLDER_UPSCAYL_PROGRESS:  64.20%

[2026-08-22 09:30:12.237] [info]  🚧 FOLDER_UPSCAYL_PROGRESS:  64.44%

[2026-08-22 09:30:12.980] [info]  🚧 FOLDER_UPSCAYL_PROGRESS:  64.69%

[2026-08-22 09:30:13.734] [info]  🚧 FOLDER_UPSCAYL_PROGRESS:  64.94%

[2026-08-22 09:30:14.476] [info]  🚧 FOLDER_UPSCAYL_PROGRESS:  65.19%

[2026-08-22 09:30:15.219] [info]  🚧 FOLDER_UPSCAYL_PROGRESS:  65.43%

[2026-08-22 09:30:15.965] [info]  🚧 FOLDER_UPSCAYL_PROGRESS:  65.68%

[2026-08-22 09:30:16.705] [info]  🚧 FOLDER_UPSCAYL_PROGRESS:  65.93%

[2026-08-22 09:30:17.448] [info]  🚧 FOLDER_UPSCAYL_PROGRESS:  66.17%

[2026-08-22 09:30:17.653] [info]  🚧 FOLDER_UPSCAYL_PROGRESS:  66.42%

[2026-08-22 09:30:18.404] [info]  🚧 FOLDER_UPSCAYL_PROGRESS:  66.67%

[2026-08-22 09:30:19.145] [info]  🚧 FOLDER_UPSCAYL_PROGRESS:  66.91%

[2026-08-22 09:30:19.883] [info]  🚧 FOLDER_UPSCAYL_PROGRESS:  67.16%

[2026-08-22 09:30:20.630] [info]  🚧 FOLDER_UPSCAYL_PROGRESS:  67.41%

[2026-08-22 09:30:21.376] [info]  🚧 FOLDER_UPSCAYL_PROGRESS:  67.65%

[2026-08-22 09:30:22.112] [info]  🚧 FOLDER_UPSCAYL_PROGRESS:  67.90%

[2026-08-22 09:30:22.851] [info]  🚧 FOLDER_UPSCAYL_PROGRESS:  68.15%

[2026-08-22 09:30:23.597] [info]  🚧 FOLDER_UPSCAYL_PROGRESS:  68.40%

[2026-08-22 09:30:24.343] [info]  🚧 FOLDER_UPSCAYL_PROGRESS:  68.64%

[2026-08-22 09:30:25.087] [info]  🚧 FOLDER_UPSCAYL_PROGRESS:  68.89%

[2026-08-22 09:30:25.826] [info]  🚧 FOLDER_UPSCAYL_PROGRESS:  69.14%

[2026-08-22 09:30:26.569] [info]  🚧 FOLDER_UPSCAYL_PROGRESS:  69.38%

[2026-08-22 09:30:27.309] [info]  🚧 FOLDER_UPSCAYL_PROGRESS:  69.63%

[2026-08-22 09:30:28.047] [info]  🚧 FOLDER_UPSCAYL_PROGRESS:  69.88%

[2026-08-22 09:30:28.784] [info]  🚧 FOLDER_UPSCAYL_PROGRESS:  70.12%

[2026-08-22 09:30:29.526] [info]  🚧 FOLDER_UPSCAYL_PROGRESS:  70.37%

[2026-08-22 09:30:30.269] [info]  🚧 FOLDER_UPSCAYL_PROGRESS:  70.62%

[2026-08-22 09:30:31.009] [info]  🚧 FOLDER_UPSCAYL_PROGRESS:  70.86%

[2026-08-22 09:30:31.753] [info]  🚧 FOLDER_UPSCAYL_PROGRESS:  71.11%

[2026-08-22 09:30:32.501] [info]  🚧 FOLDER_UPSCAYL_PROGRESS:  71.36%

[2026-08-22 09:30:33.238] [info]  🚧 FOLDER_UPSCAYL_PROGRESS:  71.60%

[2026-08-22 09:30:33.983] [info]  🚧 FOLDER_UPSCAYL_PROGRESS:  71.85%

[2026-08-22 09:30:34.728] [info]  🚧 FOLDER_UPSCAYL_PROGRESS:  72.10%

[2026-08-22 09:30:35.466] [info]  🚧 FOLDER_UPSCAYL_PROGRESS:  72.35%

[2026-08-22 09:30:36.208] [info]  🚧 FOLDER_UPSCAYL_PROGRESS:  72.59%

[2026-08-22 09:30:36.951] [info]  🚧 FOLDER_UPSCAYL_PROGRESS:  72.84%

[2026-08-22 09:30:37.158] [info]  🚧 FOLDER_UPSCAYL_PROGRESS:  73.09%

[2026-08-22 09:30:37.909] [info]  🚧 FOLDER_UPSCAYL_PROGRESS:  73.33%

[2026-08-22 09:30:38.661] [info]  🚧 FOLDER_UPSCAYL_PROGRESS:  73.58%

[2026-08-22 09:30:39.400] [info]  🚧 FOLDER_UPSCAYL_PROGRESS:  73.83%

[2026-08-22 09:30:40.136] [info]  🚧 FOLDER_UPSCAYL_PROGRESS:  74.07%

[2026-08-22 09:30:40.877] [info]  🚧 FOLDER_UPSCAYL_PROGRESS:  74.32%

[2026-08-22 09:30:41.619] [info]  🚧 FOLDER_UPSCAYL_PROGRESS:  74.57%

[2026-08-22 09:30:42.371] [info]  🚧 FOLDER_UPSCAYL_PROGRESS:  74.81%

[2026-08-22 09:30:43.109] [info]  🚧 FOLDER_UPSCAYL_PROGRESS:  75.06%

[2026-08-22 09:30:43.858] [info]  🚧 FOLDER_UPSCAYL_PROGRESS:  75.31%

[2026-08-22 09:30:44.600] [info]  🚧 FOLDER_UPSCAYL_PROGRESS:  75.56%

[2026-08-22 09:30:45.350] [info]  🚧 FOLDER_UPSCAYL_PROGRESS:  75.80%

[2026-08-22 09:30:46.097] [info]  🚧 FOLDER_UPSCAYL_PROGRESS:  76.05%

[2026-08-22 09:30:46.837] [info]  🚧 FOLDER_UPSCAYL_PROGRESS:  76.30%

[2026-08-22 09:30:47.578] [info]  🚧 FOLDER_UPSCAYL_PROGRESS:  76.54%

[2026-08-22 09:30:48.319] [info]  🚧 FOLDER_UPSCAYL_PROGRESS:  76.79%

[2026-08-22 09:30:49.062] [info]  🚧 FOLDER_UPSCAYL_PROGRESS:  77.04%

[2026-08-22 09:30:49.813] [info]  🚧 FOLDER_UPSCAYL_PROGRESS:  77.28%

[2026-08-22 09:30:50.548] [info]  🚧 FOLDER_UPSCAYL_PROGRESS:  77.53%

[2026-08-22 09:30:51.295] [info]  🚧 FOLDER_UPSCAYL_PROGRESS:  77.78%

[2026-08-22 09:30:52.034] [info]  🚧 FOLDER_UPSCAYL_PROGRESS:  78.02%

[2026-08-22 09:30:52.772] [info]  🚧 FOLDER_UPSCAYL_PROGRESS:  78.27%

[2026-08-22 09:30:53.522] [info]  🚧 FOLDER_UPSCAYL_PROGRESS:  78.52%

[2026-08-22 09:30:54.266] [info]  🚧 FOLDER_UPSCAYL_PROGRESS:  78.77%

[2026-08-22 09:30:55.005] [info]  🚧 FOLDER_UPSCAYL_PROGRESS:  79.01%

[2026-08-22 09:30:55.759] [info]  🚧 FOLDER_UPSCAYL_PROGRESS:  79.26%

[2026-08-22 09:30:56.499] [info]  🚧 FOLDER_UPSCAYL_PROGRESS:  79.51%

[2026-08-22 09:30:56.701] [info]  🚧 FOLDER_UPSCAYL_PROGRESS:  79.75%

[2026-08-22 09:30:57.459] [info]  🚧 FOLDER_UPSCAYL_PROGRESS:  80.00%

[2026-08-22 09:30:58.202] [info]  🚧 FOLDER_UPSCAYL_PROGRESS:  80.25%

[2026-08-22 09:30:58.946] [info]  🚧 FOLDER_UPSCAYL_PROGRESS:  80.49%

[2026-08-22 09:30:59.691] [info]  🚧 FOLDER_UPSCAYL_PROGRESS:  80.74%

[2026-08-22 09:31:00.435] [info]  🚧 FOLDER_UPSCAYL_PROGRESS:  80.99%

[2026-08-22 09:31:01.180] [info]  🚧 FOLDER_UPSCAYL_PROGRESS:  81.23%

[2026-08-22 09:31:01.929] [info]  🚧 FOLDER_UPSCAYL_PROGRESS:  81.48%

[2026-08-22 09:31:02.675] [info]  🚧 FOLDER_UPSCAYL_PROGRESS:  81.73%

[2026-08-22 09:31:03.416] [info]  🚧 FOLDER_UPSCAYL_PROGRESS:  81.98%

[2026-08-22 09:31:04.162] [info]  🚧 FOLDER_UPSCAYL_PROGRESS:  82.22%

[2026-08-22 09:31:04.902] [info]  🚧 FOLDER_UPSCAYL_PROGRESS:  82.47%

[2026-08-22 09:31:05.644] [info]  🚧 FOLDER_UPSCAYL_PROGRESS:  82.72%

[2026-08-22 09:31:06.388] [info]  🚧 FOLDER_UPSCAYL_PROGRESS:  82.96%

[2026-08-22 09:31:07.130] [info]  🚧 FOLDER_UPSCAYL_PROGRESS:  83.21%

[2026-08-22 09:31:07.870] [info]  🚧 FOLDER_UPSCAYL_PROGRESS:  83.46%

[2026-08-22 09:31:08.618] [info]  🚧 FOLDER_UPSCAYL_PROGRESS:  83.70%

[2026-08-22 09:31:09.363] [info]  🚧 FOLDER_UPSCAYL_PROGRESS:  83.95%

[2026-08-22 09:31:10.105] [info]  🚧 FOLDER_UPSCAYL_PROGRESS:  84.20%

[2026-08-22 09:31:10.851] [info]  🚧 FOLDER_UPSCAYL_PROGRESS:  84.44%

[2026-08-22 09:31:11.598] [info]  🚧 FOLDER_UPSCAYL_PROGRESS:  84.69%

[2026-08-22 09:31:12.343] [info]  🚧 FOLDER_UPSCAYL_PROGRESS:  84.94%

[2026-08-22 09:31:13.084] [info]  🚧 FOLDER_UPSCAYL_PROGRESS:  85.19%

[2026-08-22 09:31:13.831] [info]  🚧 FOLDER_UPSCAYL_PROGRESS:  85.43%

[2026-08-22 09:31:14.578] [info]  🚧 FOLDER_UPSCAYL_PROGRESS:  85.68%

[2026-08-22 09:31:15.319] [info]  🚧 FOLDER_UPSCAYL_PROGRESS:  85.93%

[2026-08-22 09:31:16.060] [info]  🚧 FOLDER_UPSCAYL_PROGRESS:  86.17%

[2026-08-22 09:31:16.260] [info]  🚧 FOLDER_UPSCAYL_PROGRESS:  86.42%

[2026-08-22 09:31:17.009] [info]  🚧 FOLDER_UPSCAYL_PROGRESS:  86.67%

[2026-08-22 09:31:17.753] [info]  🚧 FOLDER_UPSCAYL_PROGRESS:  86.91%

[2026-08-22 09:31:18.500] [info]  🚧 FOLDER_UPSCAYL_PROGRESS:  87.16%

[2026-08-22 09:31:19.240] [info]  🚧 FOLDER_UPSCAYL_PROGRESS:  87.41%

[2026-08-22 09:31:19.987] [info]  🚧 FOLDER_UPSCAYL_PROGRESS:  87.65%

[2026-08-22 09:31:20.717] [info]  🚧 FOLDER_UPSCAYL_PROGRESS:  87.90%

[2026-08-22 09:31:21.460] [info]  🚧 FOLDER_UPSCAYL_PROGRESS:  88.15%

[2026-08-22 09:31:22.197] [info]  🚧 FOLDER_UPSCAYL_PROGRESS:  88.40%

[2026-08-22 09:31:22.942] [info]  🚧 FOLDER_UPSCAYL_PROGRESS:  88.64%

[2026-08-22 09:31:23.679] [info]  🚧 FOLDER_UPSCAYL_PROGRESS:  88.89%

[2026-08-22 09:31:24.433] [info]  🚧 FOLDER_UPSCAYL_PROGRESS:  89.14%

[2026-08-22 09:31:25.179] [info]  🚧 FOLDER_UPSCAYL_PROGRESS:  89.38%

[2026-08-22 09:31:25.926] [info]  🚧 FOLDER_UPSCAYL_PROGRESS:  89.63%

[2026-08-22 09:31:26.670] [info]  🚧 FOLDER_UPSCAYL_PROGRESS:  89.88%

[2026-08-22 09:31:27.416] [info]  🚧 FOLDER_UPSCAYL_PROGRESS:  90.12%

[2026-08-22 09:31:28.151] [info]  🚧 FOLDER_UPSCAYL_PROGRESS:  90.37%

[2026-08-22 09:31:28.892] [info]  🚧 FOLDER_UPSCAYL_PROGRESS:  90.62%

[2026-08-22 09:31:29.636] [info]  🚧 FOLDER_UPSCAYL_PROGRESS:  90.86%

[2026-08-22 09:31:30.375] [info]  🚧 FOLDER_UPSCAYL_PROGRESS:  91.11%

[2026-08-22 09:31:31.120] [info]  🚧 FOLDER_UPSCAYL_PROGRESS:  91.36%

[2026-08-22 09:31:31.866] [info]  🚧 FOLDER_UPSCAYL_PROGRESS:  91.60%

[2026-08-22 09:31:32.605] [info]  🚧 FOLDER_UPSCAYL_PROGRESS:  91.85%

[2026-08-22 09:31:33.352] [info]  🚧 FOLDER_UPSCAYL_PROGRESS:  92.10%

[2026-08-22 09:31:34.090] [info]  🚧 FOLDER_UPSCAYL_PROGRESS:  92.35%

[2026-08-22 09:31:34.837] [info]  🚧 FOLDER_UPSCAYL_PROGRESS:  92.59%

[2026-08-22 09:31:35.578] [info]  🚧 FOLDER_UPSCAYL_PROGRESS:  92.84%

[2026-08-22 09:31:35.782] [info]  🚧 FOLDER_UPSCAYL_PROGRESS:  93.09%

[2026-08-22 09:31:36.301] [info]  🚧 FOLDER_UPSCAYL_PROGRESS:  93.33%

[2026-08-22 09:31:36.800] [info]  🚧 FOLDER_UPSCAYL_PROGRESS:  93.58%

[2026-08-22 09:31:37.301] [info]  🚧 FOLDER_UPSCAYL_PROGRESS:  93.83%

[2026-08-22 09:31:37.804] [info]  🚧 FOLDER_UPSCAYL_PROGRESS:  94.07%

[2026-08-22 09:31:38.308] [info]  🚧 FOLDER_UPSCAYL_PROGRESS:  94.32%

[2026-08-22 09:31:38.809] [info]  🚧 FOLDER_UPSCAYL_PROGRESS:  94.57%

[2026-08-22 09:31:39.313] [info]  🚧 FOLDER_UPSCAYL_PROGRESS:  94.81%

[2026-08-22 09:31:39.816] [info]  🚧 FOLDER_UPSCAYL_PROGRESS:  95.06%

[2026-08-22 09:31:40.323] [info]  🚧 FOLDER_UPSCAYL_PROGRESS:  95.31%

[2026-08-22 09:31:40.830] [info]  🚧 FOLDER_UPSCAYL_PROGRESS:  95.56%

[2026-08-22 09:31:41.339] [info]  🚧 FOLDER_UPSCAYL_PROGRESS:  95.80%

[2026-08-22 09:31:41.843] [info]  🚧 FOLDER_UPSCAYL_PROGRESS:  96.05%

[2026-08-22 09:31:42.343] [info]  🚧 FOLDER_UPSCAYL_PROGRESS:  96.30%

[2026-08-22 09:31:42.843] [info]  🚧 FOLDER_UPSCAYL_PROGRESS:  96.54%

[2026-08-22 09:31:43.348] [info]  🚧 FOLDER_UPSCAYL_PROGRESS:  96.79%

[2026-08-22 09:31:43.853] [info]  🚧 FOLDER_UPSCAYL_PROGRESS:  97.04%

[2026-08-22 09:31:44.361] [info]  🚧 FOLDER_UPSCAYL_PROGRESS:  97.28%

[2026-08-22 09:31:44.866] [info]  🚧 FOLDER_UPSCAYL_PROGRESS:  97.53%

[2026-08-22 09:31:45.372] [info]  🚧 FOLDER_UPSCAYL_PROGRESS:  97.78%

[2026-08-22 09:31:45.874] [info]  🚧 FOLDER_UPSCAYL_PROGRESS:  98.02%

[2026-08-22 09:31:46.387] [info]  🚧 FOLDER_UPSCAYL_PROGRESS:  98.27%

[2026-08-22 09:31:46.892] [info]  🚧 FOLDER_UPSCAYL_PROGRESS:  98.52%

[2026-08-22 09:31:47.395] [info]  🚧 FOLDER_UPSCAYL_PROGRESS:  98.77%

[2026-08-22 09:31:47.895] [info]  🚧 FOLDER_UPSCAYL_PROGRESS:  99.01%

[2026-08-22 09:31:48.400] [info]  🚧 FOLDER_UPSCAYL_PROGRESS:  99.26%

[2026-08-22 09:31:48.902] [info]  🚧 FOLDER_UPSCAYL_PROGRESS:  99.51%

[2026-08-22 09:31:49.051] [info]  🚧 FOLDER_UPSCAYL_PROGRESS:  99.75%

[2026-08-22 09:31:49.062] [info]  🚧 FOLDER_UPSCAYL_PROGRESS:  🏞️ Resizing image according to output scale

[2026-08-22 09:31:49.724] [info]  🚧 FOLDER_UPSCAYL_PROGRESS:  🏞️ Scaled image from 5225x2940 to 10450x5880

[2026-08-22 09:31:49.794] [info]  🚧 FOLDER_UPSCAYL_PROGRESS:  0.00%

[2026-08-22 09:31:50.534] [info]  🚧 FOLDER_UPSCAYL_PROGRESS:  0.25%

[2026-08-22 09:31:51.276] [info]  🚧 FOLDER_UPSCAYL_PROGRESS:  0.49%

[2026-08-22 09:31:52.011] [info]  🚧 FOLDER_UPSCAYL_PROGRESS:  0.74%

[2026-08-22 09:31:52.751] [info]  🚧 FOLDER_UPSCAYL_PROGRESS:  0.99%

[2026-08-22 09:31:53.490] [info]  🚧 FOLDER_UPSCAYL_PROGRESS:  1.23%

[2026-08-22 09:31:54.230] [info]  🚧 FOLDER_UPSCAYL_PROGRESS:  1.48%

[2026-08-22 09:31:54.972] [info]  🚧 FOLDER_UPSCAYL_PROGRESS:  1.73%

[2026-08-22 09:31:55.713] [info]  🚧 FOLDER_UPSCAYL_PROGRESS:  1.98%

[2026-08-22 09:31:56.455] [info]  🚧 FOLDER_UPSCAYL_PROGRESS:  2.22%

[2026-08-22 09:31:57.197] [info]  🚧 FOLDER_UPSCAYL_PROGRESS:  2.47%

[2026-08-22 09:31:57.930] [info]  🚧 FOLDER_UPSCAYL_PROGRESS:  100.00%

🙌 Upscayled Successfully!

[2026-08-22 09:31:57.937] [info]  🚧 FOLDER_UPSCAYL_PROGRESS:  2.72%

[2026-08-22 09:31:58.681] [info]  🚧 FOLDER_UPSCAYL_PROGRESS:  2.96%

[2026-08-22 09:31:59.416] [info]  🚧 FOLDER_UPSCAYL_PROGRESS:  3.21%

[2026-08-22 09:32:00.152] [info]  🚧 FOLDER_UPSCAYL_PROGRESS:  3.46%

[2026-08-22 09:32:00.896] [info]  🚧 FOLDER_UPSCAYL_PROGRESS:  3.70%

[2026-08-22 09:32:01.643] [info]  🚧 FOLDER_UPSCAYL_PROGRESS:  3.95%

[2026-08-22 09:32:02.379] [info]  🚧 FOLDER_UPSCAYL_PROGRESS:  4.20%

[2026-08-22 09:32:03.118] [info]  🚧 FOLDER_UPSCAYL_PROGRESS:  4.44%

[2026-08-22 09:32:03.859] [info]  🚧 FOLDER_UPSCAYL_PROGRESS:  4.69%

[2026-08-22 09:32:04.604] [info]  🚧 FOLDER_UPSCAYL_PROGRESS:  4.94%

[2026-08-22 09:32:05.343] [info]  🚧 FOLDER_UPSCAYL_PROGRESS:  5.19%

[2026-08-22 09:32:06.081] [info]  🚧 FOLDER_UPSCAYL_PROGRESS:  5.43%

[2026-08-22 09:32:06.827] [info]  🚧 FOLDER_UPSCAYL_PROGRESS:  5.68%

[2026-08-22 09:32:07.567] [info]  🚧 FOLDER_UPSCAYL_PROGRESS:  5.93%

[2026-08-22 09:32:08.311] [info]  🚧 FOLDER_UPSCAYL_PROGRESS:  6.17%

[2026-08-22 09:32:08.511] [info]  🚧 FOLDER_UPSCAYL_PROGRESS:  6.42%

[2026-08-22 09:32:09.260] [info]  🚧 FOLDER_UPSCAYL_PROGRESS:  6.67%

[2026-08-22 09:32:10.003] [info]  🚧 FOLDER_UPSCAYL_PROGRESS:  6.91%

[2026-08-22 09:32:10.747] [info]  🚧 FOLDER_UPSCAYL_PROGRESS:  7.16%

[2026-08-22 09:32:11.483] [info]  🚧 FOLDER_UPSCAYL_PROGRESS:  7.41%

[2026-08-22 09:32:12.218] [info]  🚧 FOLDER_UPSCAYL_PROGRESS:  7.65%

[2026-08-22 09:32:12.957] [info]  🚧 FOLDER_UPSCAYL_PROGRESS:  7.90%

[2026-08-22 09:32:13.709] [info]  🚧 FOLDER_UPSCAYL_PROGRESS:  8.15%

[2026-08-22 09:32:14.455] [info]  🚧 FOLDER_UPSCAYL_PROGRESS:  8.40%

[2026-08-22 09:32:15.198] [info]  🚧 FOLDER_UPSCAYL_PROGRESS:  8.64%

[2026-08-22 09:32:15.937] [info]  🚧 FOLDER_UPSCAYL_PROGRESS:  8.89%

[2026-08-22 09:32:16.684] [info]  🚧 FOLDER_UPSCAYL_PROGRESS:  9.14%

[2026-08-22 09:32:17.427] [info]  🚧 FOLDER_UPSCAYL_PROGRESS:  9.38%

[2026-08-22 09:32:18.166] [info]  🚧 FOLDER_UPSCAYL_PROGRESS:  9.63%

[2026-08-22 09:32:18.905] [info]  🚧 FOLDER_UPSCAYL_PROGRESS:  9.88%

[2026-08-22 09:32:19.647] [info]  🚧 FOLDER_UPSCAYL_PROGRESS:  10.12%

[2026-08-22 09:32:20.392] [info]  🚧 FOLDER_UPSCAYL_PROGRESS:  10.37%

[2026-08-22 09:32:21.133] [info]  🚧 FOLDER_UPSCAYL_PROGRESS:  10.62%

[2026-08-22 09:32:21.868] [info]  🚧 FOLDER_UPSCAYL_PROGRESS:  10.86%

[2026-08-22 09:32:22.611] [info]  🚧 FOLDER_UPSCAYL_PROGRESS:  11.11%

[2026-08-22 09:32:23.352] [info]  🚧 FOLDER_UPSCAYL_PROGRESS:  11.36%

[2026-08-22 09:32:24.099] [info]  🚧 FOLDER_UPSCAYL_PROGRESS:  11.60%

[2026-08-22 09:32:24.830] [info]  🚧 FOLDER_UPSCAYL_PROGRESS:  11.85%

[2026-08-22 09:32:25.580] [info]  🚧 FOLDER_UPSCAYL_PROGRESS:  12.10%

[2026-08-22 09:32:26.319] [info]  🚧 FOLDER_UPSCAYL_PROGRESS:  12.35%

[2026-08-22 09:32:27.066] [info]  🚧 FOLDER_UPSCAYL_PROGRESS:  12.59%

[2026-08-22 09:32:27.802] [info]  🚧 FOLDER_UPSCAYL_PROGRESS:  12.84%

[2026-08-22 09:32:28.000] [info]  🚧 FOLDER_UPSCAYL_PROGRESS:  13.09%

[2026-08-22 09:32:28.754] [info]  🚧 FOLDER_UPSCAYL_PROGRESS:  13.33%

[2026-08-22 09:32:29.500] [info]  🚧 FOLDER_UPSCAYL_PROGRESS:  13.58%

[2026-08-22 09:32:30.242] [info]  🚧 FOLDER_UPSCAYL_PROGRESS:  13.83%

[2026-08-22 09:32:30.983] [info]  🚧 FOLDER_UPSCAYL_PROGRESS:  14.07%

[2026-08-22 09:32:31.726] [info]  🚧 FOLDER_UPSCAYL_PROGRESS:  14.32%

[2026-08-22 09:32:32.467] [info]  🚧 FOLDER_UPSCAYL_PROGRESS:  14.57%

[2026-08-22 09:32:33.209] [info]  🚧 FOLDER_UPSCAYL_PROGRESS:  14.81%

[2026-08-22 09:32:33.950] [info]  🚧 FOLDER_UPSCAYL_PROGRESS:  15.06%

[2026-08-22 09:32:34.704] [info]  🚧 FOLDER_UPSCAYL_PROGRESS:  15.31%

[2026-08-22 09:32:35.449] [info]  🚧 FOLDER_UPSCAYL_PROGRESS:  15.56%

[2026-08-22 09:32:36.190] [info]  🚧 FOLDER_UPSCAYL_PROGRESS:  15.80%

[2026-08-22 09:32:36.931] [info]  🚧 FOLDER_UPSCAYL_PROGRESS:  16.05%

[2026-08-22 09:32:37.677] [info]  🚧 FOLDER_UPSCAYL_PROGRESS:  16.30%

[2026-08-22 09:32:38.417] [info]  🚧 FOLDER_UPSCAYL_PROGRESS:  16.54%

[2026-08-22 09:32:39.154] [info]  🚧 FOLDER_UPSCAYL_PROGRESS:  16.79%

[2026-08-22 09:32:39.896] [info]  🚧 FOLDER_UPSCAYL_PROGRESS:  17.04%

[2026-08-22 09:32:40.635] [info]  🚧 FOLDER_UPSCAYL_PROGRESS:  17.28%

[2026-08-22 09:32:41.383] [info]  🚧 FOLDER_UPSCAYL_PROGRESS:  17.53%

[2026-08-22 09:32:42.120] [info]  🚧 FOLDER_UPSCAYL_PROGRESS:  17.78%

[2026-08-22 09:32:42.867] [info]  🚧 FOLDER_UPSCAYL_PROGRESS:  18.02%

[2026-08-22 09:32:43.606] [info]  🚧 FOLDER_UPSCAYL_PROGRESS:  18.27%

[2026-08-22 09:32:44.349] [info]  🚧 FOLDER_UPSCAYL_PROGRESS:  18.52%

[2026-08-22 09:32:45.083] [info]  🚧 FOLDER_UPSCAYL_PROGRESS:  18.77%

[2026-08-22 09:32:45.821] [info]  🚧 FOLDER_UPSCAYL_PROGRESS:  19.01%

[2026-08-22 09:32:46.562] [info]  🚧 FOLDER_UPSCAYL_PROGRESS:  19.26%

[2026-08-22 09:32:47.303] [info]  🚧 FOLDER_UPSCAYL_PROGRESS:  19.51%

[2026-08-22 09:32:47.511] [info]  🚧 FOLDER_UPSCAYL_PROGRESS:  19.75%

[2026-08-22 09:32:48.257] [info]  🚧 FOLDER_UPSCAYL_PROGRESS:  20.00%

[2026-08-22 09:32:48.995] [info]  🚧 FOLDER_UPSCAYL_PROGRESS:  20.25%

[2026-08-22 09:32:49.735] [info]  🚧 FOLDER_UPSCAYL_PROGRESS:  20.49%

[2026-08-22 09:32:50.475] [info]  🚧 FOLDER_UPSCAYL_PROGRESS:  20.74%

[2026-08-22 09:32:51.215] [info]  🚧 FOLDER_UPSCAYL_PROGRESS:  20.99%

[2026-08-22 09:32:51.958] [info]  🚧 FOLDER_UPSCAYL_PROGRESS:  21.23%

[2026-08-22 09:32:52.701] [info]  🚧 FOLDER_UPSCAYL_PROGRESS:  21.48%

[2026-08-22 09:32:53.444] [info]  🚧 FOLDER_UPSCAYL_PROGRESS:  21.73%

[2026-08-22 09:32:54.190] [info]  🚧 FOLDER_UPSCAYL_PROGRESS:  21.98%

[2026-08-22 09:32:54.944] [info]  🚧 FOLDER_UPSCAYL_PROGRESS:  22.22%

[2026-08-22 09:32:55.684] [info]  🚧 FOLDER_UPSCAYL_PROGRESS:  22.47%

[2026-08-22 09:32:56.426] [info]  🚧 FOLDER_UPSCAYL_PROGRESS:  22.72%

[2026-08-22 09:32:57.162] [info]  🚧 FOLDER_UPSCAYL_PROGRESS:  22.96%

[2026-08-22 09:32:57.900] [info]  🚧 FOLDER_UPSCAYL_PROGRESS:  23.21%

[2026-08-22 09:32:58.646] [info]  🚧 FOLDER_UPSCAYL_PROGRESS:  23.46%

[2026-08-22 09:32:59.387] [info]  🚧 FOLDER_UPSCAYL_PROGRESS:  23.70%

[2026-08-22 09:33:00.127] [info]  🚧 FOLDER_UPSCAYL_PROGRESS:  23.95%

[2026-08-22 09:33:00.866] [info]  🚧 FOLDER_UPSCAYL_PROGRESS:  24.20%

[2026-08-22 09:33:01.607] [info]  🚧 FOLDER_UPSCAYL_PROGRESS:  24.44%

[2026-08-22 09:33:02.362] [info]  🚧 FOLDER_UPSCAYL_PROGRESS:  24.69%

[2026-08-22 09:33:03.107] [info]  🚧 FOLDER_UPSCAYL_PROGRESS:  24.94%

[2026-08-22 09:33:03.845] [info]  🚧 FOLDER_UPSCAYL_PROGRESS:  25.19%

[2026-08-22 09:33:04.594] [info]  🚧 FOLDER_UPSCAYL_PROGRESS:  25.43%

[2026-08-22 09:33:05.331] [info]  🚧 FOLDER_UPSCAYL_PROGRESS:  25.68%

[2026-08-22 09:33:06.083] [info]  🚧 FOLDER_UPSCAYL_PROGRESS:  25.93%

[2026-08-22 09:33:06.833] [info]  🚧 FOLDER_UPSCAYL_PROGRESS:  26.17%

[2026-08-22 09:33:07.038] [info]  🚧 FOLDER_UPSCAYL_PROGRESS:  26.42%

[2026-08-22 09:33:07.804] [info]  🚧 FOLDER_UPSCAYL_PROGRESS:  26.67%

[2026-08-22 09:33:08.553] [info]  🚧 FOLDER_UPSCAYL_PROGRESS:  26.91%

[2026-08-22 09:33:09.299] [info]  🚧 FOLDER_UPSCAYL_PROGRESS:  27.16%

[2026-08-22 09:33:10.050] [info]  🚧 FOLDER_UPSCAYL_PROGRESS:  27.41%

[2026-08-22 09:33:10.796] [info]  🚧 FOLDER_UPSCAYL_PROGRESS:  27.65%

[2026-08-22 09:33:11.547] [info]  🚧 FOLDER_UPSCAYL_PROGRESS:  27.90%

[2026-08-22 09:33:12.295] [info]  🚧 FOLDER_UPSCAYL_PROGRESS:  28.15%

[2026-08-22 09:33:13.044] [info]  🚧 FOLDER_UPSCAYL_PROGRESS:  28.40%

[2026-08-22 09:33:13.791] [info]  🚧 FOLDER_UPSCAYL_PROGRESS:  28.64%

[2026-08-22 09:33:14.538] [info]  🚧 FOLDER_UPSCAYL_PROGRESS:  28.89%

[2026-08-22 09:33:15.285] [info]  🚧 FOLDER_UPSCAYL_PROGRESS:  29.14%

[2026-08-22 09:33:16.037] [info]  🚧 FOLDER_UPSCAYL_PROGRESS:  29.38%

[2026-08-22 09:33:16.778] [info]  🚧 FOLDER_UPSCAYL_PROGRESS:  29.63%

[2026-08-22 09:33:17.529] [info]  🚧 FOLDER_UPSCAYL_PROGRESS:  29.88%

[2026-08-22 09:33:18.276] [info]  🚧 FOLDER_UPSCAYL_PROGRESS:  30.12%

[2026-08-22 09:33:19.029] [info]  🚧 FOLDER_UPSCAYL_PROGRESS:  30.37%

[2026-08-22 09:33:19.776] [info]  🚧 FOLDER_UPSCAYL_PROGRESS:  30.62%

[2026-08-22 09:33:20.527] [info]  🚧 FOLDER_UPSCAYL_PROGRESS:  30.86%

[2026-08-22 09:33:21.272] [info]  🚧 FOLDER_UPSCAYL_PROGRESS:  31.11%

[2026-08-22 09:33:22.027] [info]  🚧 FOLDER_UPSCAYL_PROGRESS:  31.36%

[2026-08-22 09:33:22.774] [info]  🚧 FOLDER_UPSCAYL_PROGRESS:  31.60%

[2026-08-22 09:33:23.521] [info]  🚧 FOLDER_UPSCAYL_PROGRESS:  31.85%

[2026-08-22 09:33:24.268] [info]  🚧 FOLDER_UPSCAYL_PROGRESS:  32.10%

[2026-08-22 09:33:25.018] [info]  🚧 FOLDER_UPSCAYL_PROGRESS:  32.35%

[2026-08-22 09:33:25.775] [info]  🚧 FOLDER_UPSCAYL_PROGRESS:  32.59%

[2026-08-22 09:33:26.525] [info]  🚧 FOLDER_UPSCAYL_PROGRESS:  32.84%

[2026-08-22 09:33:26.730] [info]  🚧 FOLDER_UPSCAYL_PROGRESS:  33.09%

[2026-08-22 09:33:27.499] [info]  🚧 FOLDER_UPSCAYL_PROGRESS:  33.33%

[2026-08-22 09:33:28.249] [info]  🚧 FOLDER_UPSCAYL_PROGRESS:  33.58%

[2026-08-22 09:33:28.998] [info]  🚧 FOLDER_UPSCAYL_PROGRESS:  33.83%

[2026-08-22 09:33:29.747] [info]  🚧 FOLDER_UPSCAYL_PROGRESS:  34.07%

[2026-08-22 09:33:30.493] [info]  🚧 FOLDER_UPSCAYL_PROGRESS:  34.32%

[2026-08-22 09:33:31.244] [info]  🚧 FOLDER_UPSCAYL_PROGRESS:  34.57%

[2026-08-22 09:33:31.986] [info]  🚧 FOLDER_UPSCAYL_PROGRESS:  34.81%

[2026-08-22 09:33:32.740] [info]  🚧 FOLDER_UPSCAYL_PROGRESS:  35.06%

[2026-08-22 09:33:33.487] [info]  🚧 FOLDER_UPSCAYL_PROGRESS:  35.31%

[2026-08-22 09:33:34.236] [info]  🚧 FOLDER_UPSCAYL_PROGRESS:  35.56%

[2026-08-22 09:33:34.981] [info]  🚧 FOLDER_UPSCAYL_PROGRESS:  35.80%

[2026-08-22 09:33:35.727] [info]  🚧 FOLDER_UPSCAYL_PROGRESS:  36.05%

[2026-08-22 09:33:36.476] [info]  🚧 FOLDER_UPSCAYL_PROGRESS:  36.30%

[2026-08-22 09:33:37.219] [info]  🚧 FOLDER_UPSCAYL_PROGRESS:  36.54%

[2026-08-22 09:33:37.977] [info]  🚧 FOLDER_UPSCAYL_PROGRESS:  36.79%

[2026-08-22 09:33:38.723] [info]  🚧 FOLDER_UPSCAYL_PROGRESS:  37.04%

[2026-08-22 09:33:39.468] [info]  🚧 FOLDER_UPSCAYL_PROGRESS:  37.28%

[2026-08-22 09:33:40.218] [info]  🚧 FOLDER_UPSCAYL_PROGRESS:  37.53%

[2026-08-22 09:33:40.965] [info]  🚧 FOLDER_UPSCAYL_PROGRESS:  37.78%

[2026-08-22 09:33:41.720] [info]  🚧 FOLDER_UPSCAYL_PROGRESS:  38.02%

[2026-08-22 09:33:42.457] [info]  🚧 FOLDER_UPSCAYL_PROGRESS:  38.27%

[2026-08-22 09:33:43.201] [info]  🚧 FOLDER_UPSCAYL_PROGRESS:  38.52%

[2026-08-22 09:33:43.957] [info]  🚧 FOLDER_UPSCAYL_PROGRESS:  38.77%

[2026-08-22 09:33:44.694] [info]  🚧 FOLDER_UPSCAYL_PROGRESS:  39.01%

[2026-08-22 09:33:45.449] [info]  🚧 FOLDER_UPSCAYL_PROGRESS:  39.26%

[2026-08-22 09:33:46.199] [info]  🚧 FOLDER_UPSCAYL_PROGRESS:  39.51%

[2026-08-22 09:33:46.412] [info]  🚧 FOLDER_UPSCAYL_PROGRESS:  39.75%

[2026-08-22 09:33:47.172] [info]  🚧 FOLDER_UPSCAYL_PROGRESS:  40.00%

[2026-08-22 09:33:47.921] [info]  🚧 FOLDER_UPSCAYL_PROGRESS:  40.25%

[2026-08-22 09:33:48.667] [info]  🚧 FOLDER_UPSCAYL_PROGRESS:  40.49%

[2026-08-22 09:33:49.417] [info]  🚧 FOLDER_UPSCAYL_PROGRESS:  40.74%

[2026-08-22 09:33:50.157] [info]  🚧 FOLDER_UPSCAYL_PROGRESS:  40.99%

[2026-08-22 09:33:50.902] [info]  🚧 FOLDER_UPSCAYL_PROGRESS:  41.23%

[2026-08-22 09:33:51.649] [info]  🚧 FOLDER_UPSCAYL_PROGRESS:  41.48%

[2026-08-22 09:33:52.398] [info]  🚧 FOLDER_UPSCAYL_PROGRESS:  41.73%

[2026-08-22 09:33:53.141] [info]  🚧 FOLDER_UPSCAYL_PROGRESS:  41.98%

[2026-08-22 09:33:53.894] [info]  🚧 FOLDER_UPSCAYL_PROGRESS:  42.22%

[2026-08-22 09:33:54.635] [info]  🚧 FOLDER_UPSCAYL_PROGRESS:  42.47%

[2026-08-22 09:33:55.385] [info]  🚧 FOLDER_UPSCAYL_PROGRESS:  42.72%

[2026-08-22 09:33:56.126] [info]  🚧 FOLDER_UPSCAYL_PROGRESS:  42.96%

[2026-08-22 09:33:56.875] [info]  🚧 FOLDER_UPSCAYL_PROGRESS:  43.21%

[2026-08-22 09:33:57.621] [info]  🚧 FOLDER_UPSCAYL_PROGRESS:  43.46%

[2026-08-22 09:33:58.366] [info]  🚧 FOLDER_UPSCAYL_PROGRESS:  43.70%

[2026-08-22 09:33:59.112] [info]  🚧 FOLDER_UPSCAYL_PROGRESS:  43.95%

[2026-08-22 09:33:59.860] [info]  🚧 FOLDER_UPSCAYL_PROGRESS:  44.20%

[2026-08-22 09:34:00.609] [info]  🚧 FOLDER_UPSCAYL_PROGRESS:  44.44%

[2026-08-22 09:34:01.357] [info]  🚧 FOLDER_UPSCAYL_PROGRESS:  44.69%

[2026-08-22 09:34:02.097] [info]  🚧 FOLDER_UPSCAYL_PROGRESS:  44.94%

[2026-08-22 09:34:02.838] [info]  🚧 FOLDER_UPSCAYL_PROGRESS:  45.19%

[2026-08-22 09:34:03.589] [info]  🚧 FOLDER_UPSCAYL_PROGRESS:  45.43%

[2026-08-22 09:34:04.339] [info]  🚧 FOLDER_UPSCAYL_PROGRESS:  45.68%

[2026-08-22 09:34:05.078] [info]  🚧 FOLDER_UPSCAYL_PROGRESS:  45.93%

[2026-08-22 09:34:05.819] [info]  🚧 FOLDER_UPSCAYL_PROGRESS:  46.17%

[2026-08-22 09:34:06.022] [info]  🚧 FOLDER_UPSCAYL_PROGRESS:  46.42%

[2026-08-22 09:34:06.790] [info]  🚧 FOLDER_UPSCAYL_PROGRESS:  46.67%

[2026-08-22 09:34:07.536] [info]  🚧 FOLDER_UPSCAYL_PROGRESS:  46.91%

[2026-08-22 09:34:08.285] [info]  🚧 FOLDER_UPSCAYL_PROGRESS:  47.16%

[2026-08-22 09:34:09.029] [info]  🚧 FOLDER_UPSCAYL_PROGRESS:  47.41%

[2026-08-22 09:34:09.775] [info]  🚧 FOLDER_UPSCAYL_PROGRESS:  47.65%

[2026-08-22 09:34:10.522] [info]  🚧 FOLDER_UPSCAYL_PROGRESS:  47.90%

[2026-08-22 09:34:11.270] [info]  🚧 FOLDER_UPSCAYL_PROGRESS:  48.15%

[2026-08-22 09:34:12.015] [info]  🚧 FOLDER_UPSCAYL_PROGRESS:  48.40%

[2026-08-22 09:34:12.755] [info]  🚧 FOLDER_UPSCAYL_PROGRESS:  48.64%

[2026-08-22 09:34:13.501] [info]  🚧 FOLDER_UPSCAYL_PROGRESS:  48.89%

[2026-08-22 09:34:14.246] [info]  🚧 FOLDER_UPSCAYL_PROGRESS:  49.14%

[2026-08-22 09:34:14.990] [info]  🚧 FOLDER_UPSCAYL_PROGRESS:  49.38%

[2026-08-22 09:34:15.736] [info]  🚧 FOLDER_UPSCAYL_PROGRESS:  49.63%

[2026-08-22 09:34:16.485] [info]  🚧 FOLDER_UPSCAYL_PROGRESS:  49.88%

[2026-08-22 09:34:17.231] [info]  🚧 FOLDER_UPSCAYL_PROGRESS:  50.12%

[2026-08-22 09:34:17.975] [info]  🚧 FOLDER_UPSCAYL_PROGRESS:  50.37%

[2026-08-22 09:34:18.720] [info]  🚧 FOLDER_UPSCAYL_PROGRESS:  50.62%

[2026-08-22 09:34:19.468] [info]  🚧 FOLDER_UPSCAYL_PROGRESS:  50.86%

[2026-08-22 09:34:20.211] [info]  🚧 FOLDER_UPSCAYL_PROGRESS:  51.11%

[2026-08-22 09:34:20.955] [info]  🚧 FOLDER_UPSCAYL_PROGRESS:  51.36%

[2026-08-22 09:34:21.704] [info]  🚧 FOLDER_UPSCAYL_PROGRESS:  51.60%

[2026-08-22 09:34:22.449] [info]  🚧 FOLDER_UPSCAYL_PROGRESS:  51.85%

[2026-08-22 09:34:23.195] [info]  🚧 FOLDER_UPSCAYL_PROGRESS:  52.10%

[2026-08-22 09:34:23.937] [info]  🚧 FOLDER_UPSCAYL_PROGRESS:  52.35%

[2026-08-22 09:34:24.683] [info]  🚧 FOLDER_UPSCAYL_PROGRESS:  52.59%

[2026-08-22 09:34:25.431] [info]  🚧 FOLDER_UPSCAYL_PROGRESS:  52.84%

[2026-08-22 09:34:25.630] [info]  🚧 FOLDER_UPSCAYL_PROGRESS:  53.09%

[2026-08-22 09:34:26.400] [info]  🚧 FOLDER_UPSCAYL_PROGRESS:  53.33%

[2026-08-22 09:34:27.141] [info]  🚧 FOLDER_UPSCAYL_PROGRESS:  53.58%

[2026-08-22 09:34:27.886] [info]  🚧 FOLDER_UPSCAYL_PROGRESS:  53.83%

[2026-08-22 09:34:28.632] [info]  🚧 FOLDER_UPSCAYL_PROGRESS:  54.07%

[2026-08-22 09:34:29.378] [info]  🚧 FOLDER_UPSCAYL_PROGRESS:  54.32%

[2026-08-22 09:34:30.123] [info]  🚧 FOLDER_UPSCAYL_PROGRESS:  54.57%

[2026-08-22 09:34:30.865] [info]  🚧 FOLDER_UPSCAYL_PROGRESS:  54.81%

[2026-08-22 09:34:31.613] [info]  🚧 FOLDER_UPSCAYL_PROGRESS:  55.06%

[2026-08-22 09:34:32.358] [info]  🚧 FOLDER_UPSCAYL_PROGRESS:  55.31%

[2026-08-22 09:34:33.103] [info]  🚧 FOLDER_UPSCAYL_PROGRESS:  55.56%

[2026-08-22 09:34:33.846] [info]  🚧 FOLDER_UPSCAYL_PROGRESS:  55.80%

[2026-08-22 09:34:34.595] [info]  🚧 FOLDER_UPSCAYL_PROGRESS:  56.05%

[2026-08-22 09:34:35.341] [info]  🚧 FOLDER_UPSCAYL_PROGRESS:  56.30%

[2026-08-22 09:34:36.084] [info]  🚧 FOLDER_UPSCAYL_PROGRESS:  56.54%

[2026-08-22 09:34:36.826] [info]  🚧 FOLDER_UPSCAYL_PROGRESS:  56.79%

[2026-08-22 09:34:37.577] [info]  🚧 FOLDER_UPSCAYL_PROGRESS:  57.04%

[2026-08-22 09:34:38.321] [info]  🚧 FOLDER_UPSCAYL_PROGRESS:  57.28%

[2026-08-22 09:34:39.065] [info]  🚧 FOLDER_UPSCAYL_PROGRESS:  57.53%

[2026-08-22 09:34:39.810] [info]  🚧 FOLDER_UPSCAYL_PROGRESS:  57.78%

[2026-08-22 09:34:40.561] [info]  🚧 FOLDER_UPSCAYL_PROGRESS:  58.02%

[2026-08-22 09:34:41.307] [info]  🚧 FOLDER_UPSCAYL_PROGRESS:  58.27%

[2026-08-22 09:34:42.042] [info]  🚧 FOLDER_UPSCAYL_PROGRESS:  58.52%

[2026-08-22 09:34:42.788] [info]  🚧 FOLDER_UPSCAYL_PROGRESS:  58.77%

[2026-08-22 09:34:43.538] [info]  🚧 FOLDER_UPSCAYL_PROGRESS:  59.01%

[2026-08-22 09:34:44.282] [info]  🚧 FOLDER_UPSCAYL_PROGRESS:  59.26%

[2026-08-22 09:34:45.031] [info]  🚧 FOLDER_UPSCAYL_PROGRESS:  59.51%

[2026-08-22 09:34:45.238] [info]  🚧 FOLDER_UPSCAYL_PROGRESS:  59.75%

[2026-08-22 09:34:46.007] [info]  🚧 FOLDER_UPSCAYL_PROGRESS:  60.00%

[2026-08-22 09:34:46.758] [info]  🚧 FOLDER_UPSCAYL_PROGRESS:  60.25%

[2026-08-22 09:34:47.509] [info]  🚧 FOLDER_UPSCAYL_PROGRESS:  60.49%

[2026-08-22 09:34:48.249] [info]  🚧 FOLDER_UPSCAYL_PROGRESS:  60.74%

[2026-08-22 09:34:49.001] [info]  🚧 FOLDER_UPSCAYL_PROGRESS:  60.99%

[2026-08-22 09:34:49.750] [info]  🚧 FOLDER_UPSCAYL_PROGRESS:  61.23%

[2026-08-22 09:34:50.501] [info]  🚧 FOLDER_UPSCAYL_PROGRESS:  61.48%

[2026-08-22 09:34:51.245] [info]  🚧 FOLDER_UPSCAYL_PROGRESS:  61.73%

[2026-08-22 09:34:52.001] [info]  🚧 FOLDER_UPSCAYL_PROGRESS:  61.98%

[2026-08-22 09:34:52.737] [info]  🚧 FOLDER_UPSCAYL_PROGRESS:  62.22%

[2026-08-22 09:34:53.484] [info]  🚧 FOLDER_UPSCAYL_PROGRESS:  62.47%

[2026-08-22 09:34:54.232] [info]  🚧 FOLDER_UPSCAYL_PROGRESS:  62.72%

[2026-08-22 09:34:54.980] [info]  🚧 FOLDER_UPSCAYL_PROGRESS:  62.96%

[2026-08-22 09:34:55.730] [info]  🚧 FOLDER_UPSCAYL_PROGRESS:  63.21%

[2026-08-22 09:34:56.479] [info]  🚧 FOLDER_UPSCAYL_PROGRESS:  63.46%

[2026-08-22 09:34:57.225] [info]  🚧 FOLDER_UPSCAYL_PROGRESS:  63.70%

[2026-08-22 09:34:57.971] [info]  🚧 FOLDER_UPSCAYL_PROGRESS:  63.95%

[2026-08-22 09:34:58.713] [info]  🚧 FOLDER_UPSCAYL_PROGRESS:  64.20%

[2026-08-22 09:34:59.462] [info]  🚧 FOLDER_UPSCAYL_PROGRESS:  64.44%

[2026-08-22 09:35:00.207] [info]  🚧 FOLDER_UPSCAYL_PROGRESS:  64.69%

[2026-08-22 09:35:00.950] [info]  🚧 FOLDER_UPSCAYL_PROGRESS:  64.94%

[2026-08-22 09:35:01.700] [info]  🚧 FOLDER_UPSCAYL_PROGRESS:  65.19%

[2026-08-22 09:35:02.445] [info]  🚧 FOLDER_UPSCAYL_PROGRESS:  65.43%

[2026-08-22 09:35:03.195] [info]  🚧 FOLDER_UPSCAYL_PROGRESS:  65.68%

[2026-08-22 09:35:03.937] [info]  🚧 FOLDER_UPSCAYL_PROGRESS:  65.93%

[2026-08-22 09:35:04.689] [info]  🚧 FOLDER_UPSCAYL_PROGRESS:  66.17%

[2026-08-22 09:35:04.890] [info]  🚧 FOLDER_UPSCAYL_PROGRESS:  66.42%

[2026-08-22 09:35:05.659] [info]  🚧 FOLDER_UPSCAYL_PROGRESS:  66.67%

[2026-08-22 09:35:06.393] [info]  🚧 FOLDER_UPSCAYL_PROGRESS:  66.91%

[2026-08-22 09:35:07.129] [info]  🚧 FOLDER_UPSCAYL_PROGRESS:  67.16%

[2026-08-22 09:35:07.867] [info]  🚧 FOLDER_UPSCAYL_PROGRESS:  67.41%

[2026-08-22 09:35:08.620] [info]  🚧 FOLDER_UPSCAYL_PROGRESS:  67.65%

[2026-08-22 09:35:09.363] [info]  🚧 FOLDER_UPSCAYL_PROGRESS:  67.90%

[2026-08-22 09:35:10.106] [info]  🚧 FOLDER_UPSCAYL_PROGRESS:  68.15%

[2026-08-22 09:35:10.854] [info]  🚧 FOLDER_UPSCAYL_PROGRESS:  68.40%

[2026-08-22 09:35:11.594] [info]  🚧 FOLDER_UPSCAYL_PROGRESS:  68.64%

[2026-08-22 09:35:12.342] [info]  🚧 FOLDER_UPSCAYL_PROGRESS:  68.89%

[2026-08-22 09:35:13.077] [info]  🚧 FOLDER_UPSCAYL_PROGRESS:  69.14%

[2026-08-22 09:35:13.820] [info]  🚧 FOLDER_UPSCAYL_PROGRESS:  69.38%

[2026-08-22 09:35:14.558] [info]  🚧 FOLDER_UPSCAYL_PROGRESS:  69.63%

[2026-08-22 09:35:15.311] [info]  🚧 FOLDER_UPSCAYL_PROGRESS:  69.88%

[2026-08-22 09:35:16.049] [info]  🚧 FOLDER_UPSCAYL_PROGRESS:  70.12%

[2026-08-22 09:35:16.798] [info]  🚧 FOLDER_UPSCAYL_PROGRESS:  70.37%

[2026-08-22 09:35:17.545] [info]  🚧 FOLDER_UPSCAYL_PROGRESS:  70.62%

[2026-08-22 09:35:18.290] [info]  🚧 FOLDER_UPSCAYL_PROGRESS:  70.86%

[2026-08-22 09:35:19.027] [info]  🚧 FOLDER_UPSCAYL_PROGRESS:  71.11%

[2026-08-22 09:35:19.765] [info]  🚧 FOLDER_UPSCAYL_PROGRESS:  71.36%

[2026-08-22 09:35:20.504] [info]  🚧 FOLDER_UPSCAYL_PROGRESS:  71.60%

[2026-08-22 09:35:21.252] [info]  🚧 FOLDER_UPSCAYL_PROGRESS:  71.85%

[2026-08-22 09:35:22.000] [info]  🚧 FOLDER_UPSCAYL_PROGRESS:  72.10%

[2026-08-22 09:35:22.744] [info]  🚧 FOLDER_UPSCAYL_PROGRESS:  72.35%

[2026-08-22 09:35:23.495] [info]  🚧 FOLDER_UPSCAYL_PROGRESS:  72.59%

[2026-08-22 09:35:24.244] [info]  🚧 FOLDER_UPSCAYL_PROGRESS:  72.84%

[2026-08-22 09:35:24.441] [info]  🚧 FOLDER_UPSCAYL_PROGRESS:  73.09%

[2026-08-22 09:35:25.186] [info]  🚧 FOLDER_UPSCAYL_PROGRESS:  73.33%

[2026-08-22 09:35:25.934] [info]  🚧 FOLDER_UPSCAYL_PROGRESS:  73.58%

[2026-08-22 09:35:26.679] [info]  🚧 FOLDER_UPSCAYL_PROGRESS:  73.83%

[2026-08-22 09:35:27.428] [info]  🚧 FOLDER_UPSCAYL_PROGRESS:  74.07%

[2026-08-22 09:35:28.165] [info]  🚧 FOLDER_UPSCAYL_PROGRESS:  74.32%

[2026-08-22 09:35:28.910] [info]  🚧 FOLDER_UPSCAYL_PROGRESS:  74.57%

[2026-08-22 09:35:29.655] [info]  🚧 FOLDER_UPSCAYL_PROGRESS:  74.81%

[2026-08-22 09:35:30.403] [info]  🚧 FOLDER_UPSCAYL_PROGRESS:  75.06%

[2026-08-22 09:35:31.151] [info]  🚧 FOLDER_UPSCAYL_PROGRESS:  75.31%

[2026-08-22 09:35:31.893] [info]  🚧 FOLDER_UPSCAYL_PROGRESS:  75.56%

[2026-08-22 09:35:32.642] [info]  🚧 FOLDER_UPSCAYL_PROGRESS:  75.80%

[2026-08-22 09:35:33.393] [info]  🚧 FOLDER_UPSCAYL_PROGRESS:  76.05%

[2026-08-22 09:35:34.136] [info]  🚧 FOLDER_UPSCAYL_PROGRESS:  76.30%

[2026-08-22 09:35:34.888] [info]  🚧 FOLDER_UPSCAYL_PROGRESS:  76.54%

[2026-08-22 09:35:35.642] [info]  🚧 FOLDER_UPSCAYL_PROGRESS:  76.79%

[2026-08-22 09:35:36.381] [info]  🚧 FOLDER_UPSCAYL_PROGRESS:  77.04%

[2026-08-22 09:35:37.124] [info]  🚧 FOLDER_UPSCAYL_PROGRESS:  77.28%

[2026-08-22 09:35:37.882] [info]  🚧 FOLDER_UPSCAYL_PROGRESS:  77.53%

[2026-08-22 09:35:38.634] [info]  🚧 FOLDER_UPSCAYL_PROGRESS:  77.78%

[2026-08-22 09:35:39.376] [info]  🚧 FOLDER_UPSCAYL_PROGRESS:  78.02%

[2026-08-22 09:35:40.125] [info]  🚧 FOLDER_UPSCAYL_PROGRESS:  78.27%

[2026-08-22 09:35:40.874] [info]  🚧 FOLDER_UPSCAYL_PROGRESS:  78.52%

[2026-08-22 09:35:41.622] [info]  🚧 FOLDER_UPSCAYL_PROGRESS:  78.77%

[2026-08-22 09:35:42.366] [info]  🚧 FOLDER_UPSCAYL_PROGRESS:  79.01%

[2026-08-22 09:35:43.102] [info]  🚧 FOLDER_UPSCAYL_PROGRESS:  79.26%

[2026-08-22 09:35:43.846] [info]  🚧 FOLDER_UPSCAYL_PROGRESS:  79.51%

[2026-08-22 09:35:44.051] [info]  🚧 FOLDER_UPSCAYL_PROGRESS:  79.75%

[2026-08-22 09:35:44.797] [info]  🚧 FOLDER_UPSCAYL_PROGRESS:  80.00%

[2026-08-22 09:35:45.541] [info]  🚧 FOLDER_UPSCAYL_PROGRESS:  80.25%

[2026-08-22 09:35:46.282] [info]  🚧 FOLDER_UPSCAYL_PROGRESS:  80.49%

[2026-08-22 09:35:47.024] [info]  🚧 FOLDER_UPSCAYL_PROGRESS:  80.74%

[2026-08-22 09:35:47.769] [info]  🚧 FOLDER_UPSCAYL_PROGRESS:  80.99%

[2026-08-22 09:35:48.516] [info]  🚧 FOLDER_UPSCAYL_PROGRESS:  81.23%

[2026-08-22 09:35:49.273] [info]  🚧 FOLDER_UPSCAYL_PROGRESS:  81.48%

[2026-08-22 09:35:50.010] [info]  🚧 FOLDER_UPSCAYL_PROGRESS:  81.73%

[2026-08-22 09:35:50.766] [info]  🚧 FOLDER_UPSCAYL_PROGRESS:  81.98%

[2026-08-22 09:35:51.514] [info]  🚧 FOLDER_UPSCAYL_PROGRESS:  82.22%

[2026-08-22 09:35:52.265] [info]  🚧 FOLDER_UPSCAYL_PROGRESS:  82.47%

[2026-08-22 09:35:53.012] [info]  🚧 FOLDER_UPSCAYL_PROGRESS:  82.72%

[2026-08-22 09:35:53.756] [info]  🚧 FOLDER_UPSCAYL_PROGRESS:  82.96%

[2026-08-22 09:35:54.506] [info]  🚧 FOLDER_UPSCAYL_PROGRESS:  83.21%

[2026-08-22 09:35:55.249] [info]  🚧 FOLDER_UPSCAYL_PROGRESS:  83.46%

[2026-08-22 09:35:55.994] [info]  🚧 FOLDER_UPSCAYL_PROGRESS:  83.70%

[2026-08-22 09:35:56.739] [info]  🚧 FOLDER_UPSCAYL_PROGRESS:  83.95%

[2026-08-22 09:35:57.488] [info]  🚧 FOLDER_UPSCAYL_PROGRESS:  84.20%

[2026-08-22 09:35:58.230] [info]  🚧 FOLDER_UPSCAYL_PROGRESS:  84.44%

[2026-08-22 09:35:58.978] [info]  🚧 FOLDER_UPSCAYL_PROGRESS:  84.69%

[2026-08-22 09:35:59.723] [info]  🚧 FOLDER_UPSCAYL_PROGRESS:  84.94%

[2026-08-22 09:36:00.472] [info]  🚧 FOLDER_UPSCAYL_PROGRESS:  85.19%

[2026-08-22 09:36:01.213] [info]  🚧 FOLDER_UPSCAYL_PROGRESS:  85.43%

[2026-08-22 09:36:01.964] [info]  🚧 FOLDER_UPSCAYL_PROGRESS:  85.68%

[2026-08-22 09:36:02.707] [info]  🚧 FOLDER_UPSCAYL_PROGRESS:  85.93%

[2026-08-22 09:36:03.453] [info]  🚧 FOLDER_UPSCAYL_PROGRESS:  86.17%

[2026-08-22 09:36:03.656] [info]  🚧 FOLDER_UPSCAYL_PROGRESS:  86.42%

[2026-08-22 09:36:04.418] [info]  🚧 FOLDER_UPSCAYL_PROGRESS:  86.67%

[2026-08-22 09:36:05.159] [info]  🚧 FOLDER_UPSCAYL_PROGRESS:  86.91%

[2026-08-22 09:36:05.911] [info]  🚧 FOLDER_UPSCAYL_PROGRESS:  87.16%

[2026-08-22 09:36:06.659] [info]  🚧 FOLDER_UPSCAYL_PROGRESS:  87.41%

[2026-08-22 09:36:07.413] [info]  🚧 FOLDER_UPSCAYL_PROGRESS:  87.65%

[2026-08-22 09:36:08.150] [info]  🚧 FOLDER_UPSCAYL_PROGRESS:  87.90%

[2026-08-22 09:36:08.898] [info]  🚧 FOLDER_UPSCAYL_PROGRESS:  88.15%

[2026-08-22 09:36:09.641] [info]  🚧 FOLDER_UPSCAYL_PROGRESS:  88.40%

[2026-08-22 09:36:10.377] [info]  🚧 FOLDER_UPSCAYL_PROGRESS:  88.64%

[2026-08-22 09:36:11.118] [info]  🚧 FOLDER_UPSCAYL_PROGRESS:  88.89%

[2026-08-22 09:36:11.860] [info]  🚧 FOLDER_UPSCAYL_PROGRESS:  89.14%

[2026-08-22 09:36:12.605] [info]  🚧 FOLDER_UPSCAYL_PROGRESS:  89.38%

[2026-08-22 09:36:13.350] [info]  🚧 FOLDER_UPSCAYL_PROGRESS:  89.63%

[2026-08-22 09:36:14.095] [info]  🚧 FOLDER_UPSCAYL_PROGRESS:  89.88%

[2026-08-22 09:36:14.847] [info]  🚧 FOLDER_UPSCAYL_PROGRESS:  90.12%

[2026-08-22 09:36:15.593] [info]  🚧 FOLDER_UPSCAYL_PROGRESS:  90.37%

[2026-08-22 09:36:16.338] [info]  🚧 FOLDER_UPSCAYL_PROGRESS:  90.62%

[2026-08-22 09:36:17.082] [info]  🚧 FOLDER_UPSCAYL_PROGRESS:  90.86%

[2026-08-22 09:36:17.819] [info]  🚧 FOLDER_UPSCAYL_PROGRESS:  91.11%

[2026-08-22 09:36:18.562] [info]  🚧 FOLDER_UPSCAYL_PROGRESS:  91.36%

[2026-08-22 09:36:19.307] [info]  🚧 FOLDER_UPSCAYL_PROGRESS:  91.60%

[2026-08-22 09:36:20.049] [info]  🚧 FOLDER_UPSCAYL_PROGRESS:  91.85%

[2026-08-22 09:36:20.791] [info]  🚧 FOLDER_UPSCAYL_PROGRESS:  92.10%

[2026-08-22 09:36:21.537] [info]  🚧 FOLDER_UPSCAYL_PROGRESS:  92.35%

[2026-08-22 09:36:22.281] [info]  🚧 FOLDER_UPSCAYL_PROGRESS:  92.59%

[2026-08-22 09:36:23.023] [info]  🚧 FOLDER_UPSCAYL_PROGRESS:  92.84%

[2026-08-22 09:36:23.225] [info]  🚧 FOLDER_UPSCAYL_PROGRESS:  93.09%

[2026-08-22 09:36:23.753] [info]  🚧 FOLDER_UPSCAYL_PROGRESS:  93.33%

[2026-08-22 09:36:24.263] [info]  🚧 FOLDER_UPSCAYL_PROGRESS:  93.58%

[2026-08-22 09:36:24.772] [info]  🚧 FOLDER_UPSCAYL_PROGRESS:  93.83%

[2026-08-22 09:36:25.277] [info]  🚧 FOLDER_UPSCAYL_PROGRESS:  94.07%

[2026-08-22 09:36:25.785] [info]  🚧 FOLDER_UPSCAYL_PROGRESS:  94.32%

[2026-08-22 09:36:26.296] [info]  🚧 FOLDER_UPSCAYL_PROGRESS:  94.57%

[2026-08-22 09:36:26.803] [info]  🚧 FOLDER_UPSCAYL_PROGRESS:  94.81%

[2026-08-22 09:36:27.315] [info]  🚧 FOLDER_UPSCAYL_PROGRESS:  95.06%

[2026-08-22 09:36:27.832] [info]  🚧 FOLDER_UPSCAYL_PROGRESS:  95.31%

[2026-08-22 09:36:28.344] [info]  🚧 FOLDER_UPSCAYL_PROGRESS:  95.56%

[2026-08-22 09:36:28.849] [info]  🚧 FOLDER_UPSCAYL_PROGRESS:  95.80%

[2026-08-22 09:36:29.368] [info]  🚧 FOLDER_UPSCAYL_PROGRESS:  96.05%

[2026-08-22 09:36:29.877] [info]  🚧 FOLDER_UPSCAYL_PROGRESS:  96.30%

[2026-08-22 09:36:30.387] [info]  🚧 FOLDER_UPSCAYL_PROGRESS:  96.54%

[2026-08-22 09:36:30.894] [info]  🚧 FOLDER_UPSCAYL_PROGRESS:  96.79%

[2026-08-22 09:36:31.408] [info]  🚧 FOLDER_UPSCAYL_PROGRESS:  97.04%

[2026-08-22 09:36:31.909] [info]  🚧 FOLDER_UPSCAYL_PROGRESS:  97.28%

[2026-08-22 09:36:32.415] [info]  🚧 FOLDER_UPSCAYL_PROGRESS:  97.53%

[2026-08-22 09:36:32.918] [info]  🚧 FOLDER_UPSCAYL_PROGRESS:  97.78%

[2026-08-22 09:36:33.430] [info]  🚧 FOLDER_UPSCAYL_PROGRESS:  98.02%

[2026-08-22 09:36:33.934] [info]  🚧 FOLDER_UPSCAYL_PROGRESS:  98.27%

[2026-08-22 09:36:34.439] [info]  🚧 FOLDER_UPSCAYL_PROGRESS:  98.52%

[2026-08-22 09:36:34.942] [info]  🚧 FOLDER_UPSCAYL_PROGRESS:  98.77%

[2026-08-22 09:36:35.446] [info]  🚧 FOLDER_UPSCAYL_PROGRESS:  99.01%

[2026-08-22 09:36:35.955] [info]  🚧 FOLDER_UPSCAYL_PROGRESS:  99.26%

[2026-08-22 09:36:36.467] [info]  🚧 FOLDER_UPSCAYL_PROGRESS:  99.51%

[2026-08-22 09:36:36.613] [info]  🚧 FOLDER_UPSCAYL_PROGRESS:  99.75%

[2026-08-22 09:36:36.635] [info]  🚧 FOLDER_UPSCAYL_PROGRESS:  🏞️ Resizing image according to output scale

[2026-08-22 09:36:37.315] [info]  🚧 FOLDER_UPSCAYL_PROGRESS:  🏞️ Scaled image from 5225x2940 to 10450x5880

[2026-08-22 09:36:37.373] [info]  🚧 FOLDER_UPSCAYL_PROGRESS:  0.00%

[2026-08-22 09:36:38.106] [info]  🚧 FOLDER_UPSCAYL_PROGRESS:  0.25%

[2026-08-22 09:36:38.838] [info]  🚧 FOLDER_UPSCAYL_PROGRESS:  0.49%

[2026-08-22 09:36:39.572] [info]  🚧 FOLDER_UPSCAYL_PROGRESS:  0.74%

[2026-08-22 09:36:40.305] [info]  🚧 FOLDER_UPSCAYL_PROGRESS:  0.99%

[2026-08-22 09:36:41.036] [info]  🚧 FOLDER_UPSCAYL_PROGRESS:  1.23%

[2026-08-22 09:36:41.771] [info]  🚧 FOLDER_UPSCAYL_PROGRESS:  1.48%

[2026-08-22 09:36:42.505] [info]  🚧 FOLDER_UPSCAYL_PROGRESS:  1.73%

[2026-08-22 09:36:43.238] [info]  🚧 FOLDER_UPSCAYL_PROGRESS:  1.98%

[2026-08-22 09:36:43.970] [info]  🚧 FOLDER_UPSCAYL_PROGRESS:  2.22%

[2026-08-22 09:36:44.704] [info]  🚧 FOLDER_UPSCAYL_PROGRESS:  2.47%

[2026-08-22 09:36:45.148] [info]  🚧 FOLDER_UPSCAYL_PROGRESS:  100.00%

🙌 Upscayled Successfully!

[2026-08-22 09:36:45.443] [info]  🚧 FOLDER_UPSCAYL_PROGRESS:  2.72%

[2026-08-22 09:36:46.189] [info]  🚧 FOLDER_UPSCAYL_PROGRESS:  2.96%

[2026-08-22 09:36:46.934] [info]  🚧 FOLDER_UPSCAYL_PROGRESS:  3.21%

[2026-08-22 09:36:47.682] [info]  🚧 FOLDER_UPSCAYL_PROGRESS:  3.46%

[2026-08-22 09:36:48.429] [info]  🚧 FOLDER_UPSCAYL_PROGRESS:  3.70%

[2026-08-22 09:36:49.176] [info]  🚧 FOLDER_UPSCAYL_PROGRESS:  3.95%

[2026-08-22 09:36:49.923] [info]  🚧 FOLDER_UPSCAYL_PROGRESS:  4.20%

[2026-08-22 09:36:50.668] [info]  🚧 FOLDER_UPSCAYL_PROGRESS:  4.44%

[2026-08-22 09:36:51.417] [info]  🚧 FOLDER_UPSCAYL_PROGRESS:  4.69%

[2026-08-22 09:36:52.158] [info]  🚧 FOLDER_UPSCAYL_PROGRESS:  4.94%

[2026-08-22 09:36:52.912] [info]  🚧 FOLDER_UPSCAYL_PROGRESS:  5.19%

[2026-08-22 09:36:53.650] [info]  🚧 FOLDER_UPSCAYL_PROGRESS:  5.43%

[2026-08-22 09:36:54.394] [info]  🚧 FOLDER_UPSCAYL_PROGRESS:  5.68%

[2026-08-22 09:36:55.129] [info]  🚧 FOLDER_UPSCAYL_PROGRESS:  5.93%

[2026-08-22 09:36:55.874] [info]  🚧 FOLDER_UPSCAYL_PROGRESS:  6.17%

[2026-08-22 09:36:56.082] [info]  🚧 FOLDER_UPSCAYL_PROGRESS:  6.42%

[2026-08-22 09:36:56.843] [info]  🚧 FOLDER_UPSCAYL_PROGRESS:  6.67%

[2026-08-22 09:36:57.594] [info]  🚧 FOLDER_UPSCAYL_PROGRESS:  6.91%

[2026-08-22 09:36:58.338] [info]  🚧 FOLDER_UPSCAYL_PROGRESS:  7.16%

[2026-08-22 09:36:59.076] [info]  🚧 FOLDER_UPSCAYL_PROGRESS:  7.41%

[2026-08-22 09:36:59.824] [info]  🚧 FOLDER_UPSCAYL_PROGRESS:  7.65%

[2026-08-22 09:37:00.572] [info]  🚧 FOLDER_UPSCAYL_PROGRESS:  7.90%

[2026-08-22 09:37:01.319] [info]  🚧 FOLDER_UPSCAYL_PROGRESS:  8.15%

[2026-08-22 09:37:02.062] [info]  🚧 FOLDER_UPSCAYL_PROGRESS:  8.40%

[2026-08-22 09:37:02.805] [info]  🚧 FOLDER_UPSCAYL_PROGRESS:  8.64%

[2026-08-22 09:37:03.554] [info]  🚧 FOLDER_UPSCAYL_PROGRESS:  8.89%

[2026-08-22 09:37:04.299] [info]  🚧 FOLDER_UPSCAYL_PROGRESS:  9.14%

[2026-08-22 09:37:05.045] [info]  🚧 FOLDER_UPSCAYL_PROGRESS:  9.38%

[2026-08-22 09:37:05.789] [info]  🚧 FOLDER_UPSCAYL_PROGRESS:  9.63%

[2026-08-22 09:37:06.541] [info]  🚧 FOLDER_UPSCAYL_PROGRESS:  9.88%

[2026-08-22 09:37:07.288] [info]  🚧 FOLDER_UPSCAYL_PROGRESS:  10.12%

[2026-08-22 09:37:08.036] [info]  🚧 FOLDER_UPSCAYL_PROGRESS:  10.37%

[2026-08-22 09:37:08.783] [info]  🚧 FOLDER_UPSCAYL_PROGRESS:  10.62%

[2026-08-22 09:37:09.531] [info]  🚧 FOLDER_UPSCAYL_PROGRESS:  10.86%

[2026-08-22 09:37:10.275] [info]  🚧 FOLDER_UPSCAYL_PROGRESS:  11.11%

[2026-08-22 09:37:11.028] [info]  🚧 FOLDER_UPSCAYL_PROGRESS:  11.36%

[2026-08-22 09:37:11.760] [info]  🚧 FOLDER_UPSCAYL_PROGRESS:  11.60%

[2026-08-22 09:37:12.502] [info]  🚧 FOLDER_UPSCAYL_PROGRESS:  11.85%

[2026-08-22 09:37:13.246] [info]  🚧 FOLDER_UPSCAYL_PROGRESS:  12.10%

[2026-08-22 09:37:13.991] [info]  🚧 FOLDER_UPSCAYL_PROGRESS:  12.35%

[2026-08-22 09:37:14.734] [info]  🚧 FOLDER_UPSCAYL_PROGRESS:  12.59%

[2026-08-22 09:37:15.483] [info]  🚧 FOLDER_UPSCAYL_PROGRESS:  12.84%

[2026-08-22 09:37:15.679] [info]  🚧 FOLDER_UPSCAYL_PROGRESS:  13.09%

[2026-08-22 09:37:16.438] [info]  🚧 FOLDER_UPSCAYL_PROGRESS:  13.33%

[2026-08-22 09:37:17.181] [info]  🚧 FOLDER_UPSCAYL_PROGRESS:  13.58%

[2026-08-22 09:37:17.926] [info]  🚧 FOLDER_UPSCAYL_PROGRESS:  13.83%

[2026-08-22 09:37:18.670] [info]  🚧 FOLDER_UPSCAYL_PROGRESS:  14.07%

[2026-08-22 09:37:19.426] [info]  🚧 FOLDER_UPSCAYL_PROGRESS:  14.32%

[2026-08-22 09:37:20.157] [info]  🚧 FOLDER_UPSCAYL_PROGRESS:  14.57%

[2026-08-22 09:37:20.899] [info]  🚧 FOLDER_UPSCAYL_PROGRESS:  14.81%

[2026-08-22 09:37:21.642] [info]  🚧 FOLDER_UPSCAYL_PROGRESS:  15.06%

[2026-08-22 09:37:22.383] [info]  🚧 FOLDER_UPSCAYL_PROGRESS:  15.31%

[2026-08-22 09:37:23.128] [info]  🚧 FOLDER_UPSCAYL_PROGRESS:  15.56%

[2026-08-22 09:37:23.878] [info]  🚧 FOLDER_UPSCAYL_PROGRESS:  15.80%

[2026-08-22 09:37:24.627] [info]  🚧 FOLDER_UPSCAYL_PROGRESS:  16.05%

[2026-08-22 09:37:25.373] [info]  🚧 FOLDER_UPSCAYL_PROGRESS:  16.30%

[2026-08-22 09:37:26.120] [info]  🚧 FOLDER_UPSCAYL_PROGRESS:  16.54%

[2026-08-22 09:37:26.871] [info]  🚧 FOLDER_UPSCAYL_PROGRESS:  16.79%

[2026-08-22 09:37:27.623] [info]  🚧 FOLDER_UPSCAYL_PROGRESS:  17.04%

[2026-08-22 09:37:28.372] [info]  🚧 FOLDER_UPSCAYL_PROGRESS:  17.28%

[2026-08-22 09:37:29.114] [info]  🚧 FOLDER_UPSCAYL_PROGRESS:  17.53%

[2026-08-22 09:37:29.860] [info]  🚧 FOLDER_UPSCAYL_PROGRESS:  17.78%

[2026-08-22 09:37:30.613] [info]  🚧 FOLDER_UPSCAYL_PROGRESS:  18.02%

[2026-08-22 09:37:31.362] [info]  🚧 FOLDER_UPSCAYL_PROGRESS:  18.27%

[2026-08-22 09:37:32.112] [info]  🚧 FOLDER_UPSCAYL_PROGRESS:  18.52%

[2026-08-22 09:37:32.860] [info]  🚧 FOLDER_UPSCAYL_PROGRESS:  18.77%

[2026-08-22 09:37:33.613] [info]  🚧 FOLDER_UPSCAYL_PROGRESS:  19.01%

[2026-08-22 09:37:34.361] [info]  🚧 FOLDER_UPSCAYL_PROGRESS:  19.26%

[2026-08-22 09:37:35.110] [info]  🚧 FOLDER_UPSCAYL_PROGRESS:  19.51%

[2026-08-22 09:37:35.321] [info]  🚧 FOLDER_UPSCAYL_PROGRESS:  19.75%

[2026-08-22 09:37:36.093] [info]  🚧 FOLDER_UPSCAYL_PROGRESS:  20.00%

[2026-08-22 09:37:36.841] [info]  🚧 FOLDER_UPSCAYL_PROGRESS:  20.25%

[2026-08-22 09:37:37.593] [info]  🚧 FOLDER_UPSCAYL_PROGRESS:  20.49%

[2026-08-22 09:37:38.341] [info]  🚧 FOLDER_UPSCAYL_PROGRESS:  20.74%

[2026-08-22 09:37:39.105] [info]  🚧 FOLDER_UPSCAYL_PROGRESS:  20.99%

[2026-08-22 09:37:39.850] [info]  🚧 FOLDER_UPSCAYL_PROGRESS:  21.23%

[2026-08-22 09:37:40.598] [info]  🚧 FOLDER_UPSCAYL_PROGRESS:  21.48%

[2026-08-22 09:37:41.344] [info]  🚧 FOLDER_UPSCAYL_PROGRESS:  21.73%

[2026-08-22 09:37:42.091] [info]  🚧 FOLDER_UPSCAYL_PROGRESS:  21.98%

[2026-08-22 09:37:42.836] [info]  🚧 FOLDER_UPSCAYL_PROGRESS:  22.22%

[2026-08-22 09:37:43.583] [info]  🚧 FOLDER_UPSCAYL_PROGRESS:  22.47%

[2026-08-22 09:37:44.341] [info]  🚧 FOLDER_UPSCAYL_PROGRESS:  22.72%

[2026-08-22 09:37:45.091] [info]  🚧 FOLDER_UPSCAYL_PROGRESS:  22.96%

[2026-08-22 09:37:45.837] [info]  🚧 FOLDER_UPSCAYL_PROGRESS:  23.21%

[2026-08-22 09:37:46.585] [info]  🚧 FOLDER_UPSCAYL_PROGRESS:  23.46%

[2026-08-22 09:37:47.333] [info]  🚧 FOLDER_UPSCAYL_PROGRESS:  23.70%

[2026-08-22 09:37:48.079] [info]  🚧 FOLDER_UPSCAYL_PROGRESS:  23.95%

[2026-08-22 09:37:48.827] [info]  🚧 FOLDER_UPSCAYL_PROGRESS:  24.20%

[2026-08-22 09:37:49.573] [info]  🚧 FOLDER_UPSCAYL_PROGRESS:  24.44%

[2026-08-22 09:37:50.316] [info]  🚧 FOLDER_UPSCAYL_PROGRESS:  24.69%

[2026-08-22 09:37:51.068] [info]  🚧 FOLDER_UPSCAYL_PROGRESS:  24.94%

[2026-08-22 09:37:51.805] [info]  🚧 FOLDER_UPSCAYL_PROGRESS:  25.19%

[2026-08-22 09:37:52.560] [info]  🚧 FOLDER_UPSCAYL_PROGRESS:  25.43%

[2026-08-22 09:37:53.306] [info]  🚧 FOLDER_UPSCAYL_PROGRESS:  25.68%

[2026-08-22 09:37:54.056] [info]  🚧 FOLDER_UPSCAYL_PROGRESS:  25.93%

[2026-08-22 09:37:54.810] [info]  🚧 FOLDER_UPSCAYL_PROGRESS:  26.17%

[2026-08-22 09:37:55.010] [info]  🚧 FOLDER_UPSCAYL_PROGRESS:  26.42%

[2026-08-22 09:37:55.790] [info]  🚧 FOLDER_UPSCAYL_PROGRESS:  26.67%

[2026-08-22 09:37:56.523] [info]  🚧 FOLDER_UPSCAYL_PROGRESS:  26.91%

[2026-08-22 09:37:57.273] [info]  🚧 FOLDER_UPSCAYL_PROGRESS:  27.16%

[2026-08-22 09:37:58.017] [info]  🚧 FOLDER_UPSCAYL_PROGRESS:  27.41%

[2026-08-22 09:37:58.769] [info]  🚧 FOLDER_UPSCAYL_PROGRESS:  27.65%

[2026-08-22 09:37:59.512] [info]  🚧 FOLDER_UPSCAYL_PROGRESS:  27.90%

[2026-08-22 09:38:00.262] [info]  🚧 FOLDER_UPSCAYL_PROGRESS:  28.15%

[2026-08-22 09:38:01.009] [info]  🚧 FOLDER_UPSCAYL_PROGRESS:  28.40%

[2026-08-22 09:38:01.757] [info]  🚧 FOLDER_UPSCAYL_PROGRESS:  28.64%

[2026-08-22 09:38:02.504] [info]  🚧 FOLDER_UPSCAYL_PROGRESS:  28.89%

[2026-08-22 09:38:03.251] [info]  🚧 FOLDER_UPSCAYL_PROGRESS:  29.14%

[2026-08-22 09:38:04.000] [info]  🚧 FOLDER_UPSCAYL_PROGRESS:  29.38%

[2026-08-22 09:38:04.745] [info]  🚧 FOLDER_UPSCAYL_PROGRESS:  29.63%

[2026-08-22 09:38:05.500] [info]  🚧 FOLDER_UPSCAYL_PROGRESS:  29.88%

[2026-08-22 09:38:06.246] [info]  🚧 FOLDER_UPSCAYL_PROGRESS:  30.12%

[2026-08-22 09:38:06.990] [info]  🚧 FOLDER_UPSCAYL_PROGRESS:  30.37%

[2026-08-22 09:38:07.738] [info]  🚧 FOLDER_UPSCAYL_PROGRESS:  30.62%

[2026-08-22 09:38:08.487] [info]  🚧 FOLDER_UPSCAYL_PROGRESS:  30.86%

[2026-08-22 09:38:09.236] [info]  🚧 FOLDER_UPSCAYL_PROGRESS:  31.11%

[2026-08-22 09:38:09.980] [info]  🚧 FOLDER_UPSCAYL_PROGRESS:  31.36%

[2026-08-22 09:38:10.729] [info]  🚧 FOLDER_UPSCAYL_PROGRESS:  31.60%

[2026-08-22 09:38:11.477] [info]  🚧 FOLDER_UPSCAYL_PROGRESS:  31.85%

[2026-08-22 09:38:12.226] [info]  🚧 FOLDER_UPSCAYL_PROGRESS:  32.10%

[2026-08-22 09:38:12.969] [info]  🚧 FOLDER_UPSCAYL_PROGRESS:  32.35%

[2026-08-22 09:38:13.721] [info]  🚧 FOLDER_UPSCAYL_PROGRESS:  32.59%

[2026-08-22 09:38:14.469] [info]  🚧 FOLDER_UPSCAYL_PROGRESS:  32.84%

[2026-08-22 09:38:14.675] [info]  🚧 FOLDER_UPSCAYL_PROGRESS:  33.09%

[2026-08-22 09:38:15.445] [info]  🚧 FOLDER_UPSCAYL_PROGRESS:  33.33%

[2026-08-22 09:38:16.189] [info]  🚧 FOLDER_UPSCAYL_PROGRESS:  33.58%

[2026-08-22 09:38:16.931] [info]  🚧 FOLDER_UPSCAYL_PROGRESS:  33.83%

[2026-08-22 09:38:17.675] [info]  🚧 FOLDER_UPSCAYL_PROGRESS:  34.07%

[2026-08-22 09:38:18.426] [info]  🚧 FOLDER_UPSCAYL_PROGRESS:  34.32%

[2026-08-22 09:38:19.170] [info]  🚧 FOLDER_UPSCAYL_PROGRESS:  34.57%

[2026-08-22 09:38:19.911] [info]  🚧 FOLDER_UPSCAYL_PROGRESS:  34.81%

[2026-08-22 09:38:20.658] [info]  🚧 FOLDER_UPSCAYL_PROGRESS:  35.06%

[2026-08-22 09:38:21.404] [info]  🚧 FOLDER_UPSCAYL_PROGRESS:  35.31%

[2026-08-22 09:38:22.156] [info]  🚧 FOLDER_UPSCAYL_PROGRESS:  35.56%

[2026-08-22 09:38:22.899] [info]  🚧 FOLDER_UPSCAYL_PROGRESS:  35.80%

[2026-08-22 09:38:23.652] [info]  🚧 FOLDER_UPSCAYL_PROGRESS:  36.05%

[2026-08-22 09:38:24.398] [info]  🚧 FOLDER_UPSCAYL_PROGRESS:  36.30%

[2026-08-22 09:38:25.145] [info]  🚧 FOLDER_UPSCAYL_PROGRESS:  36.54%

[2026-08-22 09:38:25.886] [info]  🚧 FOLDER_UPSCAYL_PROGRESS:  36.79%

[2026-08-22 09:38:26.631] [info]  🚧 FOLDER_UPSCAYL_PROGRESS:  37.04%

[2026-08-22 09:38:27.380] [info]  🚧 FOLDER_UPSCAYL_PROGRESS:  37.28%

[2026-08-22 09:38:28.122] [info]  🚧 FOLDER_UPSCAYL_PROGRESS:  37.53%

[2026-08-22 09:38:28.873] [info]  🚧 FOLDER_UPSCAYL_PROGRESS:  37.78%

[2026-08-22 09:38:29.616] [info]  🚧 FOLDER_UPSCAYL_PROGRESS:  38.02%

[2026-08-22 09:38:30.363] [info]  🚧 FOLDER_UPSCAYL_PROGRESS:  38.27%

[2026-08-22 09:38:31.109] [info]  🚧 FOLDER_UPSCAYL_PROGRESS:  38.52%

[2026-08-22 09:38:31.856] [info]  🚧 FOLDER_UPSCAYL_PROGRESS:  38.77%

[2026-08-22 09:38:32.606] [info]  🚧 FOLDER_UPSCAYL_PROGRESS:  39.01%

[2026-08-22 09:38:33.349] [info]  🚧 FOLDER_UPSCAYL_PROGRESS:  39.26%

[2026-08-22 09:38:34.096] [info]  🚧 FOLDER_UPSCAYL_PROGRESS:  39.51%

[2026-08-22 09:38:34.301] [info]  🚧 FOLDER_UPSCAYL_PROGRESS:  39.75%

[2026-08-22 09:38:35.059] [info]  🚧 FOLDER_UPSCAYL_PROGRESS:  40.00%

[2026-08-22 09:38:35.802] [info]  🚧 FOLDER_UPSCAYL_PROGRESS:  40.25%

[2026-08-22 09:38:36.550] [info]  🚧 FOLDER_UPSCAYL_PROGRESS:  40.49%

[2026-08-22 09:38:37.298] [info]  🚧 FOLDER_UPSCAYL_PROGRESS:  40.74%

[2026-08-22 09:38:38.046] [info]  🚧 FOLDER_UPSCAYL_PROGRESS:  40.99%

[2026-08-22 09:38:38.788] [info]  🚧 FOLDER_UPSCAYL_PROGRESS:  41.23%

[2026-08-22 09:38:39.537] [info]  🚧 FOLDER_UPSCAYL_PROGRESS:  41.48%

[2026-08-22 09:38:40.283] [info]  🚧 FOLDER_UPSCAYL_PROGRESS:  41.73%

[2026-08-22 09:38:41.027] [info]  🚧 FOLDER_UPSCAYL_PROGRESS:  41.98%

[2026-08-22 09:38:41.769] [info]  🚧 FOLDER_UPSCAYL_PROGRESS:  42.22%

[2026-08-22 09:38:42.517] [info]  🚧 FOLDER_UPSCAYL_PROGRESS:  42.47%

[2026-08-22 09:38:43.266] [info]  🚧 FOLDER_UPSCAYL_PROGRESS:  42.72%

[2026-08-22 09:38:44.014] [info]  🚧 FOLDER_UPSCAYL_PROGRESS:  42.96%

[2026-08-22 09:38:44.763] [info]  🚧 FOLDER_UPSCAYL_PROGRESS:  43.21%

[2026-08-22 09:38:45.512] [info]  🚧 FOLDER_UPSCAYL_PROGRESS:  43.46%

[2026-08-22 09:38:46.260] [info]  🚧 FOLDER_UPSCAYL_PROGRESS:  43.70%

[2026-08-22 09:38:47.007] [info]  🚧 FOLDER_UPSCAYL_PROGRESS:  43.95%

[2026-08-22 09:38:47.751] [info]  🚧 FOLDER_UPSCAYL_PROGRESS:  44.20%

[2026-08-22 09:38:48.494] [info]  🚧 FOLDER_UPSCAYL_PROGRESS:  44.44%

[2026-08-22 09:38:49.239] [info]  🚧 FOLDER_UPSCAYL_PROGRESS:  44.69%

[2026-08-22 09:38:49.982] [info]  🚧 FOLDER_UPSCAYL_PROGRESS:  44.94%

[2026-08-22 09:38:50.729] [info]  🚧 FOLDER_UPSCAYL_PROGRESS:  45.19%

[2026-08-22 09:38:51.474] [info]  🚧 FOLDER_UPSCAYL_PROGRESS:  45.43%

[2026-08-22 09:38:52.219] [info]  🚧 FOLDER_UPSCAYL_PROGRESS:  45.68%

[2026-08-22 09:38:52.963] [info]  🚧 FOLDER_UPSCAYL_PROGRESS:  45.93%

[2026-08-22 09:38:53.706] [info]  🚧 FOLDER_UPSCAYL_PROGRESS:  46.17%

[2026-08-22 09:38:53.911] [info]  🚧 FOLDER_UPSCAYL_PROGRESS:  46.42%

[2026-08-22 09:38:54.672] [info]  🚧 FOLDER_UPSCAYL_PROGRESS:  46.67%

[2026-08-22 09:38:55.415] [info]  🚧 FOLDER_UPSCAYL_PROGRESS:  46.91%

[2026-08-22 09:38:56.154] [info]  🚧 FOLDER_UPSCAYL_PROGRESS:  47.16%

[2026-08-22 09:38:56.901] [info]  🚧 FOLDER_UPSCAYL_PROGRESS:  47.41%

[2026-08-22 09:38:57.651] [info]  🚧 FOLDER_UPSCAYL_PROGRESS:  47.65%

[2026-08-22 09:38:58.396] [info]  🚧 FOLDER_UPSCAYL_PROGRESS:  47.90%

[2026-08-22 09:38:59.141] [info]  🚧 FOLDER_UPSCAYL_PROGRESS:  48.15%

[2026-08-22 09:38:59.888] [info]  🚧 FOLDER_UPSCAYL_PROGRESS:  48.40%

[2026-08-22 09:39:00.638] [info]  🚧 FOLDER_UPSCAYL_PROGRESS:  48.64%

[2026-08-22 09:39:01.382] [info]  🚧 FOLDER_UPSCAYL_PROGRESS:  48.89%

[2026-08-22 09:39:02.128] [info]  🚧 FOLDER_UPSCAYL_PROGRESS:  49.14%

[2026-08-22 09:39:02.873] [info]  🚧 FOLDER_UPSCAYL_PROGRESS:  49.38%

[2026-08-22 09:39:03.623] [info]  🚧 FOLDER_UPSCAYL_PROGRESS:  49.63%

[2026-08-22 09:39:04.367] [info]  🚧 FOLDER_UPSCAYL_PROGRESS:  49.88%

[2026-08-22 09:39:05.115] [info]  🚧 FOLDER_UPSCAYL_PROGRESS:  50.12%

[2026-08-22 09:39:05.863] [info]  🚧 FOLDER_UPSCAYL_PROGRESS:  50.37%

[2026-08-22 09:39:06.614] [info]  🚧 FOLDER_UPSCAYL_PROGRESS:  50.62%

[2026-08-22 09:39:07.367] [info]  🚧 FOLDER_UPSCAYL_PROGRESS:  50.86%

[2026-08-22 09:39:08.106] [info]  🚧 FOLDER_UPSCAYL_PROGRESS:  51.11%

[2026-08-22 09:39:08.853] [info]  🚧 FOLDER_UPSCAYL_PROGRESS:  51.36%

[2026-08-22 09:39:09.603] [info]  🚧 FOLDER_UPSCAYL_PROGRESS:  51.60%

[2026-08-22 09:39:10.352] [info]  🚧 FOLDER_UPSCAYL_PROGRESS:  51.85%

[2026-08-22 09:39:11.094] [info]  🚧 FOLDER_UPSCAYL_PROGRESS:  52.10%

[2026-08-22 09:39:11.843] [info]  🚧 FOLDER_UPSCAYL_PROGRESS:  52.35%

[2026-08-22 09:39:12.593] [info]  🚧 FOLDER_UPSCAYL_PROGRESS:  52.59%

[2026-08-22 09:39:13.340] [info]  🚧 FOLDER_UPSCAYL_PROGRESS:  52.84%

[2026-08-22 09:39:13.545] [info]  🚧 FOLDER_UPSCAYL_PROGRESS:  53.09%

[2026-08-22 09:39:14.318] [info]  🚧 FOLDER_UPSCAYL_PROGRESS:  53.33%

[2026-08-22 09:39:15.062] [info]  🚧 FOLDER_UPSCAYL_PROGRESS:  53.58%

[2026-08-22 09:39:15.811] [info]  🚧 FOLDER_UPSCAYL_PROGRESS:  53.83%

[2026-08-22 09:39:16.559] [info]  🚧 FOLDER_UPSCAYL_PROGRESS:  54.07%

[2026-08-22 09:39:17.305] [info]  🚧 FOLDER_UPSCAYL_PROGRESS:  54.32%

[2026-08-22 09:39:18.053] [info]  🚧 FOLDER_UPSCAYL_PROGRESS:  54.57%

[2026-08-22 09:39:18.798] [info]  🚧 FOLDER_UPSCAYL_PROGRESS:  54.81%

[2026-08-22 09:39:19.545] [info]  🚧 FOLDER_UPSCAYL_PROGRESS:  55.06%

[2026-08-22 09:39:20.298] [info]  🚧 FOLDER_UPSCAYL_PROGRESS:  55.31%

[2026-08-22 09:39:21.043] [info]  🚧 FOLDER_UPSCAYL_PROGRESS:  55.56%

[2026-08-22 09:39:21.788] [info]  🚧 FOLDER_UPSCAYL_PROGRESS:  55.80%

[2026-08-22 09:39:22.536] [info]  🚧 FOLDER_UPSCAYL_PROGRESS:  56.05%

[2026-08-22 09:39:23.279] [info]  🚧 FOLDER_UPSCAYL_PROGRESS:  56.30%

[2026-08-22 09:39:24.024] [info]  🚧 FOLDER_UPSCAYL_PROGRESS:  56.54%

[2026-08-22 09:39:24.770] [info]  🚧 FOLDER_UPSCAYL_PROGRESS:  56.79%

[2026-08-22 09:39:25.520] [info]  🚧 FOLDER_UPSCAYL_PROGRESS:  57.04%

[2026-08-22 09:39:26.264] [info]  🚧 FOLDER_UPSCAYL_PROGRESS:  57.28%

[2026-08-22 09:39:27.012] [info]  🚧 FOLDER_UPSCAYL_PROGRESS:  57.53%

[2026-08-22 09:39:27.757] [info]  🚧 FOLDER_UPSCAYL_PROGRESS:  57.78%

[2026-08-22 09:39:28.508] [info]  🚧 FOLDER_UPSCAYL_PROGRESS:  58.02%

[2026-08-22 09:39:29.260] [info]  🚧 FOLDER_UPSCAYL_PROGRESS:  58.27%

[2026-08-22 09:39:30.008] [info]  🚧 FOLDER_UPSCAYL_PROGRESS:  58.52%

[2026-08-22 09:39:30.759] [info]  🚧 FOLDER_UPSCAYL_PROGRESS:  58.77%

[2026-08-22 09:39:31.506] [info]  🚧 FOLDER_UPSCAYL_PROGRESS:  59.01%

[2026-08-22 09:39:32.253] [info]  🚧 FOLDER_UPSCAYL_PROGRESS:  59.26%

[2026-08-22 09:39:33.006] [info]  🚧 FOLDER_UPSCAYL_PROGRESS:  59.51%

[2026-08-22 09:39:33.209] [info]  🚧 FOLDER_UPSCAYL_PROGRESS:  59.75%

[2026-08-22 09:39:33.977] [info]  🚧 FOLDER_UPSCAYL_PROGRESS:  60.00%

[2026-08-22 09:39:34.727] [info]  🚧 FOLDER_UPSCAYL_PROGRESS:  60.25%

[2026-08-22 09:39:35.471] [info]  🚧 FOLDER_UPSCAYL_PROGRESS:  60.49%

[2026-08-22 09:39:36.220] [info]  🚧 FOLDER_UPSCAYL_PROGRESS:  60.74%

[2026-08-22 09:39:36.968] [info]  🚧 FOLDER_UPSCAYL_PROGRESS:  60.99%

[2026-08-22 09:39:37.717] [info]  🚧 FOLDER_UPSCAYL_PROGRESS:  61.23%

[2026-08-22 09:39:38.466] [info]  🚧 FOLDER_UPSCAYL_PROGRESS:  61.48%

[2026-08-22 09:39:39.216] [info]  🚧 FOLDER_UPSCAYL_PROGRESS:  61.73%

[2026-08-22 09:39:39.962] [info]  🚧 FOLDER_UPSCAYL_PROGRESS:  61.98%

[2026-08-22 09:39:40.711] [info]  🚧 FOLDER_UPSCAYL_PROGRESS:  62.22%

[2026-08-22 09:39:41.466] [info]  🚧 FOLDER_UPSCAYL_PROGRESS:  62.47%

[2026-08-22 09:39:42.206] [info]  🚧 FOLDER_UPSCAYL_PROGRESS:  62.72%

[2026-08-22 09:39:42.955] [info]  🚧 FOLDER_UPSCAYL_PROGRESS:  62.96%

[2026-08-22 09:39:43.703] [info]  🚧 FOLDER_UPSCAYL_PROGRESS:  63.21%

[2026-08-22 09:39:44.440] [info]  🚧 FOLDER_UPSCAYL_PROGRESS:  63.46%

[2026-08-22 09:39:45.181] [info]  🚧 FOLDER_UPSCAYL_PROGRESS:  63.70%

[2026-08-22 09:39:45.928] [info]  🚧 FOLDER_UPSCAYL_PROGRESS:  63.95%

[2026-08-22 09:39:46.676] [info]  🚧 FOLDER_UPSCAYL_PROGRESS:  64.20%

[2026-08-22 09:39:47.425] [info]  🚧 FOLDER_UPSCAYL_PROGRESS:  64.44%

[2026-08-22 09:39:48.165] [info]  🚧 FOLDER_UPSCAYL_PROGRESS:  64.69%

[2026-08-22 09:39:48.910] [info]  🚧 FOLDER_UPSCAYL_PROGRESS:  64.94%

[2026-08-22 09:39:49.660] [info]  🚧 FOLDER_UPSCAYL_PROGRESS:  65.19%

[2026-08-22 09:39:50.405] [info]  🚧 FOLDER_UPSCAYL_PROGRESS:  65.43%

[2026-08-22 09:39:51.159] [info]  🚧 FOLDER_UPSCAYL_PROGRESS:  65.68%

[2026-08-22 09:39:51.905] [info]  🚧 FOLDER_UPSCAYL_PROGRESS:  65.93%

[2026-08-22 09:39:52.654] [info]  🚧 FOLDER_UPSCAYL_PROGRESS:  66.17%

[2026-08-22 09:39:52.855] [info]  🚧 FOLDER_UPSCAYL_PROGRESS:  66.42%

[2026-08-22 09:39:53.629] [info]  🚧 FOLDER_UPSCAYL_PROGRESS:  66.67%

[2026-08-22 09:39:54.376] [info]  🚧 FOLDER_UPSCAYL_PROGRESS:  66.91%

[2026-08-22 09:39:55.124] [info]  🚧 FOLDER_UPSCAYL_PROGRESS:  67.16%

[2026-08-22 09:39:55.868] [info]  🚧 FOLDER_UPSCAYL_PROGRESS:  67.41%

[2026-08-22 09:39:56.617] [info]  🚧 FOLDER_UPSCAYL_PROGRESS:  67.65%

[2026-08-22 09:39:57.368] [info]  🚧 FOLDER_UPSCAYL_PROGRESS:  67.90%

[2026-08-22 09:39:58.113] [info]  🚧 FOLDER_UPSCAYL_PROGRESS:  68.15%

[2026-08-22 09:39:58.861] [info]  🚧 FOLDER_UPSCAYL_PROGRESS:  68.40%

[2026-08-22 09:39:59.614] [info]  🚧 FOLDER_UPSCAYL_PROGRESS:  68.64%

[2026-08-22 09:40:00.358] [info]  🚧 FOLDER_UPSCAYL_PROGRESS:  68.89%

[2026-08-22 09:40:01.103] [info]  🚧 FOLDER_UPSCAYL_PROGRESS:  69.14%

[2026-08-22 09:40:01.852] [info]  🚧 FOLDER_UPSCAYL_PROGRESS:  69.38%

[2026-08-22 09:40:02.599] [info]  🚧 FOLDER_UPSCAYL_PROGRESS:  69.63%

[2026-08-22 09:40:03.345] [info]  🚧 FOLDER_UPSCAYL_PROGRESS:  69.88%

[2026-08-22 09:40:04.086] [info]  🚧 FOLDER_UPSCAYL_PROGRESS:  70.12%

[2026-08-22 09:40:04.832] [info]  🚧 FOLDER_UPSCAYL_PROGRESS:  70.37%

[2026-08-22 09:40:05.572] [info]  🚧 FOLDER_UPSCAYL_PROGRESS:  70.62%

[2026-08-22 09:40:06.319] [info]  🚧 FOLDER_UPSCAYL_PROGRESS:  70.86%

[2026-08-22 09:40:07.064] [info]  🚧 FOLDER_UPSCAYL_PROGRESS:  71.11%

[2026-08-22 09:40:07.813] [info]  🚧 FOLDER_UPSCAYL_PROGRESS:  71.36%

[2026-08-22 09:40:08.555] [info]  🚧 FOLDER_UPSCAYL_PROGRESS:  71.60%

[2026-08-22 09:40:09.305] [info]  🚧 FOLDER_UPSCAYL_PROGRESS:  71.85%

[2026-08-22 09:40:10.046] [info]  🚧 FOLDER_UPSCAYL_PROGRESS:  72.10%

[2026-08-22 09:40:10.792] [info]  🚧 FOLDER_UPSCAYL_PROGRESS:  72.35%

[2026-08-22 09:40:11.541] [info]  🚧 FOLDER_UPSCAYL_PROGRESS:  72.59%

[2026-08-22 09:40:12.288] [info]  🚧 FOLDER_UPSCAYL_PROGRESS:  72.84%

[2026-08-22 09:40:12.491] [info]  🚧 FOLDER_UPSCAYL_PROGRESS:  73.09%

[2026-08-22 09:40:13.254] [info]  🚧 FOLDER_UPSCAYL_PROGRESS:  73.33%

[2026-08-22 09:40:14.003] [info]  🚧 FOLDER_UPSCAYL_PROGRESS:  73.58%

[2026-08-22 09:40:14.749] [info]  🚧 FOLDER_UPSCAYL_PROGRESS:  73.83%

[2026-08-22 09:40:15.492] [info]  🚧 FOLDER_UPSCAYL_PROGRESS:  74.07%

[2026-08-22 09:40:16.235] [info]  🚧 FOLDER_UPSCAYL_PROGRESS:  74.32%

[2026-08-22 09:40:16.984] [info]  🚧 FOLDER_UPSCAYL_PROGRESS:  74.57%

[2026-08-22 09:40:17.732] [info]  🚧 FOLDER_UPSCAYL_PROGRESS:  74.81%

[2026-08-22 09:40:18.479] [info]  🚧 FOLDER_UPSCAYL_PROGRESS:  75.06%

[2026-08-22 09:40:19.222] [info]  🚧 FOLDER_UPSCAYL_PROGRESS:  75.31%

[2026-08-22 09:40:19.972] [info]  🚧 FOLDER_UPSCAYL_PROGRESS:  75.56%

[2026-08-22 09:40:20.717] [info]  🚧 FOLDER_UPSCAYL_PROGRESS:  75.80%

[2026-08-22 09:40:21.464] [info]  🚧 FOLDER_UPSCAYL_PROGRESS:  76.05%

[2026-08-22 09:40:22.206] [info]  🚧 FOLDER_UPSCAYL_PROGRESS:  76.30%

[2026-08-22 09:40:22.956] [info]  🚧 FOLDER_UPSCAYL_PROGRESS:  76.54%

[2026-08-22 09:40:23.702] [info]  🚧 FOLDER_UPSCAYL_PROGRESS:  76.79%

[2026-08-22 09:40:24.449] [info]  🚧 FOLDER_UPSCAYL_PROGRESS:  77.04%

[2026-08-22 09:40:25.194] [info]  🚧 FOLDER_UPSCAYL_PROGRESS:  77.28%

[2026-08-22 09:40:25.937] [info]  🚧 FOLDER_UPSCAYL_PROGRESS:  77.53%

[2026-08-22 09:40:26.683] [info]  🚧 FOLDER_UPSCAYL_PROGRESS:  77.78%

[2026-08-22 09:40:27.425] [info]  🚧 FOLDER_UPSCAYL_PROGRESS:  78.02%

[2026-08-22 09:40:28.164] [info]  🚧 FOLDER_UPSCAYL_PROGRESS:  78.27%

[2026-08-22 09:40:28.913] [info]  🚧 FOLDER_UPSCAYL_PROGRESS:  78.52%

[2026-08-22 09:40:29.651] [info]  🚧 FOLDER_UPSCAYL_PROGRESS:  78.77%

[2026-08-22 09:40:30.401] [info]  🚧 FOLDER_UPSCAYL_PROGRESS:  79.01%

[2026-08-22 09:40:31.151] [info]  🚧 FOLDER_UPSCAYL_PROGRESS:  79.26%

[2026-08-22 09:40:31.900] [info]  🚧 FOLDER_UPSCAYL_PROGRESS:  79.51%

[2026-08-22 09:40:32.106] [info]  🚧 FOLDER_UPSCAYL_PROGRESS:  79.75%

[2026-08-22 09:40:32.871] [info]  🚧 FOLDER_UPSCAYL_PROGRESS:  80.00%

[2026-08-22 09:40:33.621] [info]  🚧 FOLDER_UPSCAYL_PROGRESS:  80.25%

[2026-08-22 09:40:34.367] [info]  🚧 FOLDER_UPSCAYL_PROGRESS:  80.49%

[2026-08-22 09:40:35.116] [info]  🚧 FOLDER_UPSCAYL_PROGRESS:  80.74%

[2026-08-22 09:40:35.853] [info]  🚧 FOLDER_UPSCAYL_PROGRESS:  80.99%

[2026-08-22 09:40:36.604] [info]  🚧 FOLDER_UPSCAYL_PROGRESS:  81.23%

[2026-08-22 09:40:37.351] [info]  🚧 FOLDER_UPSCAYL_PROGRESS:  81.48%

[2026-08-22 09:40:38.099] [info]  🚧 FOLDER_UPSCAYL_PROGRESS:  81.73%

[2026-08-22 09:40:38.841] [info]  🚧 FOLDER_UPSCAYL_PROGRESS:  81.98%

[2026-08-22 09:40:39.587] [info]  🚧 FOLDER_UPSCAYL_PROGRESS:  82.22%

[2026-08-22 09:40:40.340] [info]  🚧 FOLDER_UPSCAYL_PROGRESS:  82.47%

[2026-08-22 09:40:41.090] [info]  🚧 FOLDER_UPSCAYL_PROGRESS:  82.72%

[2026-08-22 09:40:41.840] [info]  🚧 FOLDER_UPSCAYL_PROGRESS:  82.96%

[2026-08-22 09:40:42.593] [info]  🚧 FOLDER_UPSCAYL_PROGRESS:  83.21%

[2026-08-22 09:40:43.348] [info]  🚧 FOLDER_UPSCAYL_PROGRESS:  83.46%

[2026-08-22 09:40:44.107] [info]  🚧 FOLDER_UPSCAYL_PROGRESS:  83.70%

[2026-08-22 09:40:44.844] [info]  🚧 FOLDER_UPSCAYL_PROGRESS:  83.95%

[2026-08-22 09:40:45.599] [info]  🚧 FOLDER_UPSCAYL_PROGRESS:  84.20%

[2026-08-22 09:40:46.351] [info]  🚧 FOLDER_UPSCAYL_PROGRESS:  84.44%

[2026-08-22 09:40:47.105] [info]  🚧 FOLDER_UPSCAYL_PROGRESS:  84.69%

[2026-08-22 09:40:47.856] [info]  🚧 FOLDER_UPSCAYL_PROGRESS:  84.94%

[2026-08-22 09:40:48.610] [info]  🚧 FOLDER_UPSCAYL_PROGRESS:  85.19%

[2026-08-22 09:40:49.360] [info]  🚧 FOLDER_UPSCAYL_PROGRESS:  85.43%

[2026-08-22 09:40:50.116] [info]  🚧 FOLDER_UPSCAYL_PROGRESS:  85.68%

[2026-08-22 09:40:50.860] [info]  🚧 FOLDER_UPSCAYL_PROGRESS:  85.93%

[2026-08-22 09:40:51.613] [info]  🚧 FOLDER_UPSCAYL_PROGRESS:  86.17%

[2026-08-22 09:40:51.822] [info]  🚧 FOLDER_UPSCAYL_PROGRESS:  86.42%

[2026-08-22 09:40:52.596] [info]  🚧 FOLDER_UPSCAYL_PROGRESS:  86.67%

[2026-08-22 09:40:53.344] [info]  🚧 FOLDER_UPSCAYL_PROGRESS:  86.91%

[2026-08-22 09:40:54.097] [info]  🚧 FOLDER_UPSCAYL_PROGRESS:  87.16%

[2026-08-22 09:40:54.845] [info]  🚧 FOLDER_UPSCAYL_PROGRESS:  87.41%

[2026-08-22 09:40:55.597] [info]  🚧 FOLDER_UPSCAYL_PROGRESS:  87.65%

[2026-08-22 09:40:56.343] [info]  🚧 FOLDER_UPSCAYL_PROGRESS:  87.90%

[2026-08-22 09:40:57.093] [info]  🚧 FOLDER_UPSCAYL_PROGRESS:  88.15%

[2026-08-22 09:40:57.844] [info]  🚧 FOLDER_UPSCAYL_PROGRESS:  88.40%

[2026-08-22 09:40:58.598] [info]  🚧 FOLDER_UPSCAYL_PROGRESS:  88.64%

[2026-08-22 09:40:59.344] [info]  🚧 FOLDER_UPSCAYL_PROGRESS:  88.89%

[2026-08-22 09:41:00.091] [info]  🚧 FOLDER_UPSCAYL_PROGRESS:  89.14%

[2026-08-22 09:41:00.841] [info]  🚧 FOLDER_UPSCAYL_PROGRESS:  89.38%

[2026-08-22 09:41:01.585] [info]  🚧 FOLDER_UPSCAYL_PROGRESS:  89.63%

[2026-08-22 09:41:02.331] [info]  🚧 FOLDER_UPSCAYL_PROGRESS:  89.88%

[2026-08-22 09:41:03.085] [info]  🚧 FOLDER_UPSCAYL_PROGRESS:  90.12%

[2026-08-22 09:41:03.839] [info]  🚧 FOLDER_UPSCAYL_PROGRESS:  90.37%

[2026-08-22 09:41:04.580] [info]  🚧 FOLDER_UPSCAYL_PROGRESS:  90.62%

[2026-08-22 09:41:05.332] [info]  🚧 FOLDER_UPSCAYL_PROGRESS:  90.86%

[2026-08-22 09:41:06.081] [info]  🚧 FOLDER_UPSCAYL_PROGRESS:  91.11%

[2026-08-22 09:41:06.834] [info]  🚧 FOLDER_UPSCAYL_PROGRESS:  91.36%

[2026-08-22 09:41:07.580] [info]  🚧 FOLDER_UPSCAYL_PROGRESS:  91.60%

[2026-08-22 09:41:08.328] [info]  🚧 FOLDER_UPSCAYL_PROGRESS:  91.85%

[2026-08-22 09:41:09.071] [info]  🚧 FOLDER_UPSCAYL_PROGRESS:  92.10%

[2026-08-22 09:41:09.824] [info]  🚧 FOLDER_UPSCAYL_PROGRESS:  92.35%

[2026-08-22 09:41:10.567] [info]  🚧 FOLDER_UPSCAYL_PROGRESS:  92.59%

[2026-08-22 09:41:11.309] [info]  🚧 FOLDER_UPSCAYL_PROGRESS:  92.84%

[2026-08-22 09:41:11.517] [info]  🚧 FOLDER_UPSCAYL_PROGRESS:  93.09%

[2026-08-22 09:41:12.052] [info]  🚧 FOLDER_UPSCAYL_PROGRESS:  93.33%

[2026-08-22 09:41:12.566] [info]  🚧 FOLDER_UPSCAYL_PROGRESS:  93.58%

[2026-08-22 09:41:13.069] [info]  🚧 FOLDER_UPSCAYL_PROGRESS:  93.83%

[2026-08-22 09:41:13.579] [info]  🚧 FOLDER_UPSCAYL_PROGRESS:  94.07%

[2026-08-22 09:41:14.084] [info]  🚧 FOLDER_UPSCAYL_PROGRESS:  94.32%

[2026-08-22 09:41:14.594] [info]  🚧 FOLDER_UPSCAYL_PROGRESS:  94.57%

[2026-08-22 09:41:15.105] [info]  🚧 FOLDER_UPSCAYL_PROGRESS:  94.81%

[2026-08-22 09:41:15.610] [info]  🚧 FOLDER_UPSCAYL_PROGRESS:  95.06%

[2026-08-22 09:41:16.120] [info]  🚧 FOLDER_UPSCAYL_PROGRESS:  95.31%

[2026-08-22 09:41:16.629] [info]  🚧 FOLDER_UPSCAYL_PROGRESS:  95.56%

[2026-08-22 09:41:17.133] [info]  🚧 FOLDER_UPSCAYL_PROGRESS:  95.80%

[2026-08-22 09:41:17.644] [info]  🚧 FOLDER_UPSCAYL_PROGRESS:  96.05%

[2026-08-22 09:41:18.158] [info]  🚧 FOLDER_UPSCAYL_PROGRESS:  96.30%

[2026-08-22 09:41:18.665] [info]  🚧 FOLDER_UPSCAYL_PROGRESS:  96.54%

[2026-08-22 09:41:19.172] [info]  🚧 FOLDER_UPSCAYL_PROGRESS:  96.79%

[2026-08-22 09:41:19.681] [info]  🚧 FOLDER_UPSCAYL_PROGRESS:  97.04%

[2026-08-22 09:41:20.190] [info]  🚧 FOLDER_UPSCAYL_PROGRESS:  97.28%

[2026-08-22 09:41:20.701] [info]  🚧 FOLDER_UPSCAYL_PROGRESS:  97.53%

[2026-08-22 09:41:21.212] [info]  🚧 FOLDER_UPSCAYL_PROGRESS:  97.78%

[2026-08-22 09:41:21.721] [info]  🚧 FOLDER_UPSCAYL_PROGRESS:  98.02%

[2026-08-22 09:41:22.229] [info]  🚧 FOLDER_UPSCAYL_PROGRESS:  98.27%

[2026-08-22 09:41:22.737] [info]  🚧 FOLDER_UPSCAYL_PROGRESS:  98.52%

[2026-08-22 09:41:23.247] [info]  🚧 FOLDER_UPSCAYL_PROGRESS:  98.77%

[2026-08-22 09:41:23.756] [info]  🚧 FOLDER_UPSCAYL_PROGRESS:  99.01%

[2026-08-22 09:41:24.265] [info]  🚧 FOLDER_UPSCAYL_PROGRESS:  99.26%

[2026-08-22 09:41:24.774] [info]  🚧 FOLDER_UPSCAYL_PROGRESS:  99.51%

[2026-08-22 09:41:24.927] [info]  🚧 FOLDER_UPSCAYL_PROGRESS:  99.75%

[2026-08-22 09:41:24.945] [info]  🚧 FOLDER_UPSCAYL_PROGRESS:  🏞️ Resizing image according to output scale

[2026-08-22 09:41:25.558] [info]  🚧 FOLDER_UPSCAYL_PROGRESS:  🏞️ Scaled image from 5225x2940 to 10450x5880

[2026-08-22 09:41:25.689] [info]  🚧 FOLDER_UPSCAYL_PROGRESS:  0.00%

[2026-08-22 09:41:26.435] [info]  🚧 FOLDER_UPSCAYL_PROGRESS:  0.25%

[2026-08-22 09:41:27.178] [info]  🚧 FOLDER_UPSCAYL_PROGRESS:  0.49%

[2026-08-22 09:41:27.920] [info]  🚧 FOLDER_UPSCAYL_PROGRESS:  0.74%

[2026-08-22 09:41:28.664] [info]  🚧 FOLDER_UPSCAYL_PROGRESS:  0.99%

[2026-08-22 09:41:29.410] [info]  🚧 FOLDER_UPSCAYL_PROGRESS:  1.23%

[2026-08-22 09:41:30.153] [info]  🚧 FOLDER_UPSCAYL_PROGRESS:  1.48%

[2026-08-22 09:41:30.896] [info]  🚧 FOLDER_UPSCAYL_PROGRESS:  1.73%

[2026-08-22 09:41:31.640] [info]  🚧 FOLDER_UPSCAYL_PROGRESS:  1.98%

[2026-08-22 09:41:32.385] [info]  🚧 FOLDER_UPSCAYL_PROGRESS:  2.22%

[2026-08-22 09:41:33.128] [info]  🚧 FOLDER_UPSCAYL_PROGRESS:  2.47%

[2026-08-22 09:41:33.475] [info]  🚧 FOLDER_UPSCAYL_PROGRESS:  100.00%

🙌 Upscayled Successfully!

[2026-08-22 09:41:33.875] [info]  🚧 FOLDER_UPSCAYL_PROGRESS:  2.72%

[2026-08-22 09:41:34.619] [info]  🚧 FOLDER_UPSCAYL_PROGRESS:  2.96%

[2026-08-22 09:41:35.364] [info]  🚧 FOLDER_UPSCAYL_PROGRESS:  3.21%

[2026-08-22 09:41:36.108] [info]  🚧 FOLDER_UPSCAYL_PROGRESS:  3.46%

[2026-08-22 09:41:36.856] [info]  🚧 FOLDER_UPSCAYL_PROGRESS:  3.70%

[2026-08-22 09:41:37.602] [info]  🚧 FOLDER_UPSCAYL_PROGRESS:  3.95%

[2026-08-22 09:41:38.348] [info]  🚧 FOLDER_UPSCAYL_PROGRESS:  4.20%

[2026-08-22 09:41:39.094] [info]  🚧 FOLDER_UPSCAYL_PROGRESS:  4.44%

[2026-08-22 09:41:39.842] [info]  🚧 FOLDER_UPSCAYL_PROGRESS:  4.69%

[2026-08-22 09:41:40.585] [info]  🚧 FOLDER_UPSCAYL_PROGRESS:  4.94%

[2026-08-22 09:41:41.334] [info]  🚧 FOLDER_UPSCAYL_PROGRESS:  5.19%

[2026-08-22 09:41:42.073] [info]  🚧 FOLDER_UPSCAYL_PROGRESS:  5.43%

[2026-08-22 09:41:42.825] [info]  🚧 FOLDER_UPSCAYL_PROGRESS:  5.68%

[2026-08-22 09:41:43.566] [info]  🚧 FOLDER_UPSCAYL_PROGRESS:  5.93%

[2026-08-22 09:41:44.307] [info]  🚧 FOLDER_UPSCAYL_PROGRESS:  6.17%

[2026-08-22 09:41:44.514] [info]  🚧 FOLDER_UPSCAYL_PROGRESS:  6.42%

[2026-08-22 09:41:45.284] [info]  🚧 FOLDER_UPSCAYL_PROGRESS:  6.67%

[2026-08-22 09:41:46.025] [info]  🚧 FOLDER_UPSCAYL_PROGRESS:  6.91%

[2026-08-22 09:41:46.772] [info]  🚧 FOLDER_UPSCAYL_PROGRESS:  7.16%

[2026-08-22 09:41:47.518] [info]  🚧 FOLDER_UPSCAYL_PROGRESS:  7.41%

[2026-08-22 09:41:48.269] [info]  🚧 FOLDER_UPSCAYL_PROGRESS:  7.65%

[2026-08-22 09:41:49.012] [info]  🚧 FOLDER_UPSCAYL_PROGRESS:  7.90%

[2026-08-22 09:41:49.757] [info]  🚧 FOLDER_UPSCAYL_PROGRESS:  8.15%

[2026-08-22 09:41:50.507] [info]  🚧 FOLDER_UPSCAYL_PROGRESS:  8.40%

[2026-08-22 09:41:51.252] [info]  🚧 FOLDER_UPSCAYL_PROGRESS:  8.64%

[2026-08-22 09:41:52.000] [info]  🚧 FOLDER_UPSCAYL_PROGRESS:  8.89%

[2026-08-22 09:41:52.745] [info]  🚧 FOLDER_UPSCAYL_PROGRESS:  9.14%

[2026-08-22 09:41:53.493] [info]  🚧 FOLDER_UPSCAYL_PROGRESS:  9.38%

[2026-08-22 09:41:54.238] [info]  🚧 FOLDER_UPSCAYL_PROGRESS:  9.63%

[2026-08-22 09:41:54.975] [info]  🚧 FOLDER_UPSCAYL_PROGRESS:  9.88%

[2026-08-22 09:41:55.721] [info]  🚧 FOLDER_UPSCAYL_PROGRESS:  10.12%

[2026-08-22 09:41:56.467] [info]  🚧 FOLDER_UPSCAYL_PROGRESS:  10.37%

[2026-08-22 09:41:57.207] [info]  🚧 FOLDER_UPSCAYL_PROGRESS:  10.62%

[2026-08-22 09:41:57.952] [info]  🚧 FOLDER_UPSCAYL_PROGRESS:  10.86%

[2026-08-22 09:41:58.696] [info]  🚧 FOLDER_UPSCAYL_PROGRESS:  11.11%

[2026-08-22 09:41:59.439] [info]  🚧 FOLDER_UPSCAYL_PROGRESS:  11.36%

[2026-08-22 09:42:00.181] [info]  🚧 FOLDER_UPSCAYL_PROGRESS:  11.60%

[2026-08-22 09:42:00.928] [info]  🚧 FOLDER_UPSCAYL_PROGRESS:  11.85%

[2026-08-22 09:42:01.674] [info]  🚧 FOLDER_UPSCAYL_PROGRESS:  12.10%

[2026-08-22 09:42:02.415] [info]  🚧 FOLDER_UPSCAYL_PROGRESS:  12.35%

[2026-08-22 09:42:03.156] [info]  🚧 FOLDER_UPSCAYL_PROGRESS:  12.59%

[2026-08-22 09:42:03.906] [info]  🚧 FOLDER_UPSCAYL_PROGRESS:  12.84%

[2026-08-22 09:42:04.110] [info]  🚧 FOLDER_UPSCAYL_PROGRESS:  13.09%

[2026-08-22 09:42:04.880] [info]  🚧 FOLDER_UPSCAYL_PROGRESS:  13.33%

[2026-08-22 09:42:05.628] [info]  🚧 FOLDER_UPSCAYL_PROGRESS:  13.58%

[2026-08-22 09:42:06.372] [info]  🚧 FOLDER_UPSCAYL_PROGRESS:  13.83%

[2026-08-22 09:42:07.120] [info]  🚧 FOLDER_UPSCAYL_PROGRESS:  14.07%

[2026-08-22 09:42:07.866] [info]  🚧 FOLDER_UPSCAYL_PROGRESS:  14.32%

[2026-08-22 09:42:08.620] [info]  🚧 FOLDER_UPSCAYL_PROGRESS:  14.57%

[2026-08-22 09:42:09.369] [info]  🚧 FOLDER_UPSCAYL_PROGRESS:  14.81%

[2026-08-22 09:42:10.116] [info]  🚧 FOLDER_UPSCAYL_PROGRESS:  15.06%

[2026-08-22 09:42:10.860] [info]  🚧 FOLDER_UPSCAYL_PROGRESS:  15.31%

[2026-08-22 09:42:11.608] [info]  🚧 FOLDER_UPSCAYL_PROGRESS:  15.56%

[2026-08-22 09:42:12.356] [info]  🚧 FOLDER_UPSCAYL_PROGRESS:  15.80%

[2026-08-22 09:42:13.098] [info]  🚧 FOLDER_UPSCAYL_PROGRESS:  16.05%

[2026-08-22 09:42:13.845] [info]  🚧 FOLDER_UPSCAYL_PROGRESS:  16.30%

[2026-08-22 09:42:14.592] [info]  🚧 FOLDER_UPSCAYL_PROGRESS:  16.54%

[2026-08-22 09:42:15.339] [info]  🚧 FOLDER_UPSCAYL_PROGRESS:  16.79%

[2026-08-22 09:42:16.086] [info]  🚧 FOLDER_UPSCAYL_PROGRESS:  17.04%

[2026-08-22 09:42:16.833] [info]  🚧 FOLDER_UPSCAYL_PROGRESS:  17.28%

[2026-08-22 09:42:17.576] [info]  🚧 FOLDER_UPSCAYL_PROGRESS:  17.53%

[2026-08-22 09:42:18.331] [info]  🚧 FOLDER_UPSCAYL_PROGRESS:  17.78%

[2026-08-22 09:42:19.077] [info]  🚧 FOLDER_UPSCAYL_PROGRESS:  18.02%

[2026-08-22 09:42:19.826] [info]  🚧 FOLDER_UPSCAYL_PROGRESS:  18.27%

[2026-08-22 09:42:20.573] [info]  🚧 FOLDER_UPSCAYL_PROGRESS:  18.52%

[2026-08-22 09:42:21.322] [info]  🚧 FOLDER_UPSCAYL_PROGRESS:  18.77%

[2026-08-22 09:42:22.067] [info]  🚧 FOLDER_UPSCAYL_PROGRESS:  19.01%

[2026-08-22 09:42:22.814] [info]  🚧 FOLDER_UPSCAYL_PROGRESS:  19.26%

[2026-08-22 09:42:23.566] [info]  🚧 FOLDER_UPSCAYL_PROGRESS:  19.51%

[2026-08-22 09:42:23.769] [info]  🚧 FOLDER_UPSCAYL_PROGRESS:  19.75%

[2026-08-22 09:42:24.528] [info]  🚧 FOLDER_UPSCAYL_PROGRESS:  20.00%

[2026-08-22 09:42:25.271] [info]  🚧 FOLDER_UPSCAYL_PROGRESS:  20.25%

[2026-08-22 09:42:26.018] [info]  🚧 FOLDER_UPSCAYL_PROGRESS:  20.49%

[2026-08-22 09:42:26.760] [info]  🚧 FOLDER_UPSCAYL_PROGRESS:  20.74%

[2026-08-22 09:42:27.500] [info]  🚧 FOLDER_UPSCAYL_PROGRESS:  20.99%

[2026-08-22 09:42:28.245] [info]  🚧 FOLDER_UPSCAYL_PROGRESS:  21.23%

[2026-08-22 09:42:29.000] [info]  🚧 FOLDER_UPSCAYL_PROGRESS:  21.48%

[2026-08-22 09:42:29.742] [info]  🚧 FOLDER_UPSCAYL_PROGRESS:  21.73%

[2026-08-22 09:42:30.482] [info]  🚧 FOLDER_UPSCAYL_PROGRESS:  21.98%

[2026-08-22 09:42:31.230] [info]  🚧 FOLDER_UPSCAYL_PROGRESS:  22.22%

[2026-08-22 09:42:31.973] [info]  🚧 FOLDER_UPSCAYL_PROGRESS:  22.47%

[2026-08-22 09:42:32.722] [info]  🚧 FOLDER_UPSCAYL_PROGRESS:  22.72%

[2026-08-22 09:42:33.472] [info]  🚧 FOLDER_UPSCAYL_PROGRESS:  22.96%

[2026-08-22 09:42:34.217] [info]  🚧 FOLDER_UPSCAYL_PROGRESS:  23.21%

[2026-08-22 09:42:34.967] [info]  🚧 FOLDER_UPSCAYL_PROGRESS:  23.46%

[2026-08-22 09:42:35.714] [info]  🚧 FOLDER_UPSCAYL_PROGRESS:  23.70%

[2026-08-22 09:42:36.464] [info]  🚧 FOLDER_UPSCAYL_PROGRESS:  23.95%

[2026-08-22 09:42:37.209] [info]  🚧 FOLDER_UPSCAYL_PROGRESS:  24.20%

[2026-08-22 09:42:37.952] [info]  🚧 FOLDER_UPSCAYL_PROGRESS:  24.44%

[2026-08-22 09:42:38.706] [info]  🚧 FOLDER_UPSCAYL_PROGRESS:  24.69%

[2026-08-22 09:42:39.454] [info]  🚧 FOLDER_UPSCAYL_PROGRESS:  24.94%

[2026-08-22 09:42:40.195] [info]  🚧 FOLDER_UPSCAYL_PROGRESS:  25.19%

[2026-08-22 09:42:40.936] [info]  🚧 FOLDER_UPSCAYL_PROGRESS:  25.43%

[2026-08-22 09:42:41.684] [info]  🚧 FOLDER_UPSCAYL_PROGRESS:  25.68%

[2026-08-22 09:42:42.432] [info]  🚧 FOLDER_UPSCAYL_PROGRESS:  25.93%

[2026-08-22 09:42:43.176] [info]  🚧 FOLDER_UPSCAYL_PROGRESS:  26.17%

[2026-08-22 09:42:43.386] [info]  🚧 FOLDER_UPSCAYL_PROGRESS:  26.42%

[2026-08-22 09:42:44.155] [info]  🚧 FOLDER_UPSCAYL_PROGRESS:  26.67%

[2026-08-22 09:42:44.900] [info]  🚧 FOLDER_UPSCAYL_PROGRESS:  26.91%

[2026-08-22 09:42:45.648] [info]  🚧 FOLDER_UPSCAYL_PROGRESS:  27.16%

[2026-08-22 09:42:46.394] [info]  🚧 FOLDER_UPSCAYL_PROGRESS:  27.41%

[2026-08-22 09:42:47.140] [info]  🚧 FOLDER_UPSCAYL_PROGRESS:  27.65%

[2026-08-22 09:42:47.882] [info]  🚧 FOLDER_UPSCAYL_PROGRESS:  27.90%

[2026-08-22 09:42:48.629] [info]  🚧 FOLDER_UPSCAYL_PROGRESS:  28.15%

[2026-08-22 09:42:49.377] [info]  🚧 FOLDER_UPSCAYL_PROGRESS:  28.40%

[2026-08-22 09:42:50.116] [info]  🚧 FOLDER_UPSCAYL_PROGRESS:  28.64%

[2026-08-22 09:42:50.867] [info]  🚧 FOLDER_UPSCAYL_PROGRESS:  28.89%

[2026-08-22 09:42:51.621] [info]  🚧 FOLDER_UPSCAYL_PROGRESS:  29.14%

[2026-08-22 09:42:52.373] [info]  🚧 FOLDER_UPSCAYL_PROGRESS:  29.38%

[2026-08-22 09:42:53.117] [info]  🚧 FOLDER_UPSCAYL_PROGRESS:  29.63%

[2026-08-22 09:42:53.872] [info]  🚧 FOLDER_UPSCAYL_PROGRESS:  29.88%

[2026-08-22 09:42:54.622] [info]  🚧 FOLDER_UPSCAYL_PROGRESS:  30.12%

[2026-08-22 09:42:55.374] [info]  🚧 FOLDER_UPSCAYL_PROGRESS:  30.37%

[2026-08-22 09:42:56.123] [info]  🚧 FOLDER_UPSCAYL_PROGRESS:  30.62%

[2026-08-22 09:42:56.873] [info]  🚧 FOLDER_UPSCAYL_PROGRESS:  30.86%

[2026-08-22 09:42:57.617] [info]  🚧 FOLDER_UPSCAYL_PROGRESS:  31.11%

[2026-08-22 09:42:58.368] [info]  🚧 FOLDER_UPSCAYL_PROGRESS:  31.36%

[2026-08-22 09:42:59.118] [info]  🚧 FOLDER_UPSCAYL_PROGRESS:  31.60%

[2026-08-22 09:42:59.867] [info]  🚧 FOLDER_UPSCAYL_PROGRESS:  31.85%

[2026-08-22 09:43:00.621] [info]  🚧 FOLDER_UPSCAYL_PROGRESS:  32.10%

[2026-08-22 09:43:01.371] [info]  🚧 FOLDER_UPSCAYL_PROGRESS:  32.35%

[2026-08-22 09:43:02.120] [info]  🚧 FOLDER_UPSCAYL_PROGRESS:  32.59%

[2026-08-22 09:43:02.870] [info]  🚧 FOLDER_UPSCAYL_PROGRESS:  32.84%

[2026-08-22 09:43:03.078] [info]  🚧 FOLDER_UPSCAYL_PROGRESS:  33.09%

[2026-08-22 09:43:03.852] [info]  🚧 FOLDER_UPSCAYL_PROGRESS:  33.33%

[2026-08-22 09:43:04.594] [info]  🚧 FOLDER_UPSCAYL_PROGRESS:  33.58%

[2026-08-22 09:43:05.341] [info]  🚧 FOLDER_UPSCAYL_PROGRESS:  33.83%

[2026-08-22 09:43:06.086] [info]  🚧 FOLDER_UPSCAYL_PROGRESS:  34.07%

[2026-08-22 09:43:06.833] [info]  🚧 FOLDER_UPSCAYL_PROGRESS:  34.32%

[2026-08-22 09:43:07.589] [info]  🚧 FOLDER_UPSCAYL_PROGRESS:  34.57%

[2026-08-22 09:43:08.336] [info]  🚧 FOLDER_UPSCAYL_PROGRESS:  34.81%

[2026-08-22 09:43:09.083] [info]  🚧 FOLDER_UPSCAYL_PROGRESS:  35.06%

[2026-08-22 09:43:09.829] [info]  🚧 FOLDER_UPSCAYL_PROGRESS:  35.31%

[2026-08-22 09:43:10.580] [info]  🚧 FOLDER_UPSCAYL_PROGRESS:  35.56%

[2026-08-22 09:43:11.327] [info]  🚧 FOLDER_UPSCAYL_PROGRESS:  35.80%

[2026-08-22 09:43:12.071] [info]  🚧 FOLDER_UPSCAYL_PROGRESS:  36.05%

[2026-08-22 09:43:12.816] [info]  🚧 FOLDER_UPSCAYL_PROGRESS:  36.30%

[2026-08-22 09:43:13.563] [info]  🚧 FOLDER_UPSCAYL_PROGRESS:  36.54%

[2026-08-22 09:43:14.313] [info]  🚧 FOLDER_UPSCAYL_PROGRESS:  36.79%

[2026-08-22 09:43:15.055] [info]  🚧 FOLDER_UPSCAYL_PROGRESS:  37.04%

[2026-08-22 09:43:15.803] [info]  🚧 FOLDER_UPSCAYL_PROGRESS:  37.28%

[2026-08-22 09:43:16.551] [info]  🚧 FOLDER_UPSCAYL_PROGRESS:  37.53%

[2026-08-22 09:43:17.299] [info]  🚧 FOLDER_UPSCAYL_PROGRESS:  37.78%

[2026-08-22 09:43:18.044] [info]  🚧 FOLDER_UPSCAYL_PROGRESS:  38.02%

[2026-08-22 09:43:18.791] [info]  🚧 FOLDER_UPSCAYL_PROGRESS:  38.27%

[2026-08-22 09:43:19.540] [info]  🚧 FOLDER_UPSCAYL_PROGRESS:  38.52%

[2026-08-22 09:43:20.289] [info]  🚧 FOLDER_UPSCAYL_PROGRESS:  38.77%

[2026-08-22 09:43:21.032] [info]  🚧 FOLDER_UPSCAYL_PROGRESS:  39.01%

[2026-08-22 09:43:21.780] [info]  🚧 FOLDER_UPSCAYL_PROGRESS:  39.26%

[2026-08-22 09:43:22.528] [info]  🚧 FOLDER_UPSCAYL_PROGRESS:  39.51%

[2026-08-22 09:43:22.732] [info]  🚧 FOLDER_UPSCAYL_PROGRESS:  39.75%

[2026-08-22 09:43:23.491] [info]  🚧 FOLDER_UPSCAYL_PROGRESS:  40.00%

[2026-08-22 09:43:24.239] [info]  🚧 FOLDER_UPSCAYL_PROGRESS:  40.25%

[2026-08-22 09:43:24.988] [info]  🚧 FOLDER_UPSCAYL_PROGRESS:  40.49%

[2026-08-22 09:43:25.742] [info]  🚧 FOLDER_UPSCAYL_PROGRESS:  40.74%

[2026-08-22 09:43:26.488] [info]  🚧 FOLDER_UPSCAYL_PROGRESS:  40.99%

[2026-08-22 09:43:27.233] [info]  🚧 FOLDER_UPSCAYL_PROGRESS:  41.23%

[2026-08-22 09:43:27.979] [info]  🚧 FOLDER_UPSCAYL_PROGRESS:  41.48%

[2026-08-22 09:43:28.731] [info]  🚧 FOLDER_UPSCAYL_PROGRESS:  41.73%

[2026-08-22 09:43:29.473] [info]  🚧 FOLDER_UPSCAYL_PROGRESS:  41.98%

[2026-08-22 09:43:30.221] [info]  🚧 FOLDER_UPSCAYL_PROGRESS:  42.22%

[2026-08-22 09:43:30.971] [info]  🚧 FOLDER_UPSCAYL_PROGRESS:  42.47%

[2026-08-22 09:43:31.718] [info]  🚧 FOLDER_UPSCAYL_PROGRESS:  42.72%

[2026-08-22 09:43:32.474] [info]  🚧 FOLDER_UPSCAYL_PROGRESS:  42.96%

[2026-08-22 09:43:33.221] [info]  🚧 FOLDER_UPSCAYL_PROGRESS:  43.21%

[2026-08-22 09:43:33.973] [info]  🚧 FOLDER_UPSCAYL_PROGRESS:  43.46%

[2026-08-22 09:43:34.719] [info]  🚧 FOLDER_UPSCAYL_PROGRESS:  43.70%

[2026-08-22 09:43:35.471] [info]  🚧 FOLDER_UPSCAYL_PROGRESS:  43.95%

[2026-08-22 09:43:36.208] [info]  🚧 FOLDER_UPSCAYL_PROGRESS:  44.20%

[2026-08-22 09:43:36.957] [info]  🚧 FOLDER_UPSCAYL_PROGRESS:  44.44%

[2026-08-22 09:43:37.697] [info]  🚧 FOLDER_UPSCAYL_PROGRESS:  44.69%

[2026-08-22 09:43:38.445] [info]  🚧 FOLDER_UPSCAYL_PROGRESS:  44.94%

[2026-08-22 09:43:39.188] [info]  🚧 FOLDER_UPSCAYL_PROGRESS:  45.19%

[2026-08-22 09:43:39.938] [info]  🚧 FOLDER_UPSCAYL_PROGRESS:  45.43%

[2026-08-22 09:43:40.688] [info]  🚧 FOLDER_UPSCAYL_PROGRESS:  45.68%

[2026-08-22 09:43:41.433] [info]  🚧 FOLDER_UPSCAYL_PROGRESS:  45.93%

[2026-08-22 09:43:42.181] [info]  🚧 FOLDER_UPSCAYL_PROGRESS:  46.17%

[2026-08-22 09:43:42.375] [info]  🚧 FOLDER_UPSCAYL_PROGRESS:  46.42%

[2026-08-22 09:43:43.149] [info]  🚧 FOLDER_UPSCAYL_PROGRESS:  46.67%

[2026-08-22 09:43:43.893] [info]  🚧 FOLDER_UPSCAYL_PROGRESS:  46.91%

[2026-08-22 09:43:44.639] [info]  🚧 FOLDER_UPSCAYL_PROGRESS:  47.16%

[2026-08-22 09:43:45.384] [info]  🚧 FOLDER_UPSCAYL_PROGRESS:  47.41%

[2026-08-22 09:43:46.133] [info]  🚧 FOLDER_UPSCAYL_PROGRESS:  47.65%

[2026-08-22 09:43:46.872] [info]  🚧 FOLDER_UPSCAYL_PROGRESS:  47.90%

[2026-08-22 09:43:47.622] [info]  🚧 FOLDER_UPSCAYL_PROGRESS:  48.15%

[2026-08-22 09:43:48.366] [info]  🚧 FOLDER_UPSCAYL_PROGRESS:  48.40%

[2026-08-22 09:43:49.110] [info]  🚧 FOLDER_UPSCAYL_PROGRESS:  48.64%

[2026-08-22 09:43:49.857] [info]  🚧 FOLDER_UPSCAYL_PROGRESS:  48.89%

[2026-08-22 09:43:50.602] [info]  🚧 FOLDER_UPSCAYL_PROGRESS:  49.14%

[2026-08-22 09:43:51.346] [info]  🚧 FOLDER_UPSCAYL_PROGRESS:  49.38%

[2026-08-22 09:43:52.088] [info]  🚧 FOLDER_UPSCAYL_PROGRESS:  49.63%

[2026-08-22 09:43:52.836] [info]  🚧 FOLDER_UPSCAYL_PROGRESS:  49.88%

[2026-08-22 09:43:53.581] [info]  🚧 FOLDER_UPSCAYL_PROGRESS:  50.12%

[2026-08-22 09:43:54.328] [info]  🚧 FOLDER_UPSCAYL_PROGRESS:  50.37%

[2026-08-22 09:43:55.069] [info]  🚧 FOLDER_UPSCAYL_PROGRESS:  50.62%

[2026-08-22 09:43:55.812] [info]  🚧 FOLDER_UPSCAYL_PROGRESS:  50.86%

[2026-08-22 09:43:56.558] [info]  🚧 FOLDER_UPSCAYL_PROGRESS:  51.11%

[2026-08-22 09:43:57.308] [info]  🚧 FOLDER_UPSCAYL_PROGRESS:  51.36%

[2026-08-22 09:43:58.048] [info]  🚧 FOLDER_UPSCAYL_PROGRESS:  51.60%

[2026-08-22 09:43:58.793] [info]  🚧 FOLDER_UPSCAYL_PROGRESS:  51.85%

[2026-08-22 09:43:59.539] [info]  🚧 FOLDER_UPSCAYL_PROGRESS:  52.10%

[2026-08-22 09:44:00.284] [info]  🚧 FOLDER_UPSCAYL_PROGRESS:  52.35%

[2026-08-22 09:44:01.027] [info]  🚧 FOLDER_UPSCAYL_PROGRESS:  52.59%

[2026-08-22 09:44:01.772] [info]  🚧 FOLDER_UPSCAYL_PROGRESS:  52.84%

[2026-08-22 09:44:01.974] [info]  🚧 FOLDER_UPSCAYL_PROGRESS:  53.09%

[2026-08-22 09:44:02.748] [info]  🚧 FOLDER_UPSCAYL_PROGRESS:  53.33%

[2026-08-22 09:44:03.492] [info]  🚧 FOLDER_UPSCAYL_PROGRESS:  53.58%

[2026-08-22 09:44:04.232] [info]  🚧 FOLDER_UPSCAYL_PROGRESS:  53.83%

[2026-08-22 09:44:04.973] [info]  🚧 FOLDER_UPSCAYL_PROGRESS:  54.07%

[2026-08-22 09:44:05.722] [info]  🚧 FOLDER_UPSCAYL_PROGRESS:  54.32%

[2026-08-22 09:44:06.465] [info]  🚧 FOLDER_UPSCAYL_PROGRESS:  54.57%

[2026-08-22 09:44:07.213] [info]  🚧 FOLDER_UPSCAYL_PROGRESS:  54.81%

[2026-08-22 09:44:07.947] [info]  🚧 FOLDER_UPSCAYL_PROGRESS:  55.06%

[2026-08-22 09:44:08.698] [info]  🚧 FOLDER_UPSCAYL_PROGRESS:  55.31%

[2026-08-22 09:44:09.437] [info]  🚧 FOLDER_UPSCAYL_PROGRESS:  55.56%

[2026-08-22 09:44:10.186] [info]  🚧 FOLDER_UPSCAYL_PROGRESS:  55.80%

[2026-08-22 09:44:10.927] [info]  🚧 FOLDER_UPSCAYL_PROGRESS:  56.05%

[2026-08-22 09:44:11.674] [info]  🚧 FOLDER_UPSCAYL_PROGRESS:  56.30%

[2026-08-22 09:44:12.418] [info]  🚧 FOLDER_UPSCAYL_PROGRESS:  56.54%

[2026-08-22 09:44:13.163] [info]  🚧 FOLDER_UPSCAYL_PROGRESS:  56.79%

[2026-08-22 09:44:13.914] [info]  🚧 FOLDER_UPSCAYL_PROGRESS:  57.04%

[2026-08-22 09:44:14.665] [info]  🚧 FOLDER_UPSCAYL_PROGRESS:  57.28%

[2026-08-22 09:44:15.419] [info]  🚧 FOLDER_UPSCAYL_PROGRESS:  57.53%

[2026-08-22 09:44:16.161] [info]  🚧 FOLDER_UPSCAYL_PROGRESS:  57.78%

[2026-08-22 09:44:16.910] [info]  🚧 FOLDER_UPSCAYL_PROGRESS:  58.02%

[2026-08-22 09:44:17.665] [info]  🚧 FOLDER_UPSCAYL_PROGRESS:  58.27%

[2026-08-22 09:44:18.421] [info]  🚧 FOLDER_UPSCAYL_PROGRESS:  58.52%

[2026-08-22 09:44:19.165] [info]  🚧 FOLDER_UPSCAYL_PROGRESS:  58.77%

[2026-08-22 09:44:19.917] [info]  🚧 FOLDER_UPSCAYL_PROGRESS:  59.01%

[2026-08-22 09:44:20.668] [info]  🚧 FOLDER_UPSCAYL_PROGRESS:  59.26%

[2026-08-22 09:44:21.417] [info]  🚧 FOLDER_UPSCAYL_PROGRESS:  59.51%

[2026-08-22 09:44:21.618] [info]  🚧 FOLDER_UPSCAYL_PROGRESS:  59.75%

[2026-08-22 09:44:22.392] [info]  🚧 FOLDER_UPSCAYL_PROGRESS:  60.00%

[2026-08-22 09:44:23.137] [info]  🚧 FOLDER_UPSCAYL_PROGRESS:  60.25%

[2026-08-22 09:44:23.888] [info]  🚧 FOLDER_UPSCAYL_PROGRESS:  60.49%

[2026-08-22 09:44:24.640] [info]  🚧 FOLDER_UPSCAYL_PROGRESS:  60.74%

[2026-08-22 09:44:25.390] [info]  🚧 FOLDER_UPSCAYL_PROGRESS:  60.99%

[2026-08-22 09:44:26.136] [info]  🚧 FOLDER_UPSCAYL_PROGRESS:  61.23%

[2026-08-22 09:44:26.887] [info]  🚧 FOLDER_UPSCAYL_PROGRESS:  61.48%

[2026-08-22 09:44:27.636] [info]  🚧 FOLDER_UPSCAYL_PROGRESS:  61.73%

[2026-08-22 09:44:28.386] [info]  🚧 FOLDER_UPSCAYL_PROGRESS:  61.98%

[2026-08-22 09:44:29.136] [info]  🚧 FOLDER_UPSCAYL_PROGRESS:  62.22%

[2026-08-22 09:44:29.889] [info]  🚧 FOLDER_UPSCAYL_PROGRESS:  62.47%

[2026-08-22 09:44:30.635] [info]  🚧 FOLDER_UPSCAYL_PROGRESS:  62.72%

[2026-08-22 09:44:31.386] [info]  🚧 FOLDER_UPSCAYL_PROGRESS:  62.96%

[2026-08-22 09:44:32.134] [info]  🚧 FOLDER_UPSCAYL_PROGRESS:  63.21%

[2026-08-22 09:44:32.884] [info]  🚧 FOLDER_UPSCAYL_PROGRESS:  63.46%

[2026-08-22 09:44:33.642] [info]  🚧 FOLDER_UPSCAYL_PROGRESS:  63.70%

[2026-08-22 09:44:34.390] [info]  🚧 FOLDER_UPSCAYL_PROGRESS:  63.95%

[2026-08-22 09:44:35.140] [info]  🚧 FOLDER_UPSCAYL_PROGRESS:  64.20%

[2026-08-22 09:44:35.890] [info]  🚧 FOLDER_UPSCAYL_PROGRESS:  64.44%

[2026-08-22 09:44:36.650] [info]  🚧 FOLDER_UPSCAYL_PROGRESS:  64.69%

[2026-08-22 09:44:37.401] [info]  🚧 FOLDER_UPSCAYL_PROGRESS:  64.94%

[2026-08-22 09:44:38.150] [info]  🚧 FOLDER_UPSCAYL_PROGRESS:  65.19%

[2026-08-22 09:44:38.907] [info]  🚧 FOLDER_UPSCAYL_PROGRESS:  65.43%

[2026-08-22 09:44:39.647] [info]  🚧 FOLDER_UPSCAYL_PROGRESS:  65.68%

[2026-08-22 09:44:40.398] [info]  🚧 FOLDER_UPSCAYL_PROGRESS:  65.93%

[2026-08-22 09:44:41.142] [info]  🚧 FOLDER_UPSCAYL_PROGRESS:  66.17%

[2026-08-22 09:44:41.348] [info]  🚧 FOLDER_UPSCAYL_PROGRESS:  66.42%

[2026-08-22 09:44:42.115] [info]  🚧 FOLDER_UPSCAYL_PROGRESS:  66.67%

[2026-08-22 09:44:42.863] [info]  🚧 FOLDER_UPSCAYL_PROGRESS:  66.91%

[2026-08-22 09:44:43.603] [info]  🚧 FOLDER_UPSCAYL_PROGRESS:  67.16%

[2026-08-22 09:44:44.343] [info]  🚧 FOLDER_UPSCAYL_PROGRESS:  67.41%

[2026-08-22 09:44:45.085] [info]  🚧 FOLDER_UPSCAYL_PROGRESS:  67.65%

[2026-08-22 09:44:45.828] [info]  🚧 FOLDER_UPSCAYL_PROGRESS:  67.90%

[2026-08-22 09:44:46.573] [info]  🚧 FOLDER_UPSCAYL_PROGRESS:  68.15%

[2026-08-22 09:44:47.325] [info]  🚧 FOLDER_UPSCAYL_PROGRESS:  68.40%

[2026-08-22 09:44:48.065] [info]  🚧 FOLDER_UPSCAYL_PROGRESS:  68.64%

[2026-08-22 09:44:48.809] [info]  🚧 FOLDER_UPSCAYL_PROGRESS:  68.89%

[2026-08-22 09:44:49.557] [info]  🚧 FOLDER_UPSCAYL_PROGRESS:  69.14%

[2026-08-22 09:44:50.299] [info]  🚧 FOLDER_UPSCAYL_PROGRESS:  69.38%

[2026-08-22 09:44:51.045] [info]  🚧 FOLDER_UPSCAYL_PROGRESS:  69.63%

[2026-08-22 09:44:51.793] [info]  🚧 FOLDER_UPSCAYL_PROGRESS:  69.88%

[2026-08-22 09:44:52.546] [info]  🚧 FOLDER_UPSCAYL_PROGRESS:  70.12%

[2026-08-22 09:44:53.291] [info]  🚧 FOLDER_UPSCAYL_PROGRESS:  70.37%

[2026-08-22 09:44:54.036] [info]  🚧 FOLDER_UPSCAYL_PROGRESS:  70.62%

[2026-08-22 09:44:54.781] [info]  🚧 FOLDER_UPSCAYL_PROGRESS:  70.86%

[2026-08-22 09:44:55.532] [info]  🚧 FOLDER_UPSCAYL_PROGRESS:  71.11%

[2026-08-22 09:44:56.273] [info]  🚧 FOLDER_UPSCAYL_PROGRESS:  71.36%

[2026-08-22 09:44:57.018] [info]  🚧 FOLDER_UPSCAYL_PROGRESS:  71.60%

[2026-08-22 09:44:57.764] [info]  🚧 FOLDER_UPSCAYL_PROGRESS:  71.85%

[2026-08-22 09:44:58.513] [info]  🚧 FOLDER_UPSCAYL_PROGRESS:  72.10%

[2026-08-22 09:44:59.257] [info]  🚧 FOLDER_UPSCAYL_PROGRESS:  72.35%

[2026-08-22 09:45:00.004] [info]  🚧 FOLDER_UPSCAYL_PROGRESS:  72.59%

[2026-08-22 09:45:00.743] [info]  🚧 FOLDER_UPSCAYL_PROGRESS:  72.84%

[2026-08-22 09:45:00.950] [info]  🚧 FOLDER_UPSCAYL_PROGRESS:  73.09%

[2026-08-22 09:45:01.709] [info]  🚧 FOLDER_UPSCAYL_PROGRESS:  73.33%

[2026-08-22 09:45:02.461] [info]  🚧 FOLDER_UPSCAYL_PROGRESS:  73.58%

[2026-08-22 09:45:03.204] [info]  🚧 FOLDER_UPSCAYL_PROGRESS:  73.83%

[2026-08-22 09:45:03.948] [info]  🚧 FOLDER_UPSCAYL_PROGRESS:  74.07%

[2026-08-22 09:45:04.701] [info]  🚧 FOLDER_UPSCAYL_PROGRESS:  74.32%

[2026-08-22 09:45:05.447] [info]  🚧 FOLDER_UPSCAYL_PROGRESS:  74.57%

[2026-08-22 09:45:06.193] [info]  🚧 FOLDER_UPSCAYL_PROGRESS:  74.81%

[2026-08-22 09:45:06.941] [info]  🚧 FOLDER_UPSCAYL_PROGRESS:  75.06%

[2026-08-22 09:45:07.690] [info]  🚧 FOLDER_UPSCAYL_PROGRESS:  75.31%

[2026-08-22 09:45:08.441] [info]  🚧 FOLDER_UPSCAYL_PROGRESS:  75.56%

[2026-08-22 09:45:09.186] [info]  🚧 FOLDER_UPSCAYL_PROGRESS:  75.80%

[2026-08-22 09:45:09.935] [info]  🚧 FOLDER_UPSCAYL_PROGRESS:  76.05%

[2026-08-22 09:45:10.686] [info]  🚧 FOLDER_UPSCAYL_PROGRESS:  76.30%

[2026-08-22 09:45:11.434] [info]  🚧 FOLDER_UPSCAYL_PROGRESS:  76.54%

[2026-08-22 09:45:12.179] [info]  🚧 FOLDER_UPSCAYL_PROGRESS:  76.79%

[2026-08-22 09:45:12.923] [info]  🚧 FOLDER_UPSCAYL_PROGRESS:  77.04%

[2026-08-22 09:45:13.674] [info]  🚧 FOLDER_UPSCAYL_PROGRESS:  77.28%

[2026-08-22 09:45:14.426] [info]  🚧 FOLDER_UPSCAYL_PROGRESS:  77.53%

[2026-08-22 09:45:15.165] [info]  🚧 FOLDER_UPSCAYL_PROGRESS:  77.78%

[2026-08-22 09:45:15.910] [info]  🚧 FOLDER_UPSCAYL_PROGRESS:  78.02%

[2026-08-22 09:45:16.663] [info]  🚧 FOLDER_UPSCAYL_PROGRESS:  78.27%

[2026-08-22 09:45:17.412] [info]  🚧 FOLDER_UPSCAYL_PROGRESS:  78.52%

[2026-08-22 09:45:18.152] [info]  🚧 FOLDER_UPSCAYL_PROGRESS:  78.77%

[2026-08-22 09:45:18.898] [info]  🚧 FOLDER_UPSCAYL_PROGRESS:  79.01%

[2026-08-22 09:45:19.650] [info]  🚧 FOLDER_UPSCAYL_PROGRESS:  79.26%

[2026-08-22 09:45:20.392] [info]  🚧 FOLDER_UPSCAYL_PROGRESS:  79.51%

[2026-08-22 09:45:20.596] [info]  🚧 FOLDER_UPSCAYL_PROGRESS:  79.75%

[2026-08-22 09:45:21.368] [info]  🚧 FOLDER_UPSCAYL_PROGRESS:  80.00%

[2026-08-22 09:45:22.116] [info]  🚧 FOLDER_UPSCAYL_PROGRESS:  80.25%

[2026-08-22 09:45:22.861] [info]  🚧 FOLDER_UPSCAYL_PROGRESS:  80.49%

[2026-08-22 09:45:23.611] [info]  🚧 FOLDER_UPSCAYL_PROGRESS:  80.74%

[2026-08-22 09:45:24.356] [info]  🚧 FOLDER_UPSCAYL_PROGRESS:  80.99%

[2026-08-22 09:45:25.105] [info]  🚧 FOLDER_UPSCAYL_PROGRESS:  81.23%

[2026-08-22 09:45:25.848] [info]  🚧 FOLDER_UPSCAYL_PROGRESS:  81.48%

[2026-08-22 09:45:26.596] [info]  🚧 FOLDER_UPSCAYL_PROGRESS:  81.73%

[2026-08-22 09:45:27.341] [info]  🚧 FOLDER_UPSCAYL_PROGRESS:  81.98%

[2026-08-22 09:45:28.083] [info]  🚧 FOLDER_UPSCAYL_PROGRESS:  82.22%

[2026-08-22 09:45:28.820] [info]  🚧 FOLDER_UPSCAYL_PROGRESS:  82.47%

[2026-08-22 09:45:29.568] [info]  🚧 FOLDER_UPSCAYL_PROGRESS:  82.72%

[2026-08-22 09:45:30.313] [info]  🚧 FOLDER_UPSCAYL_PROGRESS:  82.96%

[2026-08-22 09:45:31.064] [info]  🚧 FOLDER_UPSCAYL_PROGRESS:  83.21%

[2026-08-22 09:45:31.813] [info]  🚧 FOLDER_UPSCAYL_PROGRESS:  83.46%

[2026-08-22 09:45:32.562] [info]  🚧 FOLDER_UPSCAYL_PROGRESS:  83.70%

[2026-08-22 09:45:33.310] [info]  🚧 FOLDER_UPSCAYL_PROGRESS:  83.95%

[2026-08-22 09:45:34.052] [info]  🚧 FOLDER_UPSCAYL_PROGRESS:  84.20%

[2026-08-22 09:45:34.801] [info]  🚧 FOLDER_UPSCAYL_PROGRESS:  84.44%

[2026-08-22 09:45:35.549] [info]  🚧 FOLDER_UPSCAYL_PROGRESS:  84.69%

[2026-08-22 09:45:36.295] [info]  🚧 FOLDER_UPSCAYL_PROGRESS:  84.94%

[2026-08-22 09:45:37.042] [info]  🚧 FOLDER_UPSCAYL_PROGRESS:  85.19%

[2026-08-22 09:45:37.791] [info]  🚧 FOLDER_UPSCAYL_PROGRESS:  85.43%

[2026-08-22 09:45:38.541] [info]  🚧 FOLDER_UPSCAYL_PROGRESS:  85.68%

[2026-08-22 09:45:39.288] [info]  🚧 FOLDER_UPSCAYL_PROGRESS:  85.93%

[2026-08-22 09:45:40.038] [info]  🚧 FOLDER_UPSCAYL_PROGRESS:  86.17%

[2026-08-22 09:45:40.244] [info]  🚧 FOLDER_UPSCAYL_PROGRESS:  86.42%

[2026-08-22 09:45:41.014] [info]  🚧 FOLDER_UPSCAYL_PROGRESS:  86.67%

[2026-08-22 09:45:41.760] [info]  🚧 FOLDER_UPSCAYL_PROGRESS:  86.91%

[2026-08-22 09:45:42.513] [info]  🚧 FOLDER_UPSCAYL_PROGRESS:  87.16%

[2026-08-22 09:45:43.261] [info]  🚧 FOLDER_UPSCAYL_PROGRESS:  87.41%

[2026-08-22 09:45:44.011] [info]  🚧 FOLDER_UPSCAYL_PROGRESS:  87.65%

[2026-08-22 09:45:44.761] [info]  🚧 FOLDER_UPSCAYL_PROGRESS:  87.90%

[2026-08-22 09:45:45.507] [info]  🚧 FOLDER_UPSCAYL_PROGRESS:  88.15%

[2026-08-22 09:45:46.256] [info]  🚧 FOLDER_UPSCAYL_PROGRESS:  88.40%

[2026-08-22 09:45:47.003] [info]  🚧 FOLDER_UPSCAYL_PROGRESS:  88.64%

[2026-08-22 09:45:47.749] [info]  🚧 FOLDER_UPSCAYL_PROGRESS:  88.89%

[2026-08-22 09:45:48.499] [info]  🚧 FOLDER_UPSCAYL_PROGRESS:  89.14%

[2026-08-22 09:45:49.243] [info]  🚧 FOLDER_UPSCAYL_PROGRESS:  89.38%

[2026-08-22 09:45:49.993] [info]  🚧 FOLDER_UPSCAYL_PROGRESS:  89.63%

[2026-08-22 09:45:50.741] [info]  🚧 FOLDER_UPSCAYL_PROGRESS:  89.88%

[2026-08-22 09:45:51.486] [info]  🚧 FOLDER_UPSCAYL_PROGRESS:  90.12%

[2026-08-22 09:45:52.232] [info]  🚧 FOLDER_UPSCAYL_PROGRESS:  90.37%

[2026-08-22 09:45:52.977] [info]  🚧 FOLDER_UPSCAYL_PROGRESS:  90.62%

[2026-08-22 09:45:53.720] [info]  🚧 FOLDER_UPSCAYL_PROGRESS:  90.86%

[2026-08-22 09:45:54.466] [info]  🚧 FOLDER_UPSCAYL_PROGRESS:  91.11%

[2026-08-22 09:45:55.212] [info]  🚧 FOLDER_UPSCAYL_PROGRESS:  91.36%

[2026-08-22 09:45:55.962] [info]  🚧 FOLDER_UPSCAYL_PROGRESS:  91.60%

[2026-08-22 09:45:56.708] [info]  🚧 FOLDER_UPSCAYL_PROGRESS:  91.85%

[2026-08-22 09:45:57.454] [info]  🚧 FOLDER_UPSCAYL_PROGRESS:  92.10%

[2026-08-22 09:45:58.194] [info]  🚧 FOLDER_UPSCAYL_PROGRESS:  92.35%

[2026-08-22 09:45:58.946] [info]  🚧 FOLDER_UPSCAYL_PROGRESS:  92.59%

[2026-08-22 09:45:59.694] [info]  🚧 FOLDER_UPSCAYL_PROGRESS:  92.84%

[2026-08-22 09:45:59.908] [info]  🚧 FOLDER_UPSCAYL_PROGRESS:  93.09%

[2026-08-22 09:46:00.436] [info]  🚧 FOLDER_UPSCAYL_PROGRESS:  93.33%

[2026-08-22 09:46:00.946] [info]  🚧 FOLDER_UPSCAYL_PROGRESS:  93.58%

[2026-08-22 09:46:01.460] [info]  🚧 FOLDER_UPSCAYL_PROGRESS:  93.83%

[2026-08-22 09:46:01.967] [info]  🚧 FOLDER_UPSCAYL_PROGRESS:  94.07%

[2026-08-22 09:46:02.485] [info]  🚧 FOLDER_UPSCAYL_PROGRESS:  94.32%

[2026-08-22 09:46:02.991] [info]  🚧 FOLDER_UPSCAYL_PROGRESS:  94.57%

[2026-08-22 09:46:03.509] [info]  🚧 FOLDER_UPSCAYL_PROGRESS:  94.81%

[2026-08-22 09:46:04.020] [info]  🚧 FOLDER_UPSCAYL_PROGRESS:  95.06%

[2026-08-22 09:46:04.531] [info]  🚧 FOLDER_UPSCAYL_PROGRESS:  95.31%

[2026-08-22 09:46:05.043] [info]  🚧 FOLDER_UPSCAYL_PROGRESS:  95.56%

[2026-08-22 09:46:05.550] [info]  🚧 FOLDER_UPSCAYL_PROGRESS:  95.80%

[2026-08-22 09:46:06.066] [info]  🚧 FOLDER_UPSCAYL_PROGRESS:  96.05%

[2026-08-22 09:46:06.579] [info]  🚧 FOLDER_UPSCAYL_PROGRESS:  96.30%

[2026-08-22 09:46:07.085] [info]  🚧 FOLDER_UPSCAYL_PROGRESS:  96.54%

[2026-08-22 09:46:07.601] [info]  🚧 FOLDER_UPSCAYL_PROGRESS:  96.79%

[2026-08-22 09:46:08.111] [info]  🚧 FOLDER_UPSCAYL_PROGRESS:  97.04%

[2026-08-22 09:46:08.620] [info]  🚧 FOLDER_UPSCAYL_PROGRESS:  97.28%

[2026-08-22 09:46:09.135] [info]  🚧 FOLDER_UPSCAYL_PROGRESS:  97.53%

[2026-08-22 09:46:09.642] [info]  🚧 FOLDER_UPSCAYL_PROGRESS:  97.78%

[2026-08-22 09:46:10.152] [info]  🚧 FOLDER_UPSCAYL_PROGRESS:  98.02%

[2026-08-22 09:46:10.664] [info]  🚧 FOLDER_UPSCAYL_PROGRESS:  98.27%

[2026-08-22 09:46:11.172] [info]  🚧 FOLDER_UPSCAYL_PROGRESS:  98.52%

[2026-08-22 09:46:11.683] [info]  🚧 FOLDER_UPSCAYL_PROGRESS:  98.77%

[2026-08-22 09:46:12.190] [info]  🚧 FOLDER_UPSCAYL_PROGRESS:  99.01%

[2026-08-22 09:46:12.703] [info]  🚧 FOLDER_UPSCAYL_PROGRESS:  99.26%

[2026-08-22 09:46:13.225] [info]  🚧 FOLDER_UPSCAYL_PROGRESS:  99.51%

[2026-08-22 09:46:13.379] [info]  🚧 FOLDER_UPSCAYL_PROGRESS:  99.75%

[2026-08-22 09:46:13.396] [info]  🚧 FOLDER_UPSCAYL_PROGRESS:  🏞️ Resizing image according to output scale

[2026-08-22 09:46:14.010] [info]  🚧 FOLDER_UPSCAYL_PROGRESS:  🏞️ Scaled image from 5225x2940 to 10450x5880

[2026-08-22 09:46:14.143] [info]  🚧 FOLDER_UPSCAYL_PROGRESS:  0.00%

[2026-08-22 09:46:14.886] [info]  🚧 FOLDER_UPSCAYL_PROGRESS:  0.25%

[2026-08-22 09:46:15.630] [info]  🚧 FOLDER_UPSCAYL_PROGRESS:  0.49%

[2026-08-22 09:46:16.375] [info]  🚧 FOLDER_UPSCAYL_PROGRESS:  0.74%

[2026-08-22 09:46:17.118] [info]  🚧 FOLDER_UPSCAYL_PROGRESS:  0.99%

[2026-08-22 09:46:17.861] [info]  🚧 FOLDER_UPSCAYL_PROGRESS:  1.23%

[2026-08-22 09:46:18.605] [info]  🚧 FOLDER_UPSCAYL_PROGRESS:  1.48%

[2026-08-22 09:46:19.350] [info]  🚧 FOLDER_UPSCAYL_PROGRESS:  1.73%

[2026-08-22 09:46:20.093] [info]  🚧 FOLDER_UPSCAYL_PROGRESS:  1.98%

[2026-08-22 09:46:20.836] [info]  🚧 FOLDER_UPSCAYL_PROGRESS:  2.22%

[2026-08-22 09:46:21.580] [info]  🚧 FOLDER_UPSCAYL_PROGRESS:  2.47%

[2026-08-22 09:46:21.989] [info]  🚧 FOLDER_UPSCAYL_PROGRESS:  100.00%

🙌 Upscayled Successfully!

[2026-08-22 09:46:22.330] [info]  🚧 FOLDER_UPSCAYL_PROGRESS:  2.72%

[2026-08-22 09:46:23.075] [info]  🚧 FOLDER_UPSCAYL_PROGRESS:  2.96%

[2026-08-22 09:46:23.820] [info]  🚧 FOLDER_UPSCAYL_PROGRESS:  3.21%

[2026-08-22 09:46:24.574] [info]  🚧 FOLDER_UPSCAYL_PROGRESS:  3.46%

[2026-08-22 09:46:25.319] [info]  🚧 FOLDER_UPSCAYL_PROGRESS:  3.70%

[2026-08-22 09:46:26.063] [info]  🚧 FOLDER_UPSCAYL_PROGRESS:  3.95%

[2026-08-22 09:46:26.810] [info]  🚧 FOLDER_UPSCAYL_PROGRESS:  4.20%

[2026-08-22 09:46:27.562] [info]  🚧 FOLDER_UPSCAYL_PROGRESS:  4.44%

[2026-08-22 09:46:28.307] [info]  🚧 FOLDER_UPSCAYL_PROGRESS:  4.69%

[2026-08-22 09:46:29.055] [info]  🚧 FOLDER_UPSCAYL_PROGRESS:  4.94%

[2026-08-22 09:46:29.800] [info]  🚧 FOLDER_UPSCAYL_PROGRESS:  5.19%

[2026-08-22 09:46:30.547] [info]  🚧 FOLDER_UPSCAYL_PROGRESS:  5.43%

[2026-08-22 09:46:31.296] [info]  🚧 FOLDER_UPSCAYL_PROGRESS:  5.68%

[2026-08-22 09:46:32.046] [info]  🚧 FOLDER_UPSCAYL_PROGRESS:  5.93%

[2026-08-22 09:46:32.790] [info]  🚧 FOLDER_UPSCAYL_PROGRESS:  6.17%

[2026-08-22 09:46:33.002] [info]  🚧 FOLDER_UPSCAYL_PROGRESS:  6.42%

[2026-08-22 09:46:33.758] [info]  🚧 FOLDER_UPSCAYL_PROGRESS:  6.67%

[2026-08-22 09:46:34.509] [info]  🚧 FOLDER_UPSCAYL_PROGRESS:  6.91%

[2026-08-22 09:46:35.257] [info]  🚧 FOLDER_UPSCAYL_PROGRESS:  7.16%

[2026-08-22 09:46:36.007] [info]  🚧 FOLDER_UPSCAYL_PROGRESS:  7.41%

[2026-08-22 09:46:36.756] [info]  🚧 FOLDER_UPSCAYL_PROGRESS:  7.65%

[2026-08-22 09:46:37.506] [info]  🚧 FOLDER_UPSCAYL_PROGRESS:  7.90%

[2026-08-22 09:46:38.247] [info]  🚧 FOLDER_UPSCAYL_PROGRESS:  8.15%

[2026-08-22 09:46:39.002] [info]  🚧 FOLDER_UPSCAYL_PROGRESS:  8.40%

[2026-08-22 09:46:39.747] [info]  🚧 FOLDER_UPSCAYL_PROGRESS:  8.64%

[2026-08-22 09:46:40.496] [info]  🚧 FOLDER_UPSCAYL_PROGRESS:  8.89%

[2026-08-22 09:46:41.238] [info]  🚧 FOLDER_UPSCAYL_PROGRESS:  9.14%

[2026-08-22 09:46:41.986] [info]  🚧 FOLDER_UPSCAYL_PROGRESS:  9.38%

[2026-08-22 09:46:42.735] [info]  🚧 FOLDER_UPSCAYL_PROGRESS:  9.63%

[2026-08-22 09:46:43.484] [info]  🚧 FOLDER_UPSCAYL_PROGRESS:  9.88%

[2026-08-22 09:46:44.226] [info]  🚧 FOLDER_UPSCAYL_PROGRESS:  10.12%

[2026-08-22 09:46:44.976] [info]  🚧 FOLDER_UPSCAYL_PROGRESS:  10.37%

[2026-08-22 09:46:45.716] [info]  🚧 FOLDER_UPSCAYL_PROGRESS:  10.62%

[2026-08-22 09:46:46.463] [info]  🚧 FOLDER_UPSCAYL_PROGRESS:  10.86%

[2026-08-22 09:46:47.206] [info]  🚧 FOLDER_UPSCAYL_PROGRESS:  11.11%

[2026-08-22 09:46:47.948] [info]  🚧 FOLDER_UPSCAYL_PROGRESS:  11.36%

[2026-08-22 09:46:48.695] [info]  🚧 FOLDER_UPSCAYL_PROGRESS:  11.60%

[2026-08-22 09:46:49.444] [info]  🚧 FOLDER_UPSCAYL_PROGRESS:  11.85%

[2026-08-22 09:46:50.186] [info]  🚧 FOLDER_UPSCAYL_PROGRESS:  12.10%

[2026-08-22 09:46:50.933] [info]  🚧 FOLDER_UPSCAYL_PROGRESS:  12.35%

[2026-08-22 09:46:51.678] [info]  🚧 FOLDER_UPSCAYL_PROGRESS:  12.59%

[2026-08-22 09:46:52.422] [info]  🚧 FOLDER_UPSCAYL_PROGRESS:  12.84%

[2026-08-22 09:46:52.620] [info]  🚧 FOLDER_UPSCAYL_PROGRESS:  13.09%

[2026-08-22 09:46:53.393] [info]  🚧 FOLDER_UPSCAYL_PROGRESS:  13.33%

[2026-08-22 09:46:54.139] [info]  🚧 FOLDER_UPSCAYL_PROGRESS:  13.58%

[2026-08-22 09:46:54.881] [info]  🚧 FOLDER_UPSCAYL_PROGRESS:  13.83%

[2026-08-22 09:46:55.630] [info]  🚧 FOLDER_UPSCAYL_PROGRESS:  14.07%

[2026-08-22 09:46:56.373] [info]  🚧 FOLDER_UPSCAYL_PROGRESS:  14.32%

[2026-08-22 09:46:57.115] [info]  🚧 FOLDER_UPSCAYL_PROGRESS:  14.57%

[2026-08-22 09:46:57.863] [info]  🚧 FOLDER_UPSCAYL_PROGRESS:  14.81%

[2026-08-22 09:46:58.616] [info]  🚧 FOLDER_UPSCAYL_PROGRESS:  15.06%

[2026-08-22 09:46:59.354] [info]  🚧 FOLDER_UPSCAYL_PROGRESS:  15.31%

[2026-08-22 09:47:00.101] [info]  🚧 FOLDER_UPSCAYL_PROGRESS:  15.56%

[2026-08-22 09:47:00.843] [info]  🚧 FOLDER_UPSCAYL_PROGRESS:  15.80%

[2026-08-22 09:47:01.594] [info]  🚧 FOLDER_UPSCAYL_PROGRESS:  16.05%

[2026-08-22 09:47:02.343] [info]  🚧 FOLDER_UPSCAYL_PROGRESS:  16.30%

[2026-08-22 09:47:03.084] [info]  🚧 FOLDER_UPSCAYL_PROGRESS:  16.54%

[2026-08-22 09:47:03.831] [info]  🚧 FOLDER_UPSCAYL_PROGRESS:  16.79%

[2026-08-22 09:47:04.580] [info]  🚧 FOLDER_UPSCAYL_PROGRESS:  17.04%

[2026-08-22 09:47:05.326] [info]  🚧 FOLDER_UPSCAYL_PROGRESS:  17.28%

[2026-08-22 09:47:06.073] [info]  🚧 FOLDER_UPSCAYL_PROGRESS:  17.53%

[2026-08-22 09:47:06.818] [info]  🚧 FOLDER_UPSCAYL_PROGRESS:  17.78%

[2026-08-22 09:47:07.567] [info]  🚧 FOLDER_UPSCAYL_PROGRESS:  18.02%

[2026-08-22 09:47:08.312] [info]  🚧 FOLDER_UPSCAYL_PROGRESS:  18.27%

[2026-08-22 09:47:09.059] [info]  🚧 FOLDER_UPSCAYL_PROGRESS:  18.52%

[2026-08-22 09:47:09.806] [info]  🚧 FOLDER_UPSCAYL_PROGRESS:  18.77%

[2026-08-22 09:47:10.556] [info]  🚧 FOLDER_UPSCAYL_PROGRESS:  19.01%

[2026-08-22 09:47:11.302] [info]  🚧 FOLDER_UPSCAYL_PROGRESS:  19.26%

[2026-08-22 09:47:12.052] [info]  🚧 FOLDER_UPSCAYL_PROGRESS:  19.51%

[2026-08-22 09:47:12.260] [info]  🚧 FOLDER_UPSCAYL_PROGRESS:  19.75%

[2026-08-22 09:47:13.027] [info]  🚧 FOLDER_UPSCAYL_PROGRESS:  20.00%

[2026-08-22 09:47:13.778] [info]  🚧 FOLDER_UPSCAYL_PROGRESS:  20.25%

[2026-08-22 09:47:14.518] [info]  🚧 FOLDER_UPSCAYL_PROGRESS:  20.49%

[2026-08-22 09:47:15.266] [info]  🚧 FOLDER_UPSCAYL_PROGRESS:  20.74%

[2026-08-22 09:47:16.011] [info]  🚧 FOLDER_UPSCAYL_PROGRESS:  20.99%

[2026-08-22 09:47:16.764] [info]  🚧 FOLDER_UPSCAYL_PROGRESS:  21.23%

[2026-08-22 09:47:17.513] [info]  🚧 FOLDER_UPSCAYL_PROGRESS:  21.48%

[2026-08-22 09:47:18.262] [info]  🚧 FOLDER_UPSCAYL_PROGRESS:  21.73%

[2026-08-22 09:47:19.008] [info]  🚧 FOLDER_UPSCAYL_PROGRESS:  21.98%

[2026-08-22 09:47:19.757] [info]  🚧 FOLDER_UPSCAYL_PROGRESS:  22.22%

[2026-08-22 09:47:20.500] [info]  🚧 FOLDER_UPSCAYL_PROGRESS:  22.47%

[2026-08-22 09:47:21.249] [info]  🚧 FOLDER_UPSCAYL_PROGRESS:  22.72%

[2026-08-22 09:47:21.991] [info]  🚧 FOLDER_UPSCAYL_PROGRESS:  22.96%

[2026-08-22 09:47:22.740] [info]  🚧 FOLDER_UPSCAYL_PROGRESS:  23.21%

[2026-08-22 09:47:23.490] [info]  🚧 FOLDER_UPSCAYL_PROGRESS:  23.46%

[2026-08-22 09:47:24.240] [info]  🚧 FOLDER_UPSCAYL_PROGRESS:  23.70%

[2026-08-22 09:47:24.985] [info]  🚧 FOLDER_UPSCAYL_PROGRESS:  23.95%

[2026-08-22 09:47:25.734] [info]  🚧 FOLDER_UPSCAYL_PROGRESS:  24.20%

[2026-08-22 09:47:26.483] [info]  🚧 FOLDER_UPSCAYL_PROGRESS:  24.44%

[2026-08-22 09:47:27.232] [info]  🚧 FOLDER_UPSCAYL_PROGRESS:  24.69%

[2026-08-22 09:47:27.979] [info]  🚧 FOLDER_UPSCAYL_PROGRESS:  24.94%

[2026-08-22 09:47:28.728] [info]  🚧 FOLDER_UPSCAYL_PROGRESS:  25.19%

[2026-08-22 09:47:29.474] [info]  🚧 FOLDER_UPSCAYL_PROGRESS:  25.43%

[2026-08-22 09:47:30.221] [info]  🚧 FOLDER_UPSCAYL_PROGRESS:  25.68%

[2026-08-22 09:47:30.971] [info]  🚧 FOLDER_UPSCAYL_PROGRESS:  25.93%

[2026-08-22 09:47:31.722] [info]  🚧 FOLDER_UPSCAYL_PROGRESS:  26.17%

[2026-08-22 09:47:31.927] [info]  🚧 FOLDER_UPSCAYL_PROGRESS:  26.42%

[2026-08-22 09:47:32.697] [info]  🚧 FOLDER_UPSCAYL_PROGRESS:  26.67%

[2026-08-22 09:47:33.446] [info]  🚧 FOLDER_UPSCAYL_PROGRESS:  26.91%

[2026-08-22 09:47:34.188] [info]  🚧 FOLDER_UPSCAYL_PROGRESS:  27.16%

[2026-08-22 09:47:34.935] [info]  🚧 FOLDER_UPSCAYL_PROGRESS:  27.41%

[2026-08-22 09:47:35.678] [info]  🚧 FOLDER_UPSCAYL_PROGRESS:  27.65%

[2026-08-22 09:47:36.436] [info]  🚧 FOLDER_UPSCAYL_PROGRESS:  27.90%

[2026-08-22 09:47:37.174] [info]  🚧 FOLDER_UPSCAYL_PROGRESS:  28.15%

[2026-08-22 09:47:37.922] [info]  🚧 FOLDER_UPSCAYL_PROGRESS:  28.40%

[2026-08-22 09:47:38.668] [info]  🚧 FOLDER_UPSCAYL_PROGRESS:  28.64%

[2026-08-22 09:47:39.420] [info]  🚧 FOLDER_UPSCAYL_PROGRESS:  28.89%

[2026-08-22 09:47:40.168] [info]  🚧 FOLDER_UPSCAYL_PROGRESS:  29.14%

[2026-08-22 09:47:40.913] [info]  🚧 FOLDER_UPSCAYL_PROGRESS:  29.38%

[2026-08-22 09:47:41.665] [info]  🚧 FOLDER_UPSCAYL_PROGRESS:  29.63%

[2026-08-22 09:47:42.417] [info]  🚧 FOLDER_UPSCAYL_PROGRESS:  29.88%

[2026-08-22 09:47:43.159] [info]  🚧 FOLDER_UPSCAYL_PROGRESS:  30.12%

[2026-08-22 09:47:43.910] [info]  🚧 FOLDER_UPSCAYL_PROGRESS:  30.37%

[2026-08-22 09:47:44.658] [info]  🚧 FOLDER_UPSCAYL_PROGRESS:  30.62%

[2026-08-22 09:47:45.404] [info]  🚧 FOLDER_UPSCAYL_PROGRESS:  30.86%

[2026-08-22 09:47:46.144] [info]  🚧 FOLDER_UPSCAYL_PROGRESS:  31.11%

[2026-08-22 09:47:46.892] [info]  🚧 FOLDER_UPSCAYL_PROGRESS:  31.36%

[2026-08-22 09:47:47.640] [info]  🚧 FOLDER_UPSCAYL_PROGRESS:  31.60%

[2026-08-22 09:47:48.387] [info]  🚧 FOLDER_UPSCAYL_PROGRESS:  31.85%

[2026-08-22 09:47:49.134] [info]  🚧 FOLDER_UPSCAYL_PROGRESS:  32.10%

[2026-08-22 09:47:49.882] [info]  🚧 FOLDER_UPSCAYL_PROGRESS:  32.35%

[2026-08-22 09:47:50.626] [info]  🚧 FOLDER_UPSCAYL_PROGRESS:  32.59%

[2026-08-22 09:47:51.381] [info]  🚧 FOLDER_UPSCAYL_PROGRESS:  32.84%

[2026-08-22 09:47:51.578] [info]  🚧 FOLDER_UPSCAYL_PROGRESS:  33.09%

[2026-08-22 09:47:52.336] [info]  🚧 FOLDER_UPSCAYL_PROGRESS:  33.33%

[2026-08-22 09:47:53.082] [info]  🚧 FOLDER_UPSCAYL_PROGRESS:  33.58%

[2026-08-22 09:47:53.827] [info]  🚧 FOLDER_UPSCAYL_PROGRESS:  33.83%

[2026-08-22 09:47:54.577] [info]  🚧 FOLDER_UPSCAYL_PROGRESS:  34.07%

[2026-08-22 09:47:55.321] [info]  🚧 FOLDER_UPSCAYL_PROGRESS:  34.32%

[2026-08-22 09:47:56.064] [info]  🚧 FOLDER_UPSCAYL_PROGRESS:  34.57%

[2026-08-22 09:47:56.810] [info]  🚧 FOLDER_UPSCAYL_PROGRESS:  34.81%

[2026-08-22 09:47:57.561] [info]  🚧 FOLDER_UPSCAYL_PROGRESS:  35.06%

[2026-08-22 09:47:58.295] [info]  🚧 FOLDER_UPSCAYL_PROGRESS:  35.31%

[2026-08-22 09:47:59.040] [info]  🚧 FOLDER_UPSCAYL_PROGRESS:  35.56%

[2026-08-22 09:47:59.787] [info]  🚧 FOLDER_UPSCAYL_PROGRESS:  35.80%

[2026-08-22 09:48:00.542] [info]  🚧 FOLDER_UPSCAYL_PROGRESS:  36.05%

[2026-08-22 09:48:01.286] [info]  🚧 FOLDER_UPSCAYL_PROGRESS:  36.30%

[2026-08-22 09:48:02.029] [info]  🚧 FOLDER_UPSCAYL_PROGRESS:  36.54%

[2026-08-22 09:48:02.777] [info]  🚧 FOLDER_UPSCAYL_PROGRESS:  36.79%

[2026-08-22 09:48:03.522] [info]  🚧 FOLDER_UPSCAYL_PROGRESS:  37.04%

[2026-08-22 09:48:04.271] [info]  🚧 FOLDER_UPSCAYL_PROGRESS:  37.28%

[2026-08-22 09:48:05.018] [info]  🚧 FOLDER_UPSCAYL_PROGRESS:  37.53%

[2026-08-22 09:48:05.766] [info]  🚧 FOLDER_UPSCAYL_PROGRESS:  37.78%

[2026-08-22 09:48:06.514] [info]  🚧 FOLDER_UPSCAYL_PROGRESS:  38.02%

[2026-08-22 09:48:07.263] [info]  🚧 FOLDER_UPSCAYL_PROGRESS:  38.27%

[2026-08-22 09:48:08.009] [info]  🚧 FOLDER_UPSCAYL_PROGRESS:  38.52%

[2026-08-22 09:48:08.756] [info]  🚧 FOLDER_UPSCAYL_PROGRESS:  38.77%

[2026-08-22 09:48:09.506] [info]  🚧 FOLDER_UPSCAYL_PROGRESS:  39.01%

[2026-08-22 09:48:10.256] [info]  🚧 FOLDER_UPSCAYL_PROGRESS:  39.26%

[2026-08-22 09:48:11.006] [info]  🚧 FOLDER_UPSCAYL_PROGRESS:  39.51%

[2026-08-22 09:48:11.205] [info]  🚧 FOLDER_UPSCAYL_PROGRESS:  39.75%

[2026-08-22 09:48:11.979] [info]  🚧 FOLDER_UPSCAYL_PROGRESS:  40.00%

[2026-08-22 09:48:12.723] [info]  🚧 FOLDER_UPSCAYL_PROGRESS:  40.25%

[2026-08-22 09:48:13.471] [info]  🚧 FOLDER_UPSCAYL_PROGRESS:  40.49%

[2026-08-22 09:48:14.213] [info]  🚧 FOLDER_UPSCAYL_PROGRESS:  40.74%

[2026-08-22 09:48:14.961] [info]  🚧 FOLDER_UPSCAYL_PROGRESS:  40.99%

[2026-08-22 09:48:15.705] [info]  🚧 FOLDER_UPSCAYL_PROGRESS:  41.23%

[2026-08-22 09:48:16.454] [info]  🚧 FOLDER_UPSCAYL_PROGRESS:  41.48%

[2026-08-22 09:48:17.195] [info]  🚧 FOLDER_UPSCAYL_PROGRESS:  41.73%

[2026-08-22 09:48:17.945] [info]  🚧 FOLDER_UPSCAYL_PROGRESS:  41.98%

[2026-08-22 09:48:18.693] [info]  🚧 FOLDER_UPSCAYL_PROGRESS:  42.22%

[2026-08-22 09:48:19.443] [info]  🚧 FOLDER_UPSCAYL_PROGRESS:  42.47%

[2026-08-22 09:48:20.182] [info]  🚧 FOLDER_UPSCAYL_PROGRESS:  42.72%

[2026-08-22 09:48:20.930] [info]  🚧 FOLDER_UPSCAYL_PROGRESS:  42.96%

[2026-08-22 09:48:21.679] [info]  🚧 FOLDER_UPSCAYL_PROGRESS:  43.21%

[2026-08-22 09:48:22.427] [info]  🚧 FOLDER_UPSCAYL_PROGRESS:  43.46%

[2026-08-22 09:48:23.166] [info]  🚧 FOLDER_UPSCAYL_PROGRESS:  43.70%

[2026-08-22 09:48:23.913] [info]  🚧 FOLDER_UPSCAYL_PROGRESS:  43.95%

[2026-08-22 09:48:24.664] [info]  🚧 FOLDER_UPSCAYL_PROGRESS:  44.20%

[2026-08-22 09:48:25.411] [info]  🚧 FOLDER_UPSCAYL_PROGRESS:  44.44%

[2026-08-22 09:48:26.151] [info]  🚧 FOLDER_UPSCAYL_PROGRESS:  44.69%

[2026-08-22 09:48:26.902] [info]  🚧 FOLDER_UPSCAYL_PROGRESS:  44.94%

[2026-08-22 09:48:27.650] [info]  🚧 FOLDER_UPSCAYL_PROGRESS:  45.19%

[2026-08-22 09:48:28.395] [info]  🚧 FOLDER_UPSCAYL_PROGRESS:  45.43%

[2026-08-22 09:48:29.144] [info]  🚧 FOLDER_UPSCAYL_PROGRESS:  45.68%

[2026-08-22 09:48:29.892] [info]  🚧 FOLDER_UPSCAYL_PROGRESS:  45.93%

[2026-08-22 09:48:30.646] [info]  🚧 FOLDER_UPSCAYL_PROGRESS:  46.17%

[2026-08-22 09:48:30.849] [info]  🚧 FOLDER_UPSCAYL_PROGRESS:  46.42%

[2026-08-22 09:48:31.624] [info]  🚧 FOLDER_UPSCAYL_PROGRESS:  46.67%

[2026-08-22 09:48:32.372] [info]  🚧 FOLDER_UPSCAYL_PROGRESS:  46.91%

[2026-08-22 09:48:33.116] [info]  🚧 FOLDER_UPSCAYL_PROGRESS:  47.16%

[2026-08-22 09:48:33.862] [info]  🚧 FOLDER_UPSCAYL_PROGRESS:  47.41%

[2026-08-22 09:48:34.609] [info]  🚧 FOLDER_UPSCAYL_PROGRESS:  47.65%

[2026-08-22 09:48:35.356] [info]  🚧 FOLDER_UPSCAYL_PROGRESS:  47.90%

[2026-08-22 09:48:36.103] [info]  🚧 FOLDER_UPSCAYL_PROGRESS:  48.15%

[2026-08-22 09:48:36.850] [info]  🚧 FOLDER_UPSCAYL_PROGRESS:  48.40%

[2026-08-22 09:48:37.599] [info]  🚧 FOLDER_UPSCAYL_PROGRESS:  48.64%

[2026-08-22 09:48:38.343] [info]  🚧 FOLDER_UPSCAYL_PROGRESS:  48.89%

[2026-08-22 09:48:39.091] [info]  🚧 FOLDER_UPSCAYL_PROGRESS:  49.14%

[2026-08-22 09:48:39.836] [info]  🚧 FOLDER_UPSCAYL_PROGRESS:  49.38%

[2026-08-22 09:48:40.585] [info]  🚧 FOLDER_UPSCAYL_PROGRESS:  49.63%

[2026-08-22 09:48:41.333] [info]  🚧 FOLDER_UPSCAYL_PROGRESS:  49.88%

[2026-08-22 09:48:42.077] [info]  🚧 FOLDER_UPSCAYL_PROGRESS:  50.12%

[2026-08-22 09:48:42.824] [info]  🚧 FOLDER_UPSCAYL_PROGRESS:  50.37%

[2026-08-22 09:48:43.573] [info]  🚧 FOLDER_UPSCAYL_PROGRESS:  50.62%

[2026-08-22 09:48:44.321] [info]  🚧 FOLDER_UPSCAYL_PROGRESS:  50.86%

[2026-08-22 09:48:45.062] [info]  🚧 FOLDER_UPSCAYL_PROGRESS:  51.11%

[2026-08-22 09:48:45.807] [info]  🚧 FOLDER_UPSCAYL_PROGRESS:  51.36%

[2026-08-22 09:48:46.553] [info]  🚧 FOLDER_UPSCAYL_PROGRESS:  51.60%

[2026-08-22 09:48:47.299] [info]  🚧 FOLDER_UPSCAYL_PROGRESS:  51.85%

[2026-08-22 09:48:48.044] [info]  🚧 FOLDER_UPSCAYL_PROGRESS:  52.10%

[2026-08-22 09:48:48.788] [info]  🚧 FOLDER_UPSCAYL_PROGRESS:  52.35%

[2026-08-22 09:48:49.535] [info]  🚧 FOLDER_UPSCAYL_PROGRESS:  52.59%

[2026-08-22 09:48:50.279] [info]  🚧 FOLDER_UPSCAYL_PROGRESS:  52.84%

[2026-08-22 09:48:50.482] [info]  🚧 FOLDER_UPSCAYL_PROGRESS:  53.09%

[2026-08-22 09:48:51.255] [info]  🚧 FOLDER_UPSCAYL_PROGRESS:  53.33%

[2026-08-22 09:48:51.999] [info]  🚧 FOLDER_UPSCAYL_PROGRESS:  53.58%

[2026-08-22 09:48:52.744] [info]  🚧 FOLDER_UPSCAYL_PROGRESS:  53.83%

[2026-08-22 09:48:53.493] [info]  🚧 FOLDER_UPSCAYL_PROGRESS:  54.07%

[2026-08-22 09:48:54.242] [info]  🚧 FOLDER_UPSCAYL_PROGRESS:  54.32%

[2026-08-22 09:48:54.986] [info]  🚧 FOLDER_UPSCAYL_PROGRESS:  54.57%

[2026-08-22 09:48:55.742] [info]  🚧 FOLDER_UPSCAYL_PROGRESS:  54.81%

[2026-08-22 09:48:56.487] [info]  🚧 FOLDER_UPSCAYL_PROGRESS:  55.06%

[2026-08-22 09:48:57.241] [info]  🚧 FOLDER_UPSCAYL_PROGRESS:  55.31%

[2026-08-22 09:48:57.988] [info]  🚧 FOLDER_UPSCAYL_PROGRESS:  55.56%

[2026-08-22 09:48:58.742] [info]  🚧 FOLDER_UPSCAYL_PROGRESS:  55.80%

[2026-08-22 09:48:59.488] [info]  🚧 FOLDER_UPSCAYL_PROGRESS:  56.05%

[2026-08-22 09:49:00.240] [info]  🚧 FOLDER_UPSCAYL_PROGRESS:  56.30%

[2026-08-22 09:49:00.984] [info]  🚧 FOLDER_UPSCAYL_PROGRESS:  56.54%

[2026-08-22 09:49:01.731] [info]  🚧 FOLDER_UPSCAYL_PROGRESS:  56.79%

[2026-08-22 09:49:02.480] [info]  🚧 FOLDER_UPSCAYL_PROGRESS:  57.04%

[2026-08-22 09:49:03.233] [info]  🚧 FOLDER_UPSCAYL_PROGRESS:  57.28%

[2026-08-22 09:49:03.984] [info]  🚧 FOLDER_UPSCAYL_PROGRESS:  57.53%

[2026-08-22 09:49:04.729] [info]  🚧 FOLDER_UPSCAYL_PROGRESS:  57.78%

[2026-08-22 09:49:05.482] [info]  🚧 FOLDER_UPSCAYL_PROGRESS:  58.02%

[2026-08-22 09:49:06.230] [info]  🚧 FOLDER_UPSCAYL_PROGRESS:  58.27%

[2026-08-22 09:49:06.980] [info]  🚧 FOLDER_UPSCAYL_PROGRESS:  58.52%

[2026-08-22 09:49:07.729] [info]  🚧 FOLDER_UPSCAYL_PROGRESS:  58.77%

[2026-08-22 09:49:08.485] [info]  🚧 FOLDER_UPSCAYL_PROGRESS:  59.01%

[2026-08-22 09:49:09.235] [info]  🚧 FOLDER_UPSCAYL_PROGRESS:  59.26%

[2026-08-22 09:49:09.984] [info]  🚧 FOLDER_UPSCAYL_PROGRESS:  59.51%

[2026-08-22 09:49:10.200] [info]  🚧 FOLDER_UPSCAYL_PROGRESS:  59.75%

[2026-08-22 09:49:10.966] [info]  🚧 FOLDER_UPSCAYL_PROGRESS:  60.00%

[2026-08-22 09:49:11.723] [info]  🚧 FOLDER_UPSCAYL_PROGRESS:  60.25%

[2026-08-22 09:49:12.473] [info]  🚧 FOLDER_UPSCAYL_PROGRESS:  60.49%

[2026-08-22 09:49:13.222] [info]  🚧 FOLDER_UPSCAYL_PROGRESS:  60.74%

[2026-08-22 09:49:13.971] [info]  🚧 FOLDER_UPSCAYL_PROGRESS:  60.99%

[2026-08-22 09:49:14.723] [info]  🚧 FOLDER_UPSCAYL_PROGRESS:  61.23%

[2026-08-22 09:49:15.475] [info]  🚧 FOLDER_UPSCAYL_PROGRESS:  61.48%

[2026-08-22 09:49:16.225] [info]  🚧 FOLDER_UPSCAYL_PROGRESS:  61.73%

[2026-08-22 09:49:16.975] [info]  🚧 FOLDER_UPSCAYL_PROGRESS:  61.98%

[2026-08-22 09:49:17.723] [info]  🚧 FOLDER_UPSCAYL_PROGRESS:  62.22%

[2026-08-22 09:49:18.468] [info]  🚧 FOLDER_UPSCAYL_PROGRESS:  62.47%

[2026-08-22 09:49:19.216] [info]  🚧 FOLDER_UPSCAYL_PROGRESS:  62.72%

[2026-08-22 09:49:19.968] [info]  🚧 FOLDER_UPSCAYL_PROGRESS:  62.96%

[2026-08-22 09:49:20.719] [info]  🚧 FOLDER_UPSCAYL_PROGRESS:  63.21%

[2026-08-22 09:49:21.470] [info]  🚧 FOLDER_UPSCAYL_PROGRESS:  63.46%

[2026-08-22 09:49:22.217] [info]  🚧 FOLDER_UPSCAYL_PROGRESS:  63.70%

[2026-08-22 09:49:22.969] [info]  🚧 FOLDER_UPSCAYL_PROGRESS:  63.95%

[2026-08-22 09:49:23.723] [info]  🚧 FOLDER_UPSCAYL_PROGRESS:  64.20%

[2026-08-22 09:49:24.470] [info]  🚧 FOLDER_UPSCAYL_PROGRESS:  64.44%

[2026-08-22 09:49:25.220] [info]  🚧 FOLDER_UPSCAYL_PROGRESS:  64.69%

[2026-08-22 09:49:25.969] [info]  🚧 FOLDER_UPSCAYL_PROGRESS:  64.94%

[2026-08-22 09:49:26.721] [info]  🚧 FOLDER_UPSCAYL_PROGRESS:  65.19%

[2026-08-22 09:49:27.473] [info]  🚧 FOLDER_UPSCAYL_PROGRESS:  65.43%

[2026-08-22 09:49:28.220] [info]  🚧 FOLDER_UPSCAYL_PROGRESS:  65.68%

[2026-08-22 09:49:28.969] [info]  🚧 FOLDER_UPSCAYL_PROGRESS:  65.93%

[2026-08-22 09:49:29.721] [info]  🚧 FOLDER_UPSCAYL_PROGRESS:  66.17%

[2026-08-22 09:49:29.931] [info]  🚧 FOLDER_UPSCAYL_PROGRESS:  66.42%

[2026-08-22 09:49:30.706] [info]  🚧 FOLDER_UPSCAYL_PROGRESS:  66.67%

[2026-08-22 09:49:31.455] [info]  🚧 FOLDER_UPSCAYL_PROGRESS:  66.91%

[2026-08-22 09:49:32.204] [info]  🚧 FOLDER_UPSCAYL_PROGRESS:  67.16%

[2026-08-22 09:49:32.957] [info]  🚧 FOLDER_UPSCAYL_PROGRESS:  67.41%

[2026-08-22 09:49:33.705] [info]  🚧 FOLDER_UPSCAYL_PROGRESS:  67.65%

[2026-08-22 09:49:34.456] [info]  🚧 FOLDER_UPSCAYL_PROGRESS:  67.90%

[2026-08-22 09:49:35.204] [info]  🚧 FOLDER_UPSCAYL_PROGRESS:  68.15%

[2026-08-22 09:49:35.955] [info]  🚧 FOLDER_UPSCAYL_PROGRESS:  68.40%

[2026-08-22 09:49:36.708] [info]  🚧 FOLDER_UPSCAYL_PROGRESS:  68.64%

[2026-08-22 09:49:37.455] [info]  🚧 FOLDER_UPSCAYL_PROGRESS:  68.89%

[2026-08-22 09:49:38.205] [info]  🚧 FOLDER_UPSCAYL_PROGRESS:  69.14%

[2026-08-22 09:49:38.955] [info]  🚧 FOLDER_UPSCAYL_PROGRESS:  69.38%

[2026-08-22 09:49:39.704] [info]  🚧 FOLDER_UPSCAYL_PROGRESS:  69.63%

[2026-08-22 09:49:40.453] [info]  🚧 FOLDER_UPSCAYL_PROGRESS:  69.88%

[2026-08-22 09:49:41.203] [info]  🚧 FOLDER_UPSCAYL_PROGRESS:  70.12%

[2026-08-22 09:49:41.955] [info]  🚧 FOLDER_UPSCAYL_PROGRESS:  70.37%

[2026-08-22 09:49:42.698] [info]  🚧 FOLDER_UPSCAYL_PROGRESS:  70.62%

[2026-08-22 09:49:43.448] [info]  🚧 FOLDER_UPSCAYL_PROGRESS:  70.86%

[2026-08-22 09:49:44.196] [info]  🚧 FOLDER_UPSCAYL_PROGRESS:  71.11%

[2026-08-22 09:49:44.934] [info]  🚧 FOLDER_UPSCAYL_PROGRESS:  71.36%

[2026-08-22 09:49:45.676] [info]  🚧 FOLDER_UPSCAYL_PROGRESS:  71.60%

[2026-08-22 09:49:46.429] [info]  🚧 FOLDER_UPSCAYL_PROGRESS:  71.85%

[2026-08-22 09:49:47.170] [info]  🚧 FOLDER_UPSCAYL_PROGRESS:  72.10%

[2026-08-22 09:49:47.917] [info]  🚧 FOLDER_UPSCAYL_PROGRESS:  72.35%

[2026-08-22 09:49:48.660] [info]  🚧 FOLDER_UPSCAYL_PROGRESS:  72.59%

[2026-08-22 09:49:49.411] [info]  🚧 FOLDER_UPSCAYL_PROGRESS:  72.84%

[2026-08-22 09:49:49.605] [info]  🚧 FOLDER_UPSCAYL_PROGRESS:  73.09%

[2026-08-22 09:49:50.377] [info]  🚧 FOLDER_UPSCAYL_PROGRESS:  73.33%

[2026-08-22 09:49:51.126] [info]  🚧 FOLDER_UPSCAYL_PROGRESS:  73.58%

[2026-08-22 09:49:51.862] [info]  🚧 FOLDER_UPSCAYL_PROGRESS:  73.83%

[2026-08-22 09:49:52.609] [info]  🚧 FOLDER_UPSCAYL_PROGRESS:  74.07%

[2026-08-22 09:49:53.358] [info]  🚧 FOLDER_UPSCAYL_PROGRESS:  74.32%

[2026-08-22 09:49:54.105] [info]  🚧 FOLDER_UPSCAYL_PROGRESS:  74.57%

[2026-08-22 09:49:54.848] [info]  🚧 FOLDER_UPSCAYL_PROGRESS:  74.81%

[2026-08-22 09:49:55.598] [info]  🚧 FOLDER_UPSCAYL_PROGRESS:  75.06%

[2026-08-22 09:49:56.345] [info]  🚧 FOLDER_UPSCAYL_PROGRESS:  75.31%

[2026-08-22 09:49:57.093] [info]  🚧 FOLDER_UPSCAYL_PROGRESS:  75.56%

[2026-08-22 09:49:57.838] [info]  🚧 FOLDER_UPSCAYL_PROGRESS:  75.80%

[2026-08-22 09:49:58.586] [info]  🚧 FOLDER_UPSCAYL_PROGRESS:  76.05%

[2026-08-22 09:49:59.340] [info]  🚧 FOLDER_UPSCAYL_PROGRESS:  76.30%

[2026-08-22 09:50:00.084] [info]  🚧 FOLDER_UPSCAYL_PROGRESS:  76.54%

[2026-08-22 09:50:00.827] [info]  🚧 FOLDER_UPSCAYL_PROGRESS:  76.79%

[2026-08-22 09:50:01.574] [info]  🚧 FOLDER_UPSCAYL_PROGRESS:  77.04%

[2026-08-22 09:50:02.322] [info]  🚧 FOLDER_UPSCAYL_PROGRESS:  77.28%

[2026-08-22 09:50:03.070] [info]  🚧 FOLDER_UPSCAYL_PROGRESS:  77.53%

[2026-08-22 09:50:03.817] [info]  🚧 FOLDER_UPSCAYL_PROGRESS:  77.78%

[2026-08-22 09:50:04.577] [info]  🚧 FOLDER_UPSCAYL_PROGRESS:  78.02%

[2026-08-22 09:50:05.324] [info]  🚧 FOLDER_UPSCAYL_PROGRESS:  78.27%

[2026-08-22 09:50:06.070] [info]  🚧 FOLDER_UPSCAYL_PROGRESS:  78.52%

[2026-08-22 09:50:06.818] [info]  🚧 FOLDER_UPSCAYL_PROGRESS:  78.77%

[2026-08-22 09:50:07.566] [info]  🚧 FOLDER_UPSCAYL_PROGRESS:  79.01%

[2026-08-22 09:50:08.310] [info]  🚧 FOLDER_UPSCAYL_PROGRESS:  79.26%

[2026-08-22 09:50:09.053] [info]  🚧 FOLDER_UPSCAYL_PROGRESS:  79.51%

[2026-08-22 09:50:09.267] [info]  🚧 FOLDER_UPSCAYL_PROGRESS:  79.75%

[2026-08-22 09:50:10.029] [info]  🚧 FOLDER_UPSCAYL_PROGRESS:  80.00%

[2026-08-22 09:50:10.776] [info]  🚧 FOLDER_UPSCAYL_PROGRESS:  80.25%

[2026-08-22 09:50:11.525] [info]  🚧 FOLDER_UPSCAYL_PROGRESS:  80.49%

[2026-08-22 09:50:12.279] [info]  🚧 FOLDER_UPSCAYL_PROGRESS:  80.74%

[2026-08-22 09:50:13.015] [info]  🚧 FOLDER_UPSCAYL_PROGRESS:  80.99%

[2026-08-22 09:50:13.763] [info]  🚧 FOLDER_UPSCAYL_PROGRESS:  81.23%

[2026-08-22 09:50:14.507] [info]  🚧 FOLDER_UPSCAYL_PROGRESS:  81.48%

[2026-08-22 09:50:15.255] [info]  🚧 FOLDER_UPSCAYL_PROGRESS:  81.73%

[2026-08-22 09:50:15.999] [info]  🚧 FOLDER_UPSCAYL_PROGRESS:  81.98%

[2026-08-22 09:50:16.753] [info]  🚧 FOLDER_UPSCAYL_PROGRESS:  82.22%

[2026-08-22 09:50:17.495] [info]  🚧 FOLDER_UPSCAYL_PROGRESS:  82.47%

[2026-08-22 09:50:18.239] [info]  🚧 FOLDER_UPSCAYL_PROGRESS:  82.72%

[2026-08-22 09:50:18.983] [info]  🚧 FOLDER_UPSCAYL_PROGRESS:  82.96%

[2026-08-22 09:50:19.733] [info]  🚧 FOLDER_UPSCAYL_PROGRESS:  83.21%

[2026-08-22 09:50:20.479] [info]  🚧 FOLDER_UPSCAYL_PROGRESS:  83.46%

[2026-08-22 09:50:21.225] [info]  🚧 FOLDER_UPSCAYL_PROGRESS:  83.70%

[2026-08-22 09:50:21.971] [info]  🚧 FOLDER_UPSCAYL_PROGRESS:  83.95%

[2026-08-22 09:50:22.719] [info]  🚧 FOLDER_UPSCAYL_PROGRESS:  84.20%

[2026-08-22 09:50:23.466] [info]  🚧 FOLDER_UPSCAYL_PROGRESS:  84.44%

[2026-08-22 09:50:24.208] [info]  🚧 FOLDER_UPSCAYL_PROGRESS:  84.69%

[2026-08-22 09:50:24.948] [info]  🚧 FOLDER_UPSCAYL_PROGRESS:  84.94%

[2026-08-22 09:50:25.696] [info]  🚧 FOLDER_UPSCAYL_PROGRESS:  85.19%

[2026-08-22 09:50:26.447] [info]  🚧 FOLDER_UPSCAYL_PROGRESS:  85.43%

[2026-08-22 09:50:27.194] [info]  🚧 FOLDER_UPSCAYL_PROGRESS:  85.68%

[2026-08-22 09:50:27.935] [info]  🚧 FOLDER_UPSCAYL_PROGRESS:  85.93%

[2026-08-22 09:50:28.681] [info]  🚧 FOLDER_UPSCAYL_PROGRESS:  86.17%

[2026-08-22 09:50:28.886] [info]  🚧 FOLDER_UPSCAYL_PROGRESS:  86.42%

[2026-08-22 09:50:29.662] [info]  🚧 FOLDER_UPSCAYL_PROGRESS:  86.67%

[2026-08-22 09:50:30.404] [info]  🚧 FOLDER_UPSCAYL_PROGRESS:  86.91%

[2026-08-22 09:50:31.147] [info]  🚧 FOLDER_UPSCAYL_PROGRESS:  87.16%

[2026-08-22 09:50:31.894] [info]  🚧 FOLDER_UPSCAYL_PROGRESS:  87.41%

[2026-08-22 09:50:32.642] [info]  🚧 FOLDER_UPSCAYL_PROGRESS:  87.65%

[2026-08-22 09:50:33.389] [info]  🚧 FOLDER_UPSCAYL_PROGRESS:  87.90%

[2026-08-22 09:50:34.129] [info]  🚧 FOLDER_UPSCAYL_PROGRESS:  88.15%

[2026-08-22 09:50:34.876] [info]  🚧 FOLDER_UPSCAYL_PROGRESS:  88.40%

[2026-08-22 09:50:35.622] [info]  🚧 FOLDER_UPSCAYL_PROGRESS:  88.64%

[2026-08-22 09:50:36.367] [info]  🚧 FOLDER_UPSCAYL_PROGRESS:  88.89%

[2026-08-22 09:50:37.106] [info]  🚧 FOLDER_UPSCAYL_PROGRESS:  89.14%

[2026-08-22 09:50:37.853] [info]  🚧 FOLDER_UPSCAYL_PROGRESS:  89.38%

[2026-08-22 09:50:38.602] [info]  🚧 FOLDER_UPSCAYL_PROGRESS:  89.63%

[2026-08-22 09:50:39.352] [info]  🚧 FOLDER_UPSCAYL_PROGRESS:  89.88%

[2026-08-22 09:50:40.092] [info]  🚧 FOLDER_UPSCAYL_PROGRESS:  90.12%

[2026-08-22 09:50:40.839] [info]  🚧 FOLDER_UPSCAYL_PROGRESS:  90.37%

[2026-08-22 09:50:41.588] [info]  🚧 FOLDER_UPSCAYL_PROGRESS:  90.62%

[2026-08-22 09:50:42.331] [info]  🚧 FOLDER_UPSCAYL_PROGRESS:  90.86%

[2026-08-22 09:50:43.080] [info]  🚧 FOLDER_UPSCAYL_PROGRESS:  91.11%

[2026-08-22 09:50:43.829] [info]  🚧 FOLDER_UPSCAYL_PROGRESS:  91.36%

[2026-08-22 09:50:44.570] [info]  🚧 FOLDER_UPSCAYL_PROGRESS:  91.60%

[2026-08-22 09:50:45.319] [info]  🚧 FOLDER_UPSCAYL_PROGRESS:  91.85%

[2026-08-22 09:50:46.059] [info]  🚧 FOLDER_UPSCAYL_PROGRESS:  92.10%

[2026-08-22 09:50:46.810] [info]  🚧 FOLDER_UPSCAYL_PROGRESS:  92.35%

[2026-08-22 09:50:47.557] [info]  🚧 FOLDER_UPSCAYL_PROGRESS:  92.59%

[2026-08-22 09:50:48.305] [info]  🚧 FOLDER_UPSCAYL_PROGRESS:  92.84%

[2026-08-22 09:50:48.509] [info]  🚧 FOLDER_UPSCAYL_PROGRESS:  93.09%

[2026-08-22 09:50:49.028] [info]  🚧 FOLDER_UPSCAYL_PROGRESS:  93.33%

[2026-08-22 09:50:49.537] [info]  🚧 FOLDER_UPSCAYL_PROGRESS:  93.58%

[2026-08-22 09:50:50.039] [info]  🚧 FOLDER_UPSCAYL_PROGRESS:  93.83%

[2026-08-22 09:50:50.548] [info]  🚧 FOLDER_UPSCAYL_PROGRESS:  94.07%

[2026-08-22 09:50:51.045] [info]  🚧 FOLDER_UPSCAYL_PROGRESS:  94.32%

[2026-08-22 09:50:51.547] [info]  🚧 FOLDER_UPSCAYL_PROGRESS:  94.57%

[2026-08-22 09:50:52.057] [info]  🚧 FOLDER_UPSCAYL_PROGRESS:  94.81%

[2026-08-22 09:50:52.562] [info]  🚧 FOLDER_UPSCAYL_PROGRESS:  95.06%

[2026-08-22 09:50:53.069] [info]  🚧 FOLDER_UPSCAYL_PROGRESS:  95.31%

[2026-08-22 09:50:53.579] [info]  🚧 FOLDER_UPSCAYL_PROGRESS:  95.56%

[2026-08-22 09:50:54.086] [info]  🚧 FOLDER_UPSCAYL_PROGRESS:  95.80%

[2026-08-22 09:50:54.587] [info]  🚧 FOLDER_UPSCAYL_PROGRESS:  96.05%

[2026-08-22 09:50:55.094] [info]  🚧 FOLDER_UPSCAYL_PROGRESS:  96.30%

[2026-08-22 09:50:55.605] [info]  🚧 FOLDER_UPSCAYL_PROGRESS:  96.54%

[2026-08-22 09:50:56.110] [info]  🚧 FOLDER_UPSCAYL_PROGRESS:  96.79%

[2026-08-22 09:50:56.619] [info]  🚧 FOLDER_UPSCAYL_PROGRESS:  97.04%

[2026-08-22 09:50:57.123] [info]  🚧 FOLDER_UPSCAYL_PROGRESS:  97.28%

[2026-08-22 09:50:57.629] [info]  🚧 FOLDER_UPSCAYL_PROGRESS:  97.53%

[2026-08-22 09:50:58.132] [info]  🚧 FOLDER_UPSCAYL_PROGRESS:  97.78%

[2026-08-22 09:50:58.640] [info]  🚧 FOLDER_UPSCAYL_PROGRESS:  98.02%

[2026-08-22 09:50:59.148] [info]  🚧 FOLDER_UPSCAYL_PROGRESS:  98.27%

[2026-08-22 09:50:59.662] [info]  🚧 FOLDER_UPSCAYL_PROGRESS:  98.52%

[2026-08-22 09:51:00.172] [info]  🚧 FOLDER_UPSCAYL_PROGRESS:  98.77%

[2026-08-22 09:51:00.675] [info]  🚧 FOLDER_UPSCAYL_PROGRESS:  99.01%

[2026-08-22 09:51:01.182] [info]  🚧 FOLDER_UPSCAYL_PROGRESS:  99.26%

[2026-08-22 09:51:01.685] [info]  🚧 FOLDER_UPSCAYL_PROGRESS:  99.51%

[2026-08-22 09:51:01.845] [info]  🚧 FOLDER_UPSCAYL_PROGRESS:  99.75%

[2026-08-22 09:51:01.854] [info]  🚧 FOLDER_UPSCAYL_PROGRESS:  🏞️ Resizing image according to output scale

[2026-08-22 09:51:02.465] [info]  🚧 FOLDER_UPSCAYL_PROGRESS:  🏞️ Scaled image from 5225x2940 to 10450x5880

[2026-08-22 09:51:02.585] [info]  🚧 FOLDER_UPSCAYL_PROGRESS:  0.00%

[2026-08-22 09:51:03.315] [info]  🚧 FOLDER_UPSCAYL_PROGRESS:  0.25%

[2026-08-22 09:51:04.044] [info]  🚧 FOLDER_UPSCAYL_PROGRESS:  0.49%

[2026-08-22 09:51:04.775] [info]  🚧 FOLDER_UPSCAYL_PROGRESS:  0.74%

[2026-08-22 09:51:05.508] [info]  🚧 FOLDER_UPSCAYL_PROGRESS:  0.99%

[2026-08-22 09:51:06.239] [info]  🚧 FOLDER_UPSCAYL_PROGRESS:  1.23%

[2026-08-22 09:51:06.969] [info]  🚧 FOLDER_UPSCAYL_PROGRESS:  1.48%

[2026-08-22 09:51:07.702] [info]  🚧 FOLDER_UPSCAYL_PROGRESS:  1.73%

[2026-08-22 09:51:08.435] [info]  🚧 FOLDER_UPSCAYL_PROGRESS:  1.98%

[2026-08-22 09:51:09.166] [info]  🚧 FOLDER_UPSCAYL_PROGRESS:  2.22%

[2026-08-22 09:51:09.896] [info]  🚧 FOLDER_UPSCAYL_PROGRESS:  2.47%

[2026-08-22 09:51:10.326] [info]  🚧 FOLDER_UPSCAYL_PROGRESS:  100.00%

🙌 Upscayled Successfully!

[2026-08-22 09:51:10.635] [info]  🚧 FOLDER_UPSCAYL_PROGRESS:  2.72%

[2026-08-22 09:51:11.379] [info]  🚧 FOLDER_UPSCAYL_PROGRESS:  2.96%

[2026-08-22 09:51:12.123] [info]  🚧 FOLDER_UPSCAYL_PROGRESS:  3.21%

[2026-08-22 09:51:12.870] [info]  🚧 FOLDER_UPSCAYL_PROGRESS:  3.46%

[2026-08-22 09:51:13.616] [info]  🚧 FOLDER_UPSCAYL_PROGRESS:  3.70%

[2026-08-22 09:51:14.366] [info]  🚧 FOLDER_UPSCAYL_PROGRESS:  3.95%

[2026-08-22 09:51:15.100] [info]  🚧 FOLDER_UPSCAYL_PROGRESS:  4.20%

[2026-08-22 09:51:15.846] [info]  🚧 FOLDER_UPSCAYL_PROGRESS:  4.44%

[2026-08-22 09:51:16.593] [info]  🚧 FOLDER_UPSCAYL_PROGRESS:  4.69%

[2026-08-22 09:51:17.336] [info]  🚧 FOLDER_UPSCAYL_PROGRESS:  4.94%

[2026-08-22 09:51:18.084] [info]  🚧 FOLDER_UPSCAYL_PROGRESS:  5.19%

[2026-08-22 09:51:18.837] [info]  🚧 FOLDER_UPSCAYL_PROGRESS:  5.43%

[2026-08-22 09:51:19.585] [info]  🚧 FOLDER_UPSCAYL_PROGRESS:  5.68%

[2026-08-22 09:51:20.334] [info]  🚧 FOLDER_UPSCAYL_PROGRESS:  5.93%

[2026-08-22 09:51:21.082] [info]  🚧 FOLDER_UPSCAYL_PROGRESS:  6.17%

[2026-08-22 09:51:21.290] [info]  🚧 FOLDER_UPSCAYL_PROGRESS:  6.42%

[2026-08-22 09:51:22.061] [info]  🚧 FOLDER_UPSCAYL_PROGRESS:  6.67%

[2026-08-22 09:51:22.803] [info]  🚧 FOLDER_UPSCAYL_PROGRESS:  6.91%

[2026-08-22 09:51:23.555] [info]  🚧 FOLDER_UPSCAYL_PROGRESS:  7.16%

[2026-08-22 09:51:24.304] [info]  🚧 FOLDER_UPSCAYL_PROGRESS:  7.41%

[2026-08-22 09:51:25.050] [info]  🚧 FOLDER_UPSCAYL_PROGRESS:  7.65%

[2026-08-22 09:51:25.797] [info]  🚧 FOLDER_UPSCAYL_PROGRESS:  7.90%

[2026-08-22 09:51:26.554] [info]  🚧 FOLDER_UPSCAYL_PROGRESS:  8.15%

[2026-08-22 09:51:27.302] [info]  🚧 FOLDER_UPSCAYL_PROGRESS:  8.40%

[2026-08-22 09:51:28.050] [info]  🚧 FOLDER_UPSCAYL_PROGRESS:  8.64%

[2026-08-22 09:51:28.797] [info]  🚧 FOLDER_UPSCAYL_PROGRESS:  8.89%

[2026-08-22 09:51:29.544] [info]  🚧 FOLDER_UPSCAYL_PROGRESS:  9.14%

[2026-08-22 09:51:30.297] [info]  🚧 FOLDER_UPSCAYL_PROGRESS:  9.38%

[2026-08-22 09:51:31.045] [info]  🚧 FOLDER_UPSCAYL_PROGRESS:  9.63%

[2026-08-22 09:51:31.795] [info]  🚧 FOLDER_UPSCAYL_PROGRESS:  9.88%

[2026-08-22 09:51:32.541] [info]  🚧 FOLDER_UPSCAYL_PROGRESS:  10.12%

[2026-08-22 09:51:33.294] [info]  🚧 FOLDER_UPSCAYL_PROGRESS:  10.37%

[2026-08-22 09:51:34.039] [info]  🚧 FOLDER_UPSCAYL_PROGRESS:  10.62%

[2026-08-22 09:51:34.790] [info]  🚧 FOLDER_UPSCAYL_PROGRESS:  10.86%

[2026-08-22 09:51:35.540] [info]  🚧 FOLDER_UPSCAYL_PROGRESS:  11.11%

[2026-08-22 09:51:36.289] [info]  🚧 FOLDER_UPSCAYL_PROGRESS:  11.36%

[2026-08-22 09:51:37.035] [info]  🚧 FOLDER_UPSCAYL_PROGRESS:  11.60%

[2026-08-22 09:51:37.778] [info]  🚧 FOLDER_UPSCAYL_PROGRESS:  11.85%

[2026-08-22 09:51:38.523] [info]  🚧 FOLDER_UPSCAYL_PROGRESS:  12.10%

[2026-08-22 09:51:39.271] [info]  🚧 FOLDER_UPSCAYL_PROGRESS:  12.35%

[2026-08-22 09:51:40.017] [info]  🚧 FOLDER_UPSCAYL_PROGRESS:  12.59%

[2026-08-22 09:51:40.764] [info]  🚧 FOLDER_UPSCAYL_PROGRESS:  12.84%

[2026-08-22 09:51:40.967] [info]  🚧 FOLDER_UPSCAYL_PROGRESS:  13.09%

[2026-08-22 09:51:41.743] [info]  🚧 FOLDER_UPSCAYL_PROGRESS:  13.33%

[2026-08-22 09:51:42.491] [info]  🚧 FOLDER_UPSCAYL_PROGRESS:  13.58%

[2026-08-22 09:51:43.240] [info]  🚧 FOLDER_UPSCAYL_PROGRESS:  13.83%

[2026-08-22 09:51:43.980] [info]  🚧 FOLDER_UPSCAYL_PROGRESS:  14.07%

[2026-08-22 09:51:44.732] [info]  🚧 FOLDER_UPSCAYL_PROGRESS:  14.32%

[2026-08-22 09:51:45.481] [info]  🚧 FOLDER_UPSCAYL_PROGRESS:  14.57%

[2026-08-22 09:51:46.228] [info]  🚧 FOLDER_UPSCAYL_PROGRESS:  14.81%

[2026-08-22 09:51:46.971] [info]  🚧 FOLDER_UPSCAYL_PROGRESS:  15.06%

[2026-08-22 09:51:47.715] [info]  🚧 FOLDER_UPSCAYL_PROGRESS:  15.31%

[2026-08-22 09:51:48.467] [info]  🚧 FOLDER_UPSCAYL_PROGRESS:  15.56%

[2026-08-22 09:51:49.212] [info]  🚧 FOLDER_UPSCAYL_PROGRESS:  15.80%

[2026-08-22 09:51:49.962] [info]  🚧 FOLDER_UPSCAYL_PROGRESS:  16.05%

[2026-08-22 09:51:50.709] [info]  🚧 FOLDER_UPSCAYL_PROGRESS:  16.30%

[2026-08-22 09:51:51.461] [info]  🚧 FOLDER_UPSCAYL_PROGRESS:  16.54%

[2026-08-22 09:51:52.210] [info]  🚧 FOLDER_UPSCAYL_PROGRESS:  16.79%

[2026-08-22 09:51:52.953] [info]  🚧 FOLDER_UPSCAYL_PROGRESS:  17.04%

[2026-08-22 09:51:53.700] [info]  🚧 FOLDER_UPSCAYL_PROGRESS:  17.28%

[2026-08-22 09:51:54.451] [info]  🚧 FOLDER_UPSCAYL_PROGRESS:  17.53%

[2026-08-22 09:51:55.195] [info]  🚧 FOLDER_UPSCAYL_PROGRESS:  17.78%

[2026-08-22 09:51:55.942] [info]  🚧 FOLDER_UPSCAYL_PROGRESS:  18.02%

[2026-08-22 09:51:56.690] [info]  🚧 FOLDER_UPSCAYL_PROGRESS:  18.27%

[2026-08-22 09:51:57.439] [info]  🚧 FOLDER_UPSCAYL_PROGRESS:  18.52%

[2026-08-22 09:51:58.182] [info]  🚧 FOLDER_UPSCAYL_PROGRESS:  18.77%

[2026-08-22 09:51:58.927] [info]  🚧 FOLDER_UPSCAYL_PROGRESS:  19.01%

[2026-08-22 09:51:59.675] [info]  🚧 FOLDER_UPSCAYL_PROGRESS:  19.26%

[2026-08-22 09:52:00.425] [info]  🚧 FOLDER_UPSCAYL_PROGRESS:  19.51%

[2026-08-22 09:52:00.621] [info]  🚧 FOLDER_UPSCAYL_PROGRESS:  19.75%

[2026-08-22 09:52:01.398] [info]  🚧 FOLDER_UPSCAYL_PROGRESS:  20.00%

[2026-08-22 09:52:02.141] [info]  🚧 FOLDER_UPSCAYL_PROGRESS:  20.25%

[2026-08-22 09:52:02.890] [info]  🚧 FOLDER_UPSCAYL_PROGRESS:  20.49%

[2026-08-22 09:52:03.630] [info]  🚧 FOLDER_UPSCAYL_PROGRESS:  20.74%

[2026-08-22 09:52:04.377] [info]  🚧 FOLDER_UPSCAYL_PROGRESS:  20.99%

[2026-08-22 09:52:05.122] [info]  🚧 FOLDER_UPSCAYL_PROGRESS:  21.23%

[2026-08-22 09:52:05.867] [info]  🚧 FOLDER_UPSCAYL_PROGRESS:  21.48%

[2026-08-22 09:52:06.625] [info]  🚧 FOLDER_UPSCAYL_PROGRESS:  21.73%

[2026-08-22 09:52:07.373] [info]  🚧 FOLDER_UPSCAYL_PROGRESS:  21.98%

[2026-08-22 09:52:08.118] [info]  🚧 FOLDER_UPSCAYL_PROGRESS:  22.22%

[2026-08-22 09:52:08.867] [info]  🚧 FOLDER_UPSCAYL_PROGRESS:  22.47%

[2026-08-22 09:52:09.616] [info]  🚧 FOLDER_UPSCAYL_PROGRESS:  22.72%

[2026-08-22 09:52:10.369] [info]  🚧 FOLDER_UPSCAYL_PROGRESS:  22.96%

[2026-08-22 09:52:11.106] [info]  🚧 FOLDER_UPSCAYL_PROGRESS:  23.21%

[2026-08-22 09:52:11.850] [info]  🚧 FOLDER_UPSCAYL_PROGRESS:  23.46%

[2026-08-22 09:52:12.594] [info]  🚧 FOLDER_UPSCAYL_PROGRESS:  23.70%

[2026-08-22 09:52:13.347] [info]  🚧 FOLDER_UPSCAYL_PROGRESS:  23.95%

[2026-08-22 09:52:14.088] [info]  🚧 FOLDER_UPSCAYL_PROGRESS:  24.20%

[2026-08-22 09:52:14.832] [info]  🚧 FOLDER_UPSCAYL_PROGRESS:  24.44%

[2026-08-22 09:52:15.576] [info]  🚧 FOLDER_UPSCAYL_PROGRESS:  24.69%

[2026-08-22 09:52:16.311] [info]  🚧 FOLDER_UPSCAYL_PROGRESS:  24.94%

[2026-08-22 09:52:17.057] [info]  🚧 FOLDER_UPSCAYL_PROGRESS:  25.19%

[2026-08-22 09:52:17.802] [info]  🚧 FOLDER_UPSCAYL_PROGRESS:  25.43%

[2026-08-22 09:52:18.549] [info]  🚧 FOLDER_UPSCAYL_PROGRESS:  25.68%

[2026-08-22 09:52:19.295] [info]  🚧 FOLDER_UPSCAYL_PROGRESS:  25.93%

[2026-08-22 09:52:20.042] [info]  🚧 FOLDER_UPSCAYL_PROGRESS:  26.17%

[2026-08-22 09:52:20.241] [info]  🚧 FOLDER_UPSCAYL_PROGRESS:  26.42%

[2026-08-22 09:52:20.988] [info]  🚧 FOLDER_UPSCAYL_PROGRESS:  26.67%

[2026-08-22 09:52:21.733] [info]  🚧 FOLDER_UPSCAYL_PROGRESS:  26.91%

[2026-08-22 09:52:22.481] [info]  🚧 FOLDER_UPSCAYL_PROGRESS:  27.16%

[2026-08-22 09:52:23.221] [info]  🚧 FOLDER_UPSCAYL_PROGRESS:  27.41%

[2026-08-22 09:52:23.967] [info]  🚧 FOLDER_UPSCAYL_PROGRESS:  27.65%

[2026-08-22 09:52:24.710] [info]  🚧 FOLDER_UPSCAYL_PROGRESS:  27.90%

[2026-08-22 09:52:25.450] [info]  🚧 FOLDER_UPSCAYL_PROGRESS:  28.15%

[2026-08-22 09:52:26.186] [info]  🚧 FOLDER_UPSCAYL_PROGRESS:  28.40%

[2026-08-22 09:52:26.922] [info]  🚧 FOLDER_UPSCAYL_PROGRESS:  28.64%

[2026-08-22 09:52:27.661] [info]  🚧 FOLDER_UPSCAYL_PROGRESS:  28.89%

[2026-08-22 09:52:28.403] [info]  🚧 FOLDER_UPSCAYL_PROGRESS:  29.14%

[2026-08-22 09:52:29.138] [info]  🚧 FOLDER_UPSCAYL_PROGRESS:  29.38%

[2026-08-22 09:52:29.878] [info]  🚧 FOLDER_UPSCAYL_PROGRESS:  29.63%

[2026-08-22 09:52:30.616] [info]  🚧 FOLDER_UPSCAYL_PROGRESS:  29.88%

[2026-08-22 09:52:31.366] [info]  🚧 FOLDER_UPSCAYL_PROGRESS:  30.12%

[2026-08-22 09:52:32.102] [info]  🚧 FOLDER_UPSCAYL_PROGRESS:  30.37%

[2026-08-22 09:52:32.840] [info]  🚧 FOLDER_UPSCAYL_PROGRESS:  30.62%

[2026-08-22 09:52:33.591] [info]  🚧 FOLDER_UPSCAYL_PROGRESS:  30.86%

[2026-08-22 09:52:34.339] [info]  🚧 FOLDER_UPSCAYL_PROGRESS:  31.11%

[2026-08-22 09:52:35.087] [info]  🚧 FOLDER_UPSCAYL_PROGRESS:  31.36%

[2026-08-22 09:52:35.821] [info]  🚧 FOLDER_UPSCAYL_PROGRESS:  31.60%

[2026-08-22 09:52:36.566] [info]  🚧 FOLDER_UPSCAYL_PROGRESS:  31.85%

[2026-08-22 09:52:37.311] [info]  🚧 FOLDER_UPSCAYL_PROGRESS:  32.10%

[2026-08-22 09:52:38.051] [info]  🚧 FOLDER_UPSCAYL_PROGRESS:  32.35%

[2026-08-22 09:52:38.792] [info]  🚧 FOLDER_UPSCAYL_PROGRESS:  32.59%

[2026-08-22 09:52:39.530] [info]  🚧 FOLDER_UPSCAYL_PROGRESS:  32.84%

[2026-08-22 09:52:39.737] [info]  🚧 FOLDER_UPSCAYL_PROGRESS:  33.09%

[2026-08-22 09:52:40.485] [info]  🚧 FOLDER_UPSCAYL_PROGRESS:  33.33%

[2026-08-22 09:52:41.231] [info]  🚧 FOLDER_UPSCAYL_PROGRESS:  33.58%

[2026-08-22 09:52:41.974] [info]  🚧 FOLDER_UPSCAYL_PROGRESS:  33.83%

[2026-08-22 09:52:42.719] [info]  🚧 FOLDER_UPSCAYL_PROGRESS:  34.07%

[2026-08-22 09:52:43.466] [info]  🚧 FOLDER_UPSCAYL_PROGRESS:  34.32%

[2026-08-22 09:52:44.202] [info]  🚧 FOLDER_UPSCAYL_PROGRESS:  34.57%

[2026-08-22 09:52:44.950] [info]  🚧 FOLDER_UPSCAYL_PROGRESS:  34.81%

[2026-08-22 09:52:45.693] [info]  🚧 FOLDER_UPSCAYL_PROGRESS:  35.06%

[2026-08-22 09:52:46.437] [info]  🚧 FOLDER_UPSCAYL_PROGRESS:  35.31%

[2026-08-22 09:52:47.174] [info]  🚧 FOLDER_UPSCAYL_PROGRESS:  35.56%

[2026-08-22 09:52:47.913] [info]  🚧 FOLDER_UPSCAYL_PROGRESS:  35.80%

[2026-08-22 09:52:48.655] [info]  🚧 FOLDER_UPSCAYL_PROGRESS:  36.05%

[2026-08-22 09:52:49.407] [info]  🚧 FOLDER_UPSCAYL_PROGRESS:  36.30%

[2026-08-22 09:52:50.146] [info]  🚧 FOLDER_UPSCAYL_PROGRESS:  36.54%

[2026-08-22 09:52:50.884] [info]  🚧 FOLDER_UPSCAYL_PROGRESS:  36.79%

[2026-08-22 09:52:51.620] [info]  🚧 FOLDER_UPSCAYL_PROGRESS:  37.04%

[2026-08-22 09:52:52.365] [info]  🚧 FOLDER_UPSCAYL_PROGRESS:  37.28%

[2026-08-22 09:52:53.100] [info]  🚧 FOLDER_UPSCAYL_PROGRESS:  37.53%

[2026-08-22 09:52:53.844] [info]  🚧 FOLDER_UPSCAYL_PROGRESS:  37.78%

[2026-08-22 09:52:54.590] [info]  🚧 FOLDER_UPSCAYL_PROGRESS:  38.02%

[2026-08-22 09:52:55.331] [info]  🚧 FOLDER_UPSCAYL_PROGRESS:  38.27%

[2026-08-22 09:52:56.081] [info]  🚧 FOLDER_UPSCAYL_PROGRESS:  38.52%

[2026-08-22 09:52:56.821] [info]  🚧 FOLDER_UPSCAYL_PROGRESS:  38.77%

[2026-08-22 09:52:57.561] [info]  🚧 FOLDER_UPSCAYL_PROGRESS:  39.01%

[2026-08-22 09:52:58.299] [info]  🚧 FOLDER_UPSCAYL_PROGRESS:  39.26%

[2026-08-22 09:52:59.037] [info]  🚧 FOLDER_UPSCAYL_PROGRESS:  39.51%

[2026-08-22 09:52:59.235] [info]  🚧 FOLDER_UPSCAYL_PROGRESS:  39.75%

[2026-08-22 09:52:59.996] [info]  🚧 FOLDER_UPSCAYL_PROGRESS:  40.00%

[2026-08-22 09:53:00.739] [info]  🚧 FOLDER_UPSCAYL_PROGRESS:  40.25%

[2026-08-22 09:53:01.473] [info]  🚧 FOLDER_UPSCAYL_PROGRESS:  40.49%

[2026-08-22 09:53:02.220] [info]  🚧 FOLDER_UPSCAYL_PROGRESS:  40.74%

[2026-08-22 09:53:02.960] [info]  🚧 FOLDER_UPSCAYL_PROGRESS:  40.99%

[2026-08-22 09:53:03.695] [info]  🚧 FOLDER_UPSCAYL_PROGRESS:  41.23%

[2026-08-22 09:53:04.446] [info]  🚧 FOLDER_UPSCAYL_PROGRESS:  41.48%

[2026-08-22 09:53:05.181] [info]  🚧 FOLDER_UPSCAYL_PROGRESS:  41.73%

[2026-08-22 09:53:05.927] [info]  🚧 FOLDER_UPSCAYL_PROGRESS:  41.98%

[2026-08-22 09:53:06.674] [info]  🚧 FOLDER_UPSCAYL_PROGRESS:  42.22%

[2026-08-22 09:53:07.417] [info]  🚧 FOLDER_UPSCAYL_PROGRESS:  42.47%

[2026-08-22 09:53:08.152] [info]  🚧 FOLDER_UPSCAYL_PROGRESS:  42.72%

[2026-08-22 09:53:08.895] [info]  🚧 FOLDER_UPSCAYL_PROGRESS:  42.96%

[2026-08-22 09:53:09.644] [info]  🚧 FOLDER_UPSCAYL_PROGRESS:  43.21%

[2026-08-22 09:53:10.389] [info]  🚧 FOLDER_UPSCAYL_PROGRESS:  43.46%

[2026-08-22 09:53:11.131] [info]  🚧 FOLDER_UPSCAYL_PROGRESS:  43.70%

[2026-08-22 09:53:11.881] [info]  🚧 FOLDER_UPSCAYL_PROGRESS:  43.95%

[2026-08-22 09:53:12.636] [info]  🚧 FOLDER_UPSCAYL_PROGRESS:  44.20%

[2026-08-22 09:53:13.383] [info]  🚧 FOLDER_UPSCAYL_PROGRESS:  44.44%

[2026-08-22 09:53:14.129] [info]  🚧 FOLDER_UPSCAYL_PROGRESS:  44.69%

[2026-08-22 09:53:14.876] [info]  🚧 FOLDER_UPSCAYL_PROGRESS:  44.94%

[2026-08-22 09:53:15.617] [info]  🚧 FOLDER_UPSCAYL_PROGRESS:  45.19%

[2026-08-22 09:53:16.365] [info]  🚧 FOLDER_UPSCAYL_PROGRESS:  45.43%

[2026-08-22 09:53:17.108] [info]  🚧 FOLDER_UPSCAYL_PROGRESS:  45.68%

[2026-08-22 09:53:17.850] [info]  🚧 FOLDER_UPSCAYL_PROGRESS:  45.93%

[2026-08-22 09:53:18.595] [info]  🚧 FOLDER_UPSCAYL_PROGRESS:  46.17%

[2026-08-22 09:53:18.802] [info]  🚧 FOLDER_UPSCAYL_PROGRESS:  46.42%

[2026-08-22 09:53:19.557] [info]  🚧 FOLDER_UPSCAYL_PROGRESS:  46.67%

[2026-08-22 09:53:20.294] [info]  🚧 FOLDER_UPSCAYL_PROGRESS:  46.91%

[2026-08-22 09:53:21.037] [info]  🚧 FOLDER_UPSCAYL_PROGRESS:  47.16%

[2026-08-22 09:53:21.782] [info]  🚧 FOLDER_UPSCAYL_PROGRESS:  47.41%

[2026-08-22 09:53:22.535] [info]  🚧 FOLDER_UPSCAYL_PROGRESS:  47.65%

[2026-08-22 09:53:23.272] [info]  🚧 FOLDER_UPSCAYL_PROGRESS:  47.90%

[2026-08-22 09:53:24.015] [info]  🚧 FOLDER_UPSCAYL_PROGRESS:  48.15%

[2026-08-22 09:53:24.755] [info]  🚧 FOLDER_UPSCAYL_PROGRESS:  48.40%

[2026-08-22 09:53:25.501] [info]  🚧 FOLDER_UPSCAYL_PROGRESS:  48.64%

[2026-08-22 09:53:26.235] [info]  🚧 FOLDER_UPSCAYL_PROGRESS:  48.89%

[2026-08-22 09:53:26.977] [info]  🚧 FOLDER_UPSCAYL_PROGRESS:  49.14%

[2026-08-22 09:53:27.723] [info]  🚧 FOLDER_UPSCAYL_PROGRESS:  49.38%

[2026-08-22 09:53:28.467] [info]  🚧 FOLDER_UPSCAYL_PROGRESS:  49.63%

[2026-08-22 09:53:29.206] [info]  🚧 FOLDER_UPSCAYL_PROGRESS:  49.88%

[2026-08-22 09:53:29.949] [info]  🚧 FOLDER_UPSCAYL_PROGRESS:  50.12%

[2026-08-22 09:53:30.692] [info]  🚧 FOLDER_UPSCAYL_PROGRESS:  50.37%

[2026-08-22 09:53:31.441] [info]  🚧 FOLDER_UPSCAYL_PROGRESS:  50.62%

[2026-08-22 09:53:32.184] [info]  🚧 FOLDER_UPSCAYL_PROGRESS:  50.86%

[2026-08-22 09:53:32.922] [info]  🚧 FOLDER_UPSCAYL_PROGRESS:  51.11%

[2026-08-22 09:53:33.691] [info]  🚧 FOLDER_UPSCAYL_PROGRESS:  51.36%

[2026-08-22 09:53:34.454] [info]  🚧 FOLDER_UPSCAYL_PROGRESS:  51.60%

[2026-08-22 09:53:35.193] [info]  🚧 FOLDER_UPSCAYL_PROGRESS:  51.85%

[2026-08-22 09:53:35.936] [info]  🚧 FOLDER_UPSCAYL_PROGRESS:  52.10%

[2026-08-22 09:53:36.676] [info]  🚧 FOLDER_UPSCAYL_PROGRESS:  52.35%

[2026-08-22 09:53:37.420] [info]  🚧 FOLDER_UPSCAYL_PROGRESS:  52.59%

[2026-08-22 09:53:38.161] [info]  🚧 FOLDER_UPSCAYL_PROGRESS:  52.84%

[2026-08-22 09:53:38.363] [info]  🚧 FOLDER_UPSCAYL_PROGRESS:  53.09%

[2026-08-22 09:53:39.112] [info]  🚧 FOLDER_UPSCAYL_PROGRESS:  53.33%

[2026-08-22 09:53:39.856] [info]  🚧 FOLDER_UPSCAYL_PROGRESS:  53.58%

[2026-08-22 09:53:40.594] [info]  🚧 FOLDER_UPSCAYL_PROGRESS:  53.83%

[2026-08-22 09:53:41.338] [info]  🚧 FOLDER_UPSCAYL_PROGRESS:  54.07%

[2026-08-22 09:53:42.075] [info]  🚧 FOLDER_UPSCAYL_PROGRESS:  54.32%

[2026-08-22 09:53:42.827] [info]  🚧 FOLDER_UPSCAYL_PROGRESS:  54.57%

[2026-08-22 09:53:43.571] [info]  🚧 FOLDER_UPSCAYL_PROGRESS:  54.81%

[2026-08-22 09:53:44.310] [info]  🚧 FOLDER_UPSCAYL_PROGRESS:  55.06%

[2026-08-22 09:53:45.052] [info]  🚧 FOLDER_UPSCAYL_PROGRESS:  55.31%

[2026-08-22 09:53:45.799] [info]  🚧 FOLDER_UPSCAYL_PROGRESS:  55.56%

[2026-08-22 09:53:46.535] [info]  🚧 FOLDER_UPSCAYL_PROGRESS:  55.80%

[2026-08-22 09:53:47.280] [info]  🚧 FOLDER_UPSCAYL_PROGRESS:  56.05%

[2026-08-22 09:53:48.021] [info]  🚧 FOLDER_UPSCAYL_PROGRESS:  56.30%

[2026-08-22 09:53:48.765] [info]  🚧 FOLDER_UPSCAYL_PROGRESS:  56.54%

[2026-08-22 09:53:49.501] [info]  🚧 FOLDER_UPSCAYL_PROGRESS:  56.79%

[2026-08-22 09:53:50.239] [info]  🚧 FOLDER_UPSCAYL_PROGRESS:  57.04%

[2026-08-22 09:53:50.980] [info]  🚧 FOLDER_UPSCAYL_PROGRESS:  57.28%

[2026-08-22 09:53:51.725] [info]  🚧 FOLDER_UPSCAYL_PROGRESS:  57.53%

[2026-08-22 09:53:52.467] [info]  🚧 FOLDER_UPSCAYL_PROGRESS:  57.78%

[2026-08-22 09:53:53.208] [info]  🚧 FOLDER_UPSCAYL_PROGRESS:  58.02%

[2026-08-22 09:53:53.944] [info]  🚧 FOLDER_UPSCAYL_PROGRESS:  58.27%

[2026-08-22 09:53:54.681] [info]  🚧 FOLDER_UPSCAYL_PROGRESS:  58.52%

[2026-08-22 09:53:55.421] [info]  🚧 FOLDER_UPSCAYL_PROGRESS:  58.77%

[2026-08-22 09:53:56.173] [info]  🚧 FOLDER_UPSCAYL_PROGRESS:  59.01%

[2026-08-22 09:53:56.912] [info]  🚧 FOLDER_UPSCAYL_PROGRESS:  59.26%

[2026-08-22 09:53:57.652] [info]  🚧 FOLDER_UPSCAYL_PROGRESS:  59.51%

[2026-08-22 09:53:57.853] [info]  🚧 FOLDER_UPSCAYL_PROGRESS:  59.75%

[2026-08-22 09:53:58.599] [info]  🚧 FOLDER_UPSCAYL_PROGRESS:  60.00%

[2026-08-22 09:53:59.352] [info]  🚧 FOLDER_UPSCAYL_PROGRESS:  60.25%

[2026-08-22 09:54:00.087] [info]  🚧 FOLDER_UPSCAYL_PROGRESS:  60.49%

[2026-08-22 09:54:00.825] [info]  🚧 FOLDER_UPSCAYL_PROGRESS:  60.74%

[2026-08-22 09:54:01.571] [info]  🚧 FOLDER_UPSCAYL_PROGRESS:  60.99%

[2026-08-22 09:54:02.309] [info]  🚧 FOLDER_UPSCAYL_PROGRESS:  61.23%

[2026-08-22 09:54:03.045] [info]  🚧 FOLDER_UPSCAYL_PROGRESS:  61.48%

[2026-08-22 09:54:03.786] [info]  🚧 FOLDER_UPSCAYL_PROGRESS:  61.73%

[2026-08-22 09:54:04.531] [info]  🚧 FOLDER_UPSCAYL_PROGRESS:  61.98%

[2026-08-22 09:54:05.266] [info]  🚧 FOLDER_UPSCAYL_PROGRESS:  62.22%

[2026-08-22 09:54:06.008] [info]  🚧 FOLDER_UPSCAYL_PROGRESS:  62.47%

[2026-08-22 09:54:06.744] [info]  🚧 FOLDER_UPSCAYL_PROGRESS:  62.72%

[2026-08-22 09:54:07.490] [info]  🚧 FOLDER_UPSCAYL_PROGRESS:  62.96%

[2026-08-22 09:54:08.227] [info]  🚧 FOLDER_UPSCAYL_PROGRESS:  63.21%

[2026-08-22 09:54:08.970] [info]  🚧 FOLDER_UPSCAYL_PROGRESS:  63.46%

[2026-08-22 09:54:09.717] [info]  🚧 FOLDER_UPSCAYL_PROGRESS:  63.70%

[2026-08-22 09:54:10.460] [info]  🚧 FOLDER_UPSCAYL_PROGRESS:  63.95%

[2026-08-22 09:54:11.201] [info]  🚧 FOLDER_UPSCAYL_PROGRESS:  64.20%

[2026-08-22 09:54:11.946] [info]  🚧 FOLDER_UPSCAYL_PROGRESS:  64.44%

[2026-08-22 09:54:12.686] [info]  🚧 FOLDER_UPSCAYL_PROGRESS:  64.69%

[2026-08-22 09:54:13.432] [info]  🚧 FOLDER_UPSCAYL_PROGRESS:  64.94%

[2026-08-22 09:54:14.165] [info]  🚧 FOLDER_UPSCAYL_PROGRESS:  65.19%

[2026-08-22 09:54:14.903] [info]  🚧 FOLDER_UPSCAYL_PROGRESS:  65.43%

[2026-08-22 09:54:15.644] [info]  🚧 FOLDER_UPSCAYL_PROGRESS:  65.68%

[2026-08-22 09:54:16.383] [info]  🚧 FOLDER_UPSCAYL_PROGRESS:  65.93%

[2026-08-22 09:54:17.122] [info]  🚧 FOLDER_UPSCAYL_PROGRESS:  66.17%

[2026-08-22 09:54:17.332] [info]  🚧 FOLDER_UPSCAYL_PROGRESS:  66.42%

[2026-08-22 09:54:18.074] [info]  🚧 FOLDER_UPSCAYL_PROGRESS:  66.67%

[2026-08-22 09:54:18.820] [info]  🚧 FOLDER_UPSCAYL_PROGRESS:  66.91%

[2026-08-22 09:54:19.552] [info]  🚧 FOLDER_UPSCAYL_PROGRESS:  67.16%

[2026-08-22 09:54:20.299] [info]  🚧 FOLDER_UPSCAYL_PROGRESS:  67.41%

[2026-08-22 09:54:21.040] [info]  🚧 FOLDER_UPSCAYL_PROGRESS:  67.65%

[2026-08-22 09:54:21.786] [info]  🚧 FOLDER_UPSCAYL_PROGRESS:  67.90%

[2026-08-22 09:54:22.531] [info]  🚧 FOLDER_UPSCAYL_PROGRESS:  68.15%

[2026-08-22 09:54:23.265] [info]  🚧 FOLDER_UPSCAYL_PROGRESS:  68.40%

[2026-08-22 09:54:24.004] [info]  🚧 FOLDER_UPSCAYL_PROGRESS:  68.64%

[2026-08-22 09:54:24.741] [info]  🚧 FOLDER_UPSCAYL_PROGRESS:  68.89%

[2026-08-22 09:54:25.482] [info]  🚧 FOLDER_UPSCAYL_PROGRESS:  69.14%

[2026-08-22 09:54:26.216] [info]  🚧 FOLDER_UPSCAYL_PROGRESS:  69.38%

[2026-08-22 09:54:26.957] [info]  🚧 FOLDER_UPSCAYL_PROGRESS:  69.63%

[2026-08-22 09:54:27.693] [info]  🚧 FOLDER_UPSCAYL_PROGRESS:  69.88%

[2026-08-22 09:54:28.439] [info]  🚧 FOLDER_UPSCAYL_PROGRESS:  70.12%

[2026-08-22 09:54:29.183] [info]  🚧 FOLDER_UPSCAYL_PROGRESS:  70.37%

[2026-08-22 09:54:29.918] [info]  🚧 FOLDER_UPSCAYL_PROGRESS:  70.62%

[2026-08-22 09:54:30.660] [info]  🚧 FOLDER_UPSCAYL_PROGRESS:  70.86%

[2026-08-22 09:54:31.401] [info]  🚧 FOLDER_UPSCAYL_PROGRESS:  71.11%

[2026-08-22 09:54:32.143] [info]  🚧 FOLDER_UPSCAYL_PROGRESS:  71.36%

[2026-08-22 09:54:32.888] [info]  🚧 FOLDER_UPSCAYL_PROGRESS:  71.60%

[2026-08-22 09:54:33.632] [info]  🚧 FOLDER_UPSCAYL_PROGRESS:  71.85%

[2026-08-22 09:54:34.372] [info]  🚧 FOLDER_UPSCAYL_PROGRESS:  72.10%

[2026-08-22 09:54:35.109] [info]  🚧 FOLDER_UPSCAYL_PROGRESS:  72.35%

[2026-08-22 09:54:35.857] [info]  🚧 FOLDER_UPSCAYL_PROGRESS:  72.59%

[2026-08-22 09:54:36.600] [info]  🚧 FOLDER_UPSCAYL_PROGRESS:  72.84%

[2026-08-22 09:54:36.790] [info]  🚧 FOLDER_UPSCAYL_PROGRESS:  73.09%

[2026-08-22 09:54:37.543] [info]  🚧 FOLDER_UPSCAYL_PROGRESS:  73.33%

[2026-08-22 09:54:38.283] [info]  🚧 FOLDER_UPSCAYL_PROGRESS:  73.58%

[2026-08-22 09:54:39.021] [info]  🚧 FOLDER_UPSCAYL_PROGRESS:  73.83%

[2026-08-22 09:54:39.757] [info]  🚧 FOLDER_UPSCAYL_PROGRESS:  74.07%

[2026-08-22 09:54:40.499] [info]  🚧 FOLDER_UPSCAYL_PROGRESS:  74.32%

[2026-08-22 09:54:41.239] [info]  🚧 FOLDER_UPSCAYL_PROGRESS:  74.57%

[2026-08-22 09:54:41.980] [info]  🚧 FOLDER_UPSCAYL_PROGRESS:  74.81%

[2026-08-22 09:54:42.723] [info]  🚧 FOLDER_UPSCAYL_PROGRESS:  75.06%

[2026-08-22 09:54:43.466] [info]  🚧 FOLDER_UPSCAYL_PROGRESS:  75.31%

[2026-08-22 09:54:44.203] [info]  🚧 FOLDER_UPSCAYL_PROGRESS:  75.56%

[2026-08-22 09:54:44.943] [info]  🚧 FOLDER_UPSCAYL_PROGRESS:  75.80%

[2026-08-22 09:54:45.683] [info]  🚧 FOLDER_UPSCAYL_PROGRESS:  76.05%

[2026-08-22 09:54:46.428] [info]  🚧 FOLDER_UPSCAYL_PROGRESS:  76.30%

[2026-08-22 09:54:47.164] [info]  🚧 FOLDER_UPSCAYL_PROGRESS:  76.54%

[2026-08-22 09:54:47.905] [info]  🚧 FOLDER_UPSCAYL_PROGRESS:  76.79%

[2026-08-22 09:54:48.642] [info]  🚧 FOLDER_UPSCAYL_PROGRESS:  77.04%

[2026-08-22 09:54:49.384] [info]  🚧 FOLDER_UPSCAYL_PROGRESS:  77.28%

[2026-08-22 09:54:50.126] [info]  🚧 FOLDER_UPSCAYL_PROGRESS:  77.53%

[2026-08-22 09:54:50.867] [info]  🚧 FOLDER_UPSCAYL_PROGRESS:  77.78%

[2026-08-22 09:54:51.603] [info]  🚧 FOLDER_UPSCAYL_PROGRESS:  78.02%

[2026-08-22 09:54:52.345] [info]  🚧 FOLDER_UPSCAYL_PROGRESS:  78.27%

[2026-08-22 09:54:53.087] [info]  🚧 FOLDER_UPSCAYL_PROGRESS:  78.52%

[2026-08-22 09:54:53.835] [info]  🚧 FOLDER_UPSCAYL_PROGRESS:  78.77%

[2026-08-22 09:54:54.585] [info]  🚧 FOLDER_UPSCAYL_PROGRESS:  79.01%

[2026-08-22 09:54:55.333] [info]  🚧 FOLDER_UPSCAYL_PROGRESS:  79.26%

[2026-08-22 09:54:56.066] [info]  🚧 FOLDER_UPSCAYL_PROGRESS:  79.51%

[2026-08-22 09:54:56.268] [info]  🚧 FOLDER_UPSCAYL_PROGRESS:  79.75%

[2026-08-22 09:54:57.013] [info]  🚧 FOLDER_UPSCAYL_PROGRESS:  80.00%

[2026-08-22 09:54:57.756] [info]  🚧 FOLDER_UPSCAYL_PROGRESS:  80.25%

[2026-08-22 09:54:58.504] [info]  🚧 FOLDER_UPSCAYL_PROGRESS:  80.49%

[2026-08-22 09:54:59.249] [info]  🚧 FOLDER_UPSCAYL_PROGRESS:  80.74%

[2026-08-22 09:54:59.991] [info]  🚧 FOLDER_UPSCAYL_PROGRESS:  80.99%

[2026-08-22 09:55:00.734] [info]  🚧 FOLDER_UPSCAYL_PROGRESS:  81.23%

[2026-08-22 09:55:01.480] [info]  🚧 FOLDER_UPSCAYL_PROGRESS:  81.48%

[2026-08-22 09:55:02.222] [info]  🚧 FOLDER_UPSCAYL_PROGRESS:  81.73%

[2026-08-22 09:55:02.962] [info]  🚧 FOLDER_UPSCAYL_PROGRESS:  81.98%

[2026-08-22 09:55:03.707] [info]  🚧 FOLDER_UPSCAYL_PROGRESS:  82.22%

[2026-08-22 09:55:04.457] [info]  🚧 FOLDER_UPSCAYL_PROGRESS:  82.47%

[2026-08-22 09:55:05.199] [info]  🚧 FOLDER_UPSCAYL_PROGRESS:  82.72%

[2026-08-22 09:55:05.937] [info]  🚧 FOLDER_UPSCAYL_PROGRESS:  82.96%

[2026-08-22 09:55:06.680] [info]  🚧 FOLDER_UPSCAYL_PROGRESS:  83.21%

[2026-08-22 09:55:07.424] [info]  🚧 FOLDER_UPSCAYL_PROGRESS:  83.46%

[2026-08-22 09:55:08.170] [info]  🚧 FOLDER_UPSCAYL_PROGRESS:  83.70%

[2026-08-22 09:55:08.906] [info]  🚧 FOLDER_UPSCAYL_PROGRESS:  83.95%

[2026-08-22 09:55:09.649] [info]  🚧 FOLDER_UPSCAYL_PROGRESS:  84.20%

[2026-08-22 09:55:10.393] [info]  🚧 FOLDER_UPSCAYL_PROGRESS:  84.44%

[2026-08-22 09:55:11.136] [info]  🚧 FOLDER_UPSCAYL_PROGRESS:  84.69%

[2026-08-22 09:55:11.881] [info]  🚧 FOLDER_UPSCAYL_PROGRESS:  84.94%

[2026-08-22 09:55:12.626] [info]  🚧 FOLDER_UPSCAYL_PROGRESS:  85.19%

[2026-08-22 09:55:13.372] [info]  🚧 FOLDER_UPSCAYL_PROGRESS:  85.43%

[2026-08-22 09:55:14.116] [info]  🚧 FOLDER_UPSCAYL_PROGRESS:  85.68%

[2026-08-22 09:55:14.861] [info]  🚧 FOLDER_UPSCAYL_PROGRESS:  85.93%

[2026-08-22 09:55:15.605] [info]  🚧 FOLDER_UPSCAYL_PROGRESS:  86.17%

[2026-08-22 09:55:15.798] [info]  🚧 FOLDER_UPSCAYL_PROGRESS:  86.42%

[2026-08-22 09:55:16.561] [info]  🚧 FOLDER_UPSCAYL_PROGRESS:  86.67%

[2026-08-22 09:55:17.309] [info]  🚧 FOLDER_UPSCAYL_PROGRESS:  86.91%

[2026-08-22 09:55:18.054] [info]  🚧 FOLDER_UPSCAYL_PROGRESS:  87.16%

[2026-08-22 09:55:18.793] [info]  🚧 FOLDER_UPSCAYL_PROGRESS:  87.41%

[2026-08-22 09:55:19.543] [info]  🚧 FOLDER_UPSCAYL_PROGRESS:  87.65%

[2026-08-22 09:55:20.277] [info]  🚧 FOLDER_UPSCAYL_PROGRESS:  87.90%

[2026-08-22 09:55:21.016] [info]  🚧 FOLDER_UPSCAYL_PROGRESS:  88.15%

[2026-08-22 09:55:21.762] [info]  🚧 FOLDER_UPSCAYL_PROGRESS:  88.40%

[2026-08-22 09:55:22.506] [info]  🚧 FOLDER_UPSCAYL_PROGRESS:  88.64%

[2026-08-22 09:55:23.243] [info]  🚧 FOLDER_UPSCAYL_PROGRESS:  88.89%

[2026-08-22 09:55:23.980] [info]  🚧 FOLDER_UPSCAYL_PROGRESS:  89.14%

[2026-08-22 09:55:24.731] [info]  🚧 FOLDER_UPSCAYL_PROGRESS:  89.38%

[2026-08-22 09:55:25.465] [info]  🚧 FOLDER_UPSCAYL_PROGRESS:  89.63%

[2026-08-22 09:55:26.209] [info]  🚧 FOLDER_UPSCAYL_PROGRESS:  89.88%

[2026-08-22 09:55:26.951] [info]  🚧 FOLDER_UPSCAYL_PROGRESS:  90.12%

[2026-08-22 09:55:27.691] [info]  🚧 FOLDER_UPSCAYL_PROGRESS:  90.37%

[2026-08-22 09:55:28.434] [info]  🚧 FOLDER_UPSCAYL_PROGRESS:  90.62%

[2026-08-22 09:55:29.176] [info]  🚧 FOLDER_UPSCAYL_PROGRESS:  90.86%

[2026-08-22 09:55:29.914] [info]  🚧 FOLDER_UPSCAYL_PROGRESS:  91.11%

[2026-08-22 09:55:30.655] [info]  🚧 FOLDER_UPSCAYL_PROGRESS:  91.36%

[2026-08-22 09:55:31.403] [info]  🚧 FOLDER_UPSCAYL_PROGRESS:  91.60%

[2026-08-22 09:55:32.137] [info]  🚧 FOLDER_UPSCAYL_PROGRESS:  91.85%

[2026-08-22 09:55:32.879] [info]  🚧 FOLDER_UPSCAYL_PROGRESS:  92.10%

[2026-08-22 09:55:33.623] [info]  🚧 FOLDER_UPSCAYL_PROGRESS:  92.35%

[2026-08-22 09:55:34.367] [info]  🚧 FOLDER_UPSCAYL_PROGRESS:  92.59%

[2026-08-22 09:55:35.106] [info]  🚧 FOLDER_UPSCAYL_PROGRESS:  92.84%

[2026-08-22 09:55:35.303] [info]  🚧 FOLDER_UPSCAYL_PROGRESS:  93.09%

[2026-08-22 09:55:35.835] [info]  🚧 FOLDER_UPSCAYL_PROGRESS:  93.33%

[2026-08-22 09:55:36.333] [info]  🚧 FOLDER_UPSCAYL_PROGRESS:  93.58%

[2026-08-22 09:55:36.835] [info]  🚧 FOLDER_UPSCAYL_PROGRESS:  93.83%

[2026-08-22 09:55:37.344] [info]  🚧 FOLDER_UPSCAYL_PROGRESS:  94.07%

[2026-08-22 09:55:37.846] [info]  🚧 FOLDER_UPSCAYL_PROGRESS:  94.32%

[2026-08-22 09:55:38.344] [info]  🚧 FOLDER_UPSCAYL_PROGRESS:  94.57%

[2026-08-22 09:55:38.844] [info]  🚧 FOLDER_UPSCAYL_PROGRESS:  94.81%

[2026-08-22 09:55:39.340] [info]  🚧 FOLDER_UPSCAYL_PROGRESS:  95.06%

[2026-08-22 09:55:39.841] [info]  🚧 FOLDER_UPSCAYL_PROGRESS:  95.31%

[2026-08-22 09:55:40.348] [info]  🚧 FOLDER_UPSCAYL_PROGRESS:  95.56%

[2026-08-22 09:55:40.851] [info]  🚧 FOLDER_UPSCAYL_PROGRESS:  95.80%

[2026-08-22 09:55:41.355] [info]  🚧 FOLDER_UPSCAYL_PROGRESS:  96.05%

[2026-08-22 09:55:41.860] [info]  🚧 FOLDER_UPSCAYL_PROGRESS:  96.30%

[2026-08-22 09:55:42.372] [info]  🚧 FOLDER_UPSCAYL_PROGRESS:  96.54%

[2026-08-22 09:55:42.866] [info]  🚧 FOLDER_UPSCAYL_PROGRESS:  96.79%

[2026-08-22 09:55:43.374] [info]  🚧 FOLDER_UPSCAYL_PROGRESS:  97.04%

[2026-08-22 09:55:43.875] [info]  🚧 FOLDER_UPSCAYL_PROGRESS:  97.28%

[2026-08-22 09:55:44.379] [info]  🚧 FOLDER_UPSCAYL_PROGRESS:  97.53%

[2026-08-22 09:55:44.881] [info]  🚧 FOLDER_UPSCAYL_PROGRESS:  97.78%

[2026-08-22 09:55:45.389] [info]  🚧 FOLDER_UPSCAYL_PROGRESS:  98.02%

[2026-08-22 09:55:45.891] [info]  🚧 FOLDER_UPSCAYL_PROGRESS:  98.27%

[2026-08-22 09:55:46.399] [info]  🚧 FOLDER_UPSCAYL_PROGRESS:  98.52%

[2026-08-22 09:55:46.900] [info]  🚧 FOLDER_UPSCAYL_PROGRESS:  98.77%

[2026-08-22 09:55:47.404] [info]  🚧 FOLDER_UPSCAYL_PROGRESS:  99.01%

[2026-08-22 09:55:47.906] [info]  🚧 FOLDER_UPSCAYL_PROGRESS:  99.26%

[2026-08-22 09:55:48.417] [info]  🚧 FOLDER_UPSCAYL_PROGRESS:  99.51%

[2026-08-22 09:55:48.557] [info]  🚧 FOLDER_UPSCAYL_PROGRESS:  99.75%

[2026-08-22 09:55:48.573] [info]  🚧 FOLDER_UPSCAYL_PROGRESS:  🏞️ Resizing image according to output scale

[2026-08-22 09:55:49.181] [info]  🚧 FOLDER_UPSCAYL_PROGRESS:  🏞️ Scaled image from 5225x2940 to 10450x5880

[2026-08-22 09:55:49.341] [info]  🚧 FOLDER_UPSCAYL_PROGRESS:  0.00%

[2026-08-22 09:55:50.075] [info]  🚧 FOLDER_UPSCAYL_PROGRESS:  0.02%

[2026-08-22 09:55:50.810] [info]  🚧 FOLDER_UPSCAYL_PROGRESS:  0.03%

[2026-08-22 09:55:51.547] [info]  🚧 FOLDER_UPSCAYL_PROGRESS:  0.05%

[2026-08-22 09:55:52.285] [info]  🚧 FOLDER_UPSCAYL_PROGRESS:  0.06%

[2026-08-22 09:55:53.023] [info]  🚧 FOLDER_UPSCAYL_PROGRESS:  0.08%

[2026-08-22 09:55:53.765] [info]  🚧 FOLDER_UPSCAYL_PROGRESS:  0.10%

[2026-08-22 09:55:54.508] [info]  🚧 FOLDER_UPSCAYL_PROGRESS:  0.11%

[2026-08-22 09:55:55.251] [info]  🚧 FOLDER_UPSCAYL_PROGRESS:  0.13%

[2026-08-22 09:55:55.994] [info]  🚧 FOLDER_UPSCAYL_PROGRESS:  0.15%

[2026-08-22 09:55:56.736] [info]  🚧 FOLDER_UPSCAYL_PROGRESS:  0.16%

[2026-08-22 09:55:57.348] [info]  🚧 FOLDER_UPSCAYL_PROGRESS:  100.00%

🙌 Upscayled Successfully!

[2026-08-22 09:55:57.486] [info]  🚧 FOLDER_UPSCAYL_PROGRESS:  0.18%

[2026-08-22 09:55:58.218] [info]  🚧 FOLDER_UPSCAYL_PROGRESS:  0.19%

[2026-08-22 09:55:58.956] [info]  🚧 FOLDER_UPSCAYL_PROGRESS:  0.21%

[2026-08-22 09:55:59.701] [info]  🚧 FOLDER_UPSCAYL_PROGRESS:  0.23%

[2026-08-22 09:56:00.440] [info]  🚧 FOLDER_UPSCAYL_PROGRESS:  0.24%

[2026-08-22 09:56:01.173] [info]  🚧 FOLDER_UPSCAYL_PROGRESS:  0.26%

[2026-08-22 09:56:01.917] [info]  🚧 FOLDER_UPSCAYL_PROGRESS:  0.27%

[2026-08-22 09:56:02.661] [info]  🚧 FOLDER_UPSCAYL_PROGRESS:  0.29%

[2026-08-22 09:56:03.401] [info]  🚧 FOLDER_UPSCAYL_PROGRESS:  0.31%

[2026-08-22 09:56:04.144] [info]  🚧 FOLDER_UPSCAYL_PROGRESS:  0.32%

[2026-08-22 09:56:04.887] [info]  🚧 FOLDER_UPSCAYL_PROGRESS:  0.34%

[2026-08-22 09:56:05.632] [info]  🚧 FOLDER_UPSCAYL_PROGRESS:  0.36%

[2026-08-22 09:56:06.377] [info]  🚧 FOLDER_UPSCAYL_PROGRESS:  0.37%

[2026-08-22 09:56:07.117] [info]  🚧 FOLDER_UPSCAYL_PROGRESS:  0.39%

[2026-08-22 09:56:07.866] [info]  🚧 FOLDER_UPSCAYL_PROGRESS:  0.40%

[2026-08-22 09:56:08.608] [info]  🚧 FOLDER_UPSCAYL_PROGRESS:  0.42%

[2026-08-22 09:56:09.353] [info]  🚧 FOLDER_UPSCAYL_PROGRESS:  0.44%

[2026-08-22 09:56:10.090] [info]  🚧 FOLDER_UPSCAYL_PROGRESS:  0.45%

[2026-08-22 09:56:10.837] [info]  🚧 FOLDER_UPSCAYL_PROGRESS:  0.47%

[2026-08-22 09:56:11.582] [info]  🚧 FOLDER_UPSCAYL_PROGRESS:  0.48%

[2026-08-22 09:56:12.318] [info]  🚧 FOLDER_UPSCAYL_PROGRESS:  0.50%

[2026-08-22 09:56:13.065] [info]  🚧 FOLDER_UPSCAYL_PROGRESS:  0.52%

[2026-08-22 09:56:13.815] [info]  🚧 FOLDER_UPSCAYL_PROGRESS:  0.53%

[2026-08-22 09:56:14.559] [info]  🚧 FOLDER_UPSCAYL_PROGRESS:  0.55%

[2026-08-22 09:56:15.305] [info]  🚧 FOLDER_UPSCAYL_PROGRESS:  0.56%

[2026-08-22 09:56:16.051] [info]  🚧 FOLDER_UPSCAYL_PROGRESS:  0.58%

[2026-08-22 09:56:16.797] [info]  🚧 FOLDER_UPSCAYL_PROGRESS:  0.60%

[2026-08-22 09:56:17.543] [info]  🚧 FOLDER_UPSCAYL_PROGRESS:  0.61%

[2026-08-22 09:56:18.293] [info]  🚧 FOLDER_UPSCAYL_PROGRESS:  0.63%

[2026-08-22 09:56:19.034] [info]  🚧 FOLDER_UPSCAYL_PROGRESS:  0.65%

[2026-08-22 09:56:19.780] [info]  🚧 FOLDER_UPSCAYL_PROGRESS:  0.66%

[2026-08-22 09:56:20.529] [info]  🚧 FOLDER_UPSCAYL_PROGRESS:  0.68%

[2026-08-22 09:56:21.280] [info]  🚧 FOLDER_UPSCAYL_PROGRESS:  0.69%

[2026-08-22 09:56:22.027] [info]  🚧 FOLDER_UPSCAYL_PROGRESS:  0.71%

[2026-08-22 09:56:22.771] [info]  🚧 FOLDER_UPSCAYL_PROGRESS:  0.73%

[2026-08-22 09:56:23.521] [info]  🚧 FOLDER_UPSCAYL_PROGRESS:  0.74%

[2026-08-22 09:56:24.265] [info]  🚧 FOLDER_UPSCAYL_PROGRESS:  0.76%

[2026-08-22 09:56:25.012] [info]  🚧 FOLDER_UPSCAYL_PROGRESS:  0.77%

[2026-08-22 09:56:25.761] [info]  🚧 FOLDER_UPSCAYL_PROGRESS:  0.79%

[2026-08-22 09:56:26.499] [info]  🚧 FOLDER_UPSCAYL_PROGRESS:  0.81%

[2026-08-22 09:56:27.236] [info]  🚧 FOLDER_UPSCAYL_PROGRESS:  0.82%

[2026-08-22 09:56:27.972] [info]  🚧 FOLDER_UPSCAYL_PROGRESS:  0.84%

[2026-08-22 09:56:28.710] [info]  🚧 FOLDER_UPSCAYL_PROGRESS:  0.86%

[2026-08-22 09:56:29.450] [info]  🚧 FOLDER_UPSCAYL_PROGRESS:  0.87%

[2026-08-22 09:56:30.187] [info]  🚧 FOLDER_UPSCAYL_PROGRESS:  0.89%

[2026-08-22 09:56:30.924] [info]  🚧 FOLDER_UPSCAYL_PROGRESS:  0.90%

[2026-08-22 09:56:31.670] [info]  🚧 FOLDER_UPSCAYL_PROGRESS:  0.92%

[2026-08-22 09:56:32.410] [info]  🚧 FOLDER_UPSCAYL_PROGRESS:  0.94%

[2026-08-22 09:56:33.151] [info]  🚧 FOLDER_UPSCAYL_PROGRESS:  0.95%

[2026-08-22 09:56:33.893] [info]  🚧 FOLDER_UPSCAYL_PROGRESS:  0.97%

[2026-08-22 09:56:34.639] [info]  🚧 FOLDER_UPSCAYL_PROGRESS:  0.98%

[2026-08-22 09:56:35.382] [info]  🚧 FOLDER_UPSCAYL_PROGRESS:  1.00%

[2026-08-22 09:56:36.120] [info]  🚧 FOLDER_UPSCAYL_PROGRESS:  1.02%

[2026-08-22 09:56:36.855] [info]  🚧 FOLDER_UPSCAYL_PROGRESS:  1.03%

[2026-08-22 09:56:37.592] [info]  🚧 FOLDER_UPSCAYL_PROGRESS:  1.05%

[2026-08-22 09:56:38.334] [info]  🚧 FOLDER_UPSCAYL_PROGRESS:  1.07%

[2026-08-22 09:56:39.074] [info]  🚧 FOLDER_UPSCAYL_PROGRESS:  1.08%

[2026-08-22 09:56:39.813] [info]  🚧 FOLDER_UPSCAYL_PROGRESS:  1.10%

[2026-08-22 09:56:40.561] [info]  🚧 FOLDER_UPSCAYL_PROGRESS:  1.11%

[2026-08-22 09:56:41.297] [info]  🚧 FOLDER_UPSCAYL_PROGRESS:  1.13%

[2026-08-22 09:56:42.033] [info]  🚧 FOLDER_UPSCAYL_PROGRESS:  1.15%

[2026-08-22 09:56:42.775] [info]  🚧 FOLDER_UPSCAYL_PROGRESS:  1.16%

[2026-08-22 09:56:43.516] [info]  🚧 FOLDER_UPSCAYL_PROGRESS:  1.18%

[2026-08-22 09:56:44.259] [info]  🚧 FOLDER_UPSCAYL_PROGRESS:  1.19%

[2026-08-22 09:56:44.999] [info]  🚧 FOLDER_UPSCAYL_PROGRESS:  1.21%

[2026-08-22 09:56:45.737] [info]  🚧 FOLDER_UPSCAYL_PROGRESS:  1.23%

[2026-08-22 09:56:46.476] [info]  🚧 FOLDER_UPSCAYL_PROGRESS:  1.24%

[2026-08-22 09:56:47.210] [info]  🚧 FOLDER_UPSCAYL_PROGRESS:  1.26%

[2026-08-22 09:56:47.953] [info]  🚧 FOLDER_UPSCAYL_PROGRESS:  1.28%

[2026-08-22 09:56:48.698] [info]  🚧 FOLDER_UPSCAYL_PROGRESS:  1.29%

[2026-08-22 09:56:49.444] [info]  🚧 FOLDER_UPSCAYL_PROGRESS:  1.31%

[2026-08-22 09:56:50.191] [info]  🚧 FOLDER_UPSCAYL_PROGRESS:  1.32%

[2026-08-22 09:56:50.929] [info]  🚧 FOLDER_UPSCAYL_PROGRESS:  1.34%

[2026-08-22 09:56:51.671] [info]  🚧 FOLDER_UPSCAYL_PROGRESS:  1.36%

[2026-08-22 09:56:52.418] [info]  🚧 FOLDER_UPSCAYL_PROGRESS:  1.37%

[2026-08-22 09:56:53.162] [info]  🚧 FOLDER_UPSCAYL_PROGRESS:  1.39%

[2026-08-22 09:56:53.912] [info]  🚧 FOLDER_UPSCAYL_PROGRESS:  1.40%

[2026-08-22 09:56:54.656] [info]  🚧 FOLDER_UPSCAYL_PROGRESS:  1.42%

[2026-08-22 09:56:55.394] [info]  🚧 FOLDER_UPSCAYL_PROGRESS:  1.44%

[2026-08-22 09:56:56.131] [info]  🚧 FOLDER_UPSCAYL_PROGRESS:  1.45%

[2026-08-22 09:56:56.871] [info]  🚧 FOLDER_UPSCAYL_PROGRESS:  1.47%

[2026-08-22 09:56:57.609] [info]  🚧 FOLDER_UPSCAYL_PROGRESS:  1.49%

[2026-08-22 09:56:58.346] [info]  🚧 FOLDER_UPSCAYL_PROGRESS:  1.50%

[2026-08-22 09:56:59.095] [info]  🚧 FOLDER_UPSCAYL_PROGRESS:  1.52%

[2026-08-22 09:56:59.836] [info]  🚧 FOLDER_UPSCAYL_PROGRESS:  1.53%

[2026-08-22 09:57:00.578] [info]  🚧 FOLDER_UPSCAYL_PROGRESS:  1.55%

[2026-08-22 09:57:01.321] [info]  🚧 FOLDER_UPSCAYL_PROGRESS:  1.57%

[2026-08-22 09:57:02.069] [info]  🚧 FOLDER_UPSCAYL_PROGRESS:  1.58%

[2026-08-22 09:57:02.837] [info]  🚧 FOLDER_UPSCAYL_PROGRESS:  1.60%

[2026-08-22 09:57:03.576] [info]  🚧 FOLDER_UPSCAYL_PROGRESS:  1.61%

[2026-08-22 09:57:04.317] [info]  🚧 FOLDER_UPSCAYL_PROGRESS:  1.63%

[2026-08-22 09:57:05.051] [info]  🚧 FOLDER_UPSCAYL_PROGRESS:  1.65%

[2026-08-22 09:57:05.787] [info]  🚧 FOLDER_UPSCAYL_PROGRESS:  1.66%

[2026-08-22 09:57:06.201] [info]  🚧 FOLDER_UPSCAYL_PROGRESS:  1.68%

[2026-08-22 09:57:07.004] [info]  🚧 FOLDER_UPSCAYL_PROGRESS:  1.69%

[2026-08-22 09:57:07.743] [info]  🚧 FOLDER_UPSCAYL_PROGRESS:  1.71%

[2026-08-22 09:57:08.474] [info]  🚧 FOLDER_UPSCAYL_PROGRESS:  1.73%

[2026-08-22 09:57:09.210] [info]  🚧 FOLDER_UPSCAYL_PROGRESS:  1.74%

[2026-08-22 09:57:09.954] [info]  🚧 FOLDER_UPSCAYL_PROGRESS:  1.76%

[2026-08-22 09:57:10.694] [info]  🚧 FOLDER_UPSCAYL_PROGRESS:  1.78%

[2026-08-22 09:57:11.430] [info]  🚧 FOLDER_UPSCAYL_PROGRESS:  1.79%

[2026-08-22 09:57:12.167] [info]  🚧 FOLDER_UPSCAYL_PROGRESS:  1.81%

[2026-08-22 09:57:12.912] [info]  🚧 FOLDER_UPSCAYL_PROGRESS:  1.82%

[2026-08-22 09:57:13.644] [info]  🚧 FOLDER_UPSCAYL_PROGRESS:  1.84%

[2026-08-22 09:57:14.381] [info]  🚧 FOLDER_UPSCAYL_PROGRESS:  1.86%

[2026-08-22 09:57:15.120] [info]  🚧 FOLDER_UPSCAYL_PROGRESS:  1.87%

[2026-08-22 09:57:15.857] [info]  🚧 FOLDER_UPSCAYL_PROGRESS:  1.89%

[2026-08-22 09:57:16.598] [info]  🚧 FOLDER_UPSCAYL_PROGRESS:  1.90%

[2026-08-22 09:57:17.338] [info]  🚧 FOLDER_UPSCAYL_PROGRESS:  1.92%

[2026-08-22 09:57:18.076] [info]  🚧 FOLDER_UPSCAYL_PROGRESS:  1.94%

[2026-08-22 09:57:18.816] [info]  🚧 FOLDER_UPSCAYL_PROGRESS:  1.95%

[2026-08-22 09:57:19.554] [info]  🚧 FOLDER_UPSCAYL_PROGRESS:  1.97%

[2026-08-22 09:57:20.292] [info]  🚧 FOLDER_UPSCAYL_PROGRESS:  1.99%

[2026-08-22 09:57:21.030] [info]  🚧 FOLDER_UPSCAYL_PROGRESS:  2.00%

[2026-08-22 09:57:21.768] [info]  🚧 FOLDER_UPSCAYL_PROGRESS:  2.02%

[2026-08-22 09:57:22.509] [info]  🚧 FOLDER_UPSCAYL_PROGRESS:  2.03%

[2026-08-22 09:57:23.252] [info]  🚧 FOLDER_UPSCAYL_PROGRESS:  2.05%

[2026-08-22 09:57:23.990] [info]  🚧 FOLDER_UPSCAYL_PROGRESS:  2.07%

[2026-08-22 09:57:24.731] [info]  🚧 FOLDER_UPSCAYL_PROGRESS:  2.08%

[2026-08-22 09:57:25.462] [info]  🚧 FOLDER_UPSCAYL_PROGRESS:  2.10%

[2026-08-22 09:57:26.203] [info]  🚧 FOLDER_UPSCAYL_PROGRESS:  2.11%

[2026-08-22 09:57:26.945] [info]  🚧 FOLDER_UPSCAYL_PROGRESS:  2.13%

[2026-08-22 09:57:27.688] [info]  🚧 FOLDER_UPSCAYL_PROGRESS:  2.15%

[2026-08-22 09:57:28.426] [info]  🚧 FOLDER_UPSCAYL_PROGRESS:  2.16%

[2026-08-22 09:57:29.165] [info]  🚧 FOLDER_UPSCAYL_PROGRESS:  2.18%

[2026-08-22 09:57:29.906] [info]  🚧 FOLDER_UPSCAYL_PROGRESS:  2.20%

[2026-08-22 09:57:30.642] [info]  🚧 FOLDER_UPSCAYL_PROGRESS:  2.21%

[2026-08-22 09:57:31.381] [info]  🚧 FOLDER_UPSCAYL_PROGRESS:  2.23%

[2026-08-22 09:57:32.119] [info]  🚧 FOLDER_UPSCAYL_PROGRESS:  2.24%

[2026-08-22 09:57:32.866] [info]  🚧 FOLDER_UPSCAYL_PROGRESS:  2.26%

[2026-08-22 09:57:33.600] [info]  🚧 FOLDER_UPSCAYL_PROGRESS:  2.28%

[2026-08-22 09:57:34.341] [info]  🚧 FOLDER_UPSCAYL_PROGRESS:  2.29%

[2026-08-22 09:57:35.081] [info]  🚧 FOLDER_UPSCAYL_PROGRESS:  2.31%

[2026-08-22 09:57:35.826] [info]  🚧 FOLDER_UPSCAYL_PROGRESS:  2.32%

[2026-08-22 09:57:36.577] [info]  🚧 FOLDER_UPSCAYL_PROGRESS:  2.34%

[2026-08-22 09:57:37.325] [info]  🚧 FOLDER_UPSCAYL_PROGRESS:  2.36%

[2026-08-22 09:57:38.063] [info]  🚧 FOLDER_UPSCAYL_PROGRESS:  2.37%

[2026-08-22 09:57:38.811] [info]  🚧 FOLDER_UPSCAYL_PROGRESS:  2.39%

[2026-08-22 09:57:39.562] [info]  🚧 FOLDER_UPSCAYL_PROGRESS:  2.41%

[2026-08-22 09:57:40.311] [info]  🚧 FOLDER_UPSCAYL_PROGRESS:  2.42%

[2026-08-22 09:57:41.059] [info]  🚧 FOLDER_UPSCAYL_PROGRESS:  2.44%

[2026-08-22 09:57:41.807] [info]  🚧 FOLDER_UPSCAYL_PROGRESS:  2.45%

[2026-08-22 09:57:42.560] [info]  🚧 FOLDER_UPSCAYL_PROGRESS:  2.47%

[2026-08-22 09:57:43.311] [info]  🚧 FOLDER_UPSCAYL_PROGRESS:  2.49%

[2026-08-22 09:57:44.058] [info]  🚧 FOLDER_UPSCAYL_PROGRESS:  2.50%

[2026-08-22 09:57:44.810] [info]  🚧 FOLDER_UPSCAYL_PROGRESS:  2.52%

[2026-08-22 09:57:45.559] [info]  🚧 FOLDER_UPSCAYL_PROGRESS:  2.53%

[2026-08-22 09:57:46.304] [info]  🚧 FOLDER_UPSCAYL_PROGRESS:  2.55%

[2026-08-22 09:57:47.051] [info]  🚧 FOLDER_UPSCAYL_PROGRESS:  2.57%

[2026-08-22 09:57:47.790] [info]  🚧 FOLDER_UPSCAYL_PROGRESS:  2.58%

[2026-08-22 09:57:48.536] [info]  🚧 FOLDER_UPSCAYL_PROGRESS:  2.60%

[2026-08-22 09:57:49.280] [info]  🚧 FOLDER_UPSCAYL_PROGRESS:  2.62%

[2026-08-22 09:57:50.023] [info]  🚧 FOLDER_UPSCAYL_PROGRESS:  2.63%

[2026-08-22 09:57:50.762] [info]  🚧 FOLDER_UPSCAYL_PROGRESS:  2.65%

[2026-08-22 09:57:51.512] [info]  🚧 FOLDER_UPSCAYL_PROGRESS:  2.66%

[2026-08-22 09:57:52.256] [info]  🚧 FOLDER_UPSCAYL_PROGRESS:  2.68%

[2026-08-22 09:57:53.002] [info]  🚧 FOLDER_UPSCAYL_PROGRESS:  2.70%

[2026-08-22 09:57:53.743] [info]  🚧 FOLDER_UPSCAYL_PROGRESS:  2.71%

[2026-08-22 09:57:54.493] [info]  🚧 FOLDER_UPSCAYL_PROGRESS:  2.73%

[2026-08-22 09:57:55.239] [info]  🚧 FOLDER_UPSCAYL_PROGRESS:  2.74%

[2026-08-22 09:57:55.985] [info]  🚧 FOLDER_UPSCAYL_PROGRESS:  2.76%

[2026-08-22 09:57:56.735] [info]  🚧 FOLDER_UPSCAYL_PROGRESS:  2.78%

[2026-08-22 09:57:57.487] [info]  🚧 FOLDER_UPSCAYL_PROGRESS:  2.79%

[2026-08-22 09:57:58.229] [info]  🚧 FOLDER_UPSCAYL_PROGRESS:  2.81%

[2026-08-22 09:57:58.972] [info]  🚧 FOLDER_UPSCAYL_PROGRESS:  2.82%

[2026-08-22 09:57:59.717] [info]  🚧 FOLDER_UPSCAYL_PROGRESS:  2.84%

[2026-08-22 09:58:00.467] [info]  🚧 FOLDER_UPSCAYL_PROGRESS:  2.86%

[2026-08-22 09:58:01.208] [info]  🚧 FOLDER_UPSCAYL_PROGRESS:  2.87%

[2026-08-22 09:58:01.953] [info]  🚧 FOLDER_UPSCAYL_PROGRESS:  2.89%

[2026-08-22 09:58:02.701] [info]  🚧 FOLDER_UPSCAYL_PROGRESS:  2.91%

[2026-08-22 09:58:03.444] [info]  🚧 FOLDER_UPSCAYL_PROGRESS:  2.92%

[2026-08-22 09:58:04.195] [info]  🚧 FOLDER_UPSCAYL_PROGRESS:  2.94%

[2026-08-22 09:58:04.934] [info]  🚧 FOLDER_UPSCAYL_PROGRESS:  2.95%

[2026-08-22 09:58:05.680] [info]  🚧 FOLDER_UPSCAYL_PROGRESS:  2.97%

[2026-08-22 09:58:06.428] [info]  🚧 FOLDER_UPSCAYL_PROGRESS:  2.99%

[2026-08-22 09:58:07.167] [info]  🚧 FOLDER_UPSCAYL_PROGRESS:  3.00%

[2026-08-22 09:58:07.911] [info]  🚧 FOLDER_UPSCAYL_PROGRESS:  3.02%

[2026-08-22 09:58:08.654] [info]  🚧 FOLDER_UPSCAYL_PROGRESS:  3.03%

[2026-08-22 09:58:09.401] [info]  🚧 FOLDER_UPSCAYL_PROGRESS:  3.05%

[2026-08-22 09:58:10.144] [info]  🚧 FOLDER_UPSCAYL_PROGRESS:  3.07%

[2026-08-22 09:58:10.896] [info]  🚧 FOLDER_UPSCAYL_PROGRESS:  3.08%

[2026-08-22 09:58:11.638] [info]  🚧 FOLDER_UPSCAYL_PROGRESS:  3.10%

[2026-08-22 09:58:12.384] [info]  🚧 FOLDER_UPSCAYL_PROGRESS:  3.12%

[2026-08-22 09:58:13.131] [info]  🚧 FOLDER_UPSCAYL_PROGRESS:  3.13%

[2026-08-22 09:58:13.874] [info]  🚧 FOLDER_UPSCAYL_PROGRESS:  3.15%

[2026-08-22 09:58:14.617] [info]  🚧 FOLDER_UPSCAYL_PROGRESS:  3.16%

[2026-08-22 09:58:15.366] [info]  🚧 FOLDER_UPSCAYL_PROGRESS:  3.18%

[2026-08-22 09:58:16.108] [info]  🚧 FOLDER_UPSCAYL_PROGRESS:  3.20%

[2026-08-22 09:58:16.859] [info]  🚧 FOLDER_UPSCAYL_PROGRESS:  3.21%

[2026-08-22 09:58:17.602] [info]  🚧 FOLDER_UPSCAYL_PROGRESS:  3.23%

[2026-08-22 09:58:18.349] [info]  🚧 FOLDER_UPSCAYL_PROGRESS:  3.24%

[2026-08-22 09:58:19.086] [info]  🚧 FOLDER_UPSCAYL_PROGRESS:  3.26%

[2026-08-22 09:58:19.832] [info]  🚧 FOLDER_UPSCAYL_PROGRESS:  3.28%

[2026-08-22 09:58:20.579] [info]  🚧 FOLDER_UPSCAYL_PROGRESS:  3.29%

[2026-08-22 09:58:21.323] [info]  🚧 FOLDER_UPSCAYL_PROGRESS:  3.31%

[2026-08-22 09:58:22.068] [info]  🚧 FOLDER_UPSCAYL_PROGRESS:  3.33%

[2026-08-22 09:58:22.816] [info]  🚧 FOLDER_UPSCAYL_PROGRESS:  3.34%

[2026-08-22 09:58:23.559] [info]  🚧 FOLDER_UPSCAYL_PROGRESS:  3.36%

[2026-08-22 09:58:23.980] [info]  🚧 FOLDER_UPSCAYL_PROGRESS:  3.37%

[2026-08-22 09:58:24.785] [info]  🚧 FOLDER_UPSCAYL_PROGRESS:  3.39%

[2026-08-22 09:58:25.522] [info]  🚧 FOLDER_UPSCAYL_PROGRESS:  3.41%

[2026-08-22 09:58:26.260] [info]  🚧 FOLDER_UPSCAYL_PROGRESS:  3.42%

[2026-08-22 09:58:27.003] [info]  🚧 FOLDER_UPSCAYL_PROGRESS:  3.44%

[2026-08-22 09:58:27.743] [info]  🚧 FOLDER_UPSCAYL_PROGRESS:  3.45%

[2026-08-22 09:58:28.482] [info]  🚧 FOLDER_UPSCAYL_PROGRESS:  3.47%

[2026-08-22 09:58:29.229] [info]  🚧 FOLDER_UPSCAYL_PROGRESS:  3.49%

[2026-08-22 09:58:29.975] [info]  🚧 FOLDER_UPSCAYL_PROGRESS:  3.50%

[2026-08-22 09:58:30.719] [info]  🚧 FOLDER_UPSCAYL_PROGRESS:  3.52%

[2026-08-22 09:58:31.464] [info]  🚧 FOLDER_UPSCAYL_PROGRESS:  3.54%

[2026-08-22 09:58:32.211] [info]  🚧 FOLDER_UPSCAYL_PROGRESS:  3.55%

[2026-08-22 09:58:32.955] [info]  🚧 FOLDER_UPSCAYL_PROGRESS:  3.57%

[2026-08-22 09:58:33.700] [info]  🚧 FOLDER_UPSCAYL_PROGRESS:  3.58%

[2026-08-22 09:58:34.442] [info]  🚧 FOLDER_UPSCAYL_PROGRESS:  3.60%

[2026-08-22 09:58:35.178] [info]  🚧 FOLDER_UPSCAYL_PROGRESS:  3.62%

[2026-08-22 09:58:35.912] [info]  🚧 FOLDER_UPSCAYL_PROGRESS:  3.63%

[2026-08-22 09:58:36.652] [info]  🚧 FOLDER_UPSCAYL_PROGRESS:  3.65%

[2026-08-22 09:58:37.387] [info]  🚧 FOLDER_UPSCAYL_PROGRESS:  3.66%

[2026-08-22 09:58:38.137] [info]  🚧 FOLDER_UPSCAYL_PROGRESS:  3.68%

[2026-08-22 09:58:38.873] [info]  🚧 FOLDER_UPSCAYL_PROGRESS:  3.70%

[2026-08-22 09:58:39.615] [info]  🚧 FOLDER_UPSCAYL_PROGRESS:  3.71%

[2026-08-22 09:58:40.362] [info]  🚧 FOLDER_UPSCAYL_PROGRESS:  3.73%

[2026-08-22 09:58:41.102] [info]  🚧 FOLDER_UPSCAYL_PROGRESS:  3.74%

[2026-08-22 09:58:41.844] [info]  🚧 FOLDER_UPSCAYL_PROGRESS:  3.76%

[2026-08-22 09:58:42.587] [info]  🚧 FOLDER_UPSCAYL_PROGRESS:  3.78%

[2026-08-22 09:58:43.332] [info]  🚧 FOLDER_UPSCAYL_PROGRESS:  3.79%

[2026-08-22 09:58:44.083] [info]  🚧 FOLDER_UPSCAYL_PROGRESS:  3.81%

[2026-08-22 09:58:44.831] [info]  🚧 FOLDER_UPSCAYL_PROGRESS:  3.83%

[2026-08-22 09:58:45.576] [info]  🚧 FOLDER_UPSCAYL_PROGRESS:  3.84%

[2026-08-22 09:58:46.324] [info]  🚧 FOLDER_UPSCAYL_PROGRESS:  3.86%

[2026-08-22 09:58:47.070] [info]  🚧 FOLDER_UPSCAYL_PROGRESS:  3.87%

[2026-08-22 09:58:47.828] [info]  🚧 FOLDER_UPSCAYL_PROGRESS:  3.89%

[2026-08-22 09:58:48.565] [info]  🚧 FOLDER_UPSCAYL_PROGRESS:  3.91%

[2026-08-22 09:58:49.310] [info]  🚧 FOLDER_UPSCAYL_PROGRESS:  3.92%

[2026-08-22 09:58:50.065] [info]  🚧 FOLDER_UPSCAYL_PROGRESS:  3.94%

[2026-08-22 09:58:50.808] [info]  🚧 FOLDER_UPSCAYL_PROGRESS:  3.95%

[2026-08-22 09:58:51.548] [info]  🚧 FOLDER_UPSCAYL_PROGRESS:  3.97%

[2026-08-22 09:58:52.290] [info]  🚧 FOLDER_UPSCAYL_PROGRESS:  3.99%

[2026-08-22 09:58:53.039] [info]  🚧 FOLDER_UPSCAYL_PROGRESS:  4.00%

[2026-08-22 09:58:53.786] [info]  🚧 FOLDER_UPSCAYL_PROGRESS:  4.02%

[2026-08-22 09:58:54.534] [info]  🚧 FOLDER_UPSCAYL_PROGRESS:  4.04%

[2026-08-22 09:58:55.283] [info]  🚧 FOLDER_UPSCAYL_PROGRESS:  4.05%

[2026-08-22 09:58:56.026] [info]  🚧 FOLDER_UPSCAYL_PROGRESS:  4.07%

[2026-08-22 09:58:56.776] [info]  🚧 FOLDER_UPSCAYL_PROGRESS:  4.08%

[2026-08-22 09:58:57.526] [info]  🚧 FOLDER_UPSCAYL_PROGRESS:  4.10%

[2026-08-22 09:58:58.271] [info]  🚧 FOLDER_UPSCAYL_PROGRESS:  4.12%

[2026-08-22 09:58:59.018] [info]  🚧 FOLDER_UPSCAYL_PROGRESS:  4.13%

[2026-08-22 09:58:59.765] [info]  🚧 FOLDER_UPSCAYL_PROGRESS:  4.15%

[2026-08-22 09:59:00.512] [info]  🚧 FOLDER_UPSCAYL_PROGRESS:  4.16%

[2026-08-22 09:59:01.253] [info]  🚧 FOLDER_UPSCAYL_PROGRESS:  4.18%

[2026-08-22 09:59:01.990] [info]  🚧 FOLDER_UPSCAYL_PROGRESS:  4.20%

[2026-08-22 09:59:02.734] [info]  🚧 FOLDER_UPSCAYL_PROGRESS:  4.21%

[2026-08-22 09:59:03.475] [info]  🚧 FOLDER_UPSCAYL_PROGRESS:  4.23%

[2026-08-22 09:59:04.215] [info]  🚧 FOLDER_UPSCAYL_PROGRESS:  4.25%

[2026-08-22 09:59:04.957] [info]  🚧 FOLDER_UPSCAYL_PROGRESS:  4.26%

[2026-08-22 09:59:05.701] [info]  🚧 FOLDER_UPSCAYL_PROGRESS:  4.28%

[2026-08-22 09:59:06.442] [info]  🚧 FOLDER_UPSCAYL_PROGRESS:  4.29%

[2026-08-22 09:59:07.180] [info]  🚧 FOLDER_UPSCAYL_PROGRESS:  4.31%

[2026-08-22 09:59:07.919] [info]  🚧 FOLDER_UPSCAYL_PROGRESS:  4.33%

[2026-08-22 09:59:08.661] [info]  🚧 FOLDER_UPSCAYL_PROGRESS:  4.34%

[2026-08-22 09:59:09.406] [info]  🚧 FOLDER_UPSCAYL_PROGRESS:  4.36%

[2026-08-22 09:59:10.152] [info]  🚧 FOLDER_UPSCAYL_PROGRESS:  4.37%

[2026-08-22 09:59:10.899] [info]  🚧 FOLDER_UPSCAYL_PROGRESS:  4.39%

[2026-08-22 09:59:11.637] [info]  🚧 FOLDER_UPSCAYL_PROGRESS:  4.41%

[2026-08-22 09:59:12.380] [info]  🚧 FOLDER_UPSCAYL_PROGRESS:  4.42%

[2026-08-22 09:59:13.125] [info]  🚧 FOLDER_UPSCAYL_PROGRESS:  4.44%

[2026-08-22 09:59:13.862] [info]  🚧 FOLDER_UPSCAYL_PROGRESS:  4.46%

[2026-08-22 09:59:14.600] [info]  🚧 FOLDER_UPSCAYL_PROGRESS:  4.47%

[2026-08-22 09:59:15.337] [info]  🚧 FOLDER_UPSCAYL_PROGRESS:  4.49%

[2026-08-22 09:59:16.076] [info]  🚧 FOLDER_UPSCAYL_PROGRESS:  4.50%

[2026-08-22 09:59:16.814] [info]  🚧 FOLDER_UPSCAYL_PROGRESS:  4.52%

[2026-08-22 09:59:17.564] [info]  🚧 FOLDER_UPSCAYL_PROGRESS:  4.54%

[2026-08-22 09:59:18.314] [info]  🚧 FOLDER_UPSCAYL_PROGRESS:  4.55%

[2026-08-22 09:59:19.051] [info]  🚧 FOLDER_UPSCAYL_PROGRESS:  4.57%

[2026-08-22 09:59:19.798] [info]  🚧 FOLDER_UPSCAYL_PROGRESS:  4.58%

[2026-08-22 09:59:20.544] [info]  🚧 FOLDER_UPSCAYL_PROGRESS:  4.60%

[2026-08-22 09:59:21.286] [info]  🚧 FOLDER_UPSCAYL_PROGRESS:  4.62%

[2026-08-22 09:59:22.035] [info]  🚧 FOLDER_UPSCAYL_PROGRESS:  4.63%

[2026-08-22 09:59:22.779] [info]  🚧 FOLDER_UPSCAYL_PROGRESS:  4.65%

[2026-08-22 09:59:23.530] [info]  🚧 FOLDER_UPSCAYL_PROGRESS:  4.67%

[2026-08-22 09:59:24.275] [info]  🚧 FOLDER_UPSCAYL_PROGRESS:  4.68%

[2026-08-22 09:59:25.015] [info]  🚧 FOLDER_UPSCAYL_PROGRESS:  4.70%

[2026-08-22 09:59:25.764] [info]  🚧 FOLDER_UPSCAYL_PROGRESS:  4.71%

[2026-08-22 09:59:26.509] [info]  🚧 FOLDER_UPSCAYL_PROGRESS:  4.73%

[2026-08-22 09:59:27.249] [info]  🚧 FOLDER_UPSCAYL_PROGRESS:  4.75%

[2026-08-22 09:59:27.988] [info]  🚧 FOLDER_UPSCAYL_PROGRESS:  4.76%

[2026-08-22 09:59:28.735] [info]  🚧 FOLDER_UPSCAYL_PROGRESS:  4.78%

[2026-08-22 09:59:29.485] [info]  🚧 FOLDER_UPSCAYL_PROGRESS:  4.79%

[2026-08-22 09:59:30.232] [info]  🚧 FOLDER_UPSCAYL_PROGRESS:  4.81%

[2026-08-22 09:59:30.984] [info]  🚧 FOLDER_UPSCAYL_PROGRESS:  4.83%

[2026-08-22 09:59:31.738] [info]  🚧 FOLDER_UPSCAYL_PROGRESS:  4.84%

[2026-08-22 09:59:32.498] [info]  🚧 FOLDER_UPSCAYL_PROGRESS:  4.86%

[2026-08-22 09:59:33.244] [info]  🚧 FOLDER_UPSCAYL_PROGRESS:  4.87%

[2026-08-22 09:59:33.992] [info]  🚧 FOLDER_UPSCAYL_PROGRESS:  4.89%

[2026-08-22 09:59:34.742] [info]  🚧 FOLDER_UPSCAYL_PROGRESS:  4.91%

[2026-08-22 09:59:35.489] [info]  🚧 FOLDER_UPSCAYL_PROGRESS:  4.92%

[2026-08-22 09:59:36.247] [info]  🚧 FOLDER_UPSCAYL_PROGRESS:  4.94%

[2026-08-22 09:59:36.994] [info]  🚧 FOLDER_UPSCAYL_PROGRESS:  4.96%

[2026-08-22 09:59:37.749] [info]  🚧 FOLDER_UPSCAYL_PROGRESS:  4.97%

[2026-08-22 09:59:38.491] [info]  🚧 FOLDER_UPSCAYL_PROGRESS:  4.99%

[2026-08-22 09:59:39.240] [info]  🚧 FOLDER_UPSCAYL_PROGRESS:  5.00%

[2026-08-22 09:59:39.980] [info]  🚧 FOLDER_UPSCAYL_PROGRESS:  5.02%

[2026-08-22 09:59:40.722] [info]  🚧 FOLDER_UPSCAYL_PROGRESS:  5.04%

[2026-08-22 09:59:41.475] [info]  🚧 FOLDER_UPSCAYL_PROGRESS:  5.05%

[2026-08-22 09:59:41.901] [info]  🚧 FOLDER_UPSCAYL_PROGRESS:  5.07%

[2026-08-22 09:59:42.697] [info]  🚧 FOLDER_UPSCAYL_PROGRESS:  5.08%

[2026-08-22 09:59:43.439] [info]  🚧 FOLDER_UPSCAYL_PROGRESS:  5.10%

[2026-08-22 09:59:44.177] [info]  🚧 FOLDER_UPSCAYL_PROGRESS:  5.12%

[2026-08-22 09:59:44.914] [info]  🚧 FOLDER_UPSCAYL_PROGRESS:  5.13%

[2026-08-22 09:59:45.651] [info]  🚧 FOLDER_UPSCAYL_PROGRESS:  5.15%

[2026-08-22 09:59:46.390] [info]  🚧 FOLDER_UPSCAYL_PROGRESS:  5.17%

[2026-08-22 09:59:47.132] [info]  🚧 FOLDER_UPSCAYL_PROGRESS:  5.18%

[2026-08-22 09:59:47.874] [info]  🚧 FOLDER_UPSCAYL_PROGRESS:  5.20%

[2026-08-22 09:59:48.614] [info]  🚧 FOLDER_UPSCAYL_PROGRESS:  5.21%

[2026-08-22 09:59:49.354] [info]  🚧 FOLDER_UPSCAYL_PROGRESS:  5.23%

[2026-08-22 09:59:50.090] [info]  🚧 FOLDER_UPSCAYL_PROGRESS:  5.25%

[2026-08-22 09:59:50.827] [info]  🚧 FOLDER_UPSCAYL_PROGRESS:  5.26%

[2026-08-22 09:59:51.565] [info]  🚧 FOLDER_UPSCAYL_PROGRESS:  5.28%

[2026-08-22 09:59:52.312] [info]  🚧 FOLDER_UPSCAYL_PROGRESS:  5.29%

[2026-08-22 09:59:53.047] [info]  🚧 FOLDER_UPSCAYL_PROGRESS:  5.31%

[2026-08-22 09:59:53.790] [info]  🚧 FOLDER_UPSCAYL_PROGRESS:  5.33%

[2026-08-22 09:59:54.536] [info]  🚧 FOLDER_UPSCAYL_PROGRESS:  5.34%

[2026-08-22 09:59:55.275] [info]  🚧 FOLDER_UPSCAYL_PROGRESS:  5.36%

[2026-08-22 09:59:56.017] [info]  🚧 FOLDER_UPSCAYL_PROGRESS:  5.38%

[2026-08-22 09:59:56.762] [info]  🚧 FOLDER_UPSCAYL_PROGRESS:  5.39%

[2026-08-22 09:59:57.510] [info]  🚧 FOLDER_UPSCAYL_PROGRESS:  5.41%

[2026-08-22 09:59:58.260] [info]  🚧 FOLDER_UPSCAYL_PROGRESS:  5.42%

[2026-08-22 09:59:59.008] [info]  🚧 FOLDER_UPSCAYL_PROGRESS:  5.44%

[2026-08-22 09:59:59.759] [info]  🚧 FOLDER_UPSCAYL_PROGRESS:  5.46%

[2026-08-22 10:00:00.507] [info]  🚧 FOLDER_UPSCAYL_PROGRESS:  5.47%

[2026-08-22 10:00:01.258] [info]  🚧 FOLDER_UPSCAYL_PROGRESS:  5.49%

[2026-08-22 10:00:02.002] [info]  🚧 FOLDER_UPSCAYL_PROGRESS:  5.50%

[2026-08-22 10:00:02.746] [info]  🚧 FOLDER_UPSCAYL_PROGRESS:  5.52%

[2026-08-22 10:00:03.497] [info]  🚧 FOLDER_UPSCAYL_PROGRESS:  5.54%

[2026-08-22 10:00:04.244] [info]  🚧 FOLDER_UPSCAYL_PROGRESS:  5.55%

[2026-08-22 10:00:04.991] [info]  🚧 FOLDER_UPSCAYL_PROGRESS:  5.57%

[2026-08-22 10:00:05.743] [info]  🚧 FOLDER_UPSCAYL_PROGRESS:  5.59%

[2026-08-22 10:00:06.493] [info]  🚧 FOLDER_UPSCAYL_PROGRESS:  5.60%

[2026-08-22 10:00:07.240] [info]  🚧 FOLDER_UPSCAYL_PROGRESS:  5.62%

[2026-08-22 10:00:07.987] [info]  🚧 FOLDER_UPSCAYL_PROGRESS:  5.63%

[2026-08-22 10:00:08.739] [info]  🚧 FOLDER_UPSCAYL_PROGRESS:  5.65%

[2026-08-22 10:00:09.488] [info]  🚧 FOLDER_UPSCAYL_PROGRESS:  5.67%

[2026-08-22 10:00:10.236] [info]  🚧 FOLDER_UPSCAYL_PROGRESS:  5.68%

[2026-08-22 10:00:10.987] [info]  🚧 FOLDER_UPSCAYL_PROGRESS:  5.70%

[2026-08-22 10:00:11.738] [info]  🚧 FOLDER_UPSCAYL_PROGRESS:  5.71%

[2026-08-22 10:00:12.489] [info]  🚧 FOLDER_UPSCAYL_PROGRESS:  5.73%

[2026-08-22 10:00:13.226] [info]  🚧 FOLDER_UPSCAYL_PROGRESS:  5.75%

[2026-08-22 10:00:13.964] [info]  🚧 FOLDER_UPSCAYL_PROGRESS:  5.76%

[2026-08-22 10:00:14.703] [info]  🚧 FOLDER_UPSCAYL_PROGRESS:  5.78%

[2026-08-22 10:00:15.459] [info]  🚧 FOLDER_UPSCAYL_PROGRESS:  5.79%

[2026-08-22 10:00:16.206] [info]  🚧 FOLDER_UPSCAYL_PROGRESS:  5.81%

[2026-08-22 10:00:16.949] [info]  🚧 FOLDER_UPSCAYL_PROGRESS:  5.83%

[2026-08-22 10:00:17.688] [info]  🚧 FOLDER_UPSCAYL_PROGRESS:  5.84%

[2026-08-22 10:00:18.432] [info]  🚧 FOLDER_UPSCAYL_PROGRESS:  5.86%

[2026-08-22 10:00:19.177] [info]  🚧 FOLDER_UPSCAYL_PROGRESS:  5.88%

[2026-08-22 10:00:19.921] [info]  🚧 FOLDER_UPSCAYL_PROGRESS:  5.89%

[2026-08-22 10:00:20.664] [info]  🚧 FOLDER_UPSCAYL_PROGRESS:  5.91%

[2026-08-22 10:00:21.400] [info]  🚧 FOLDER_UPSCAYL_PROGRESS:  5.92%

[2026-08-22 10:00:22.147] [info]  🚧 FOLDER_UPSCAYL_PROGRESS:  5.94%

[2026-08-22 10:00:22.901] [info]  🚧 FOLDER_UPSCAYL_PROGRESS:  5.96%

[2026-08-22 10:00:23.652] [info]  🚧 FOLDER_UPSCAYL_PROGRESS:  5.97%

[2026-08-22 10:00:24.402] [info]  🚧 FOLDER_UPSCAYL_PROGRESS:  5.99%

[2026-08-22 10:00:25.151] [info]  🚧 FOLDER_UPSCAYL_PROGRESS:  6.00%

[2026-08-22 10:00:25.895] [info]  🚧 FOLDER_UPSCAYL_PROGRESS:  6.02%

[2026-08-22 10:00:26.646] [info]  🚧 FOLDER_UPSCAYL_PROGRESS:  6.04%

[2026-08-22 10:00:27.397] [info]  🚧 FOLDER_UPSCAYL_PROGRESS:  6.05%

[2026-08-22 10:00:28.147] [info]  🚧 FOLDER_UPSCAYL_PROGRESS:  6.07%

[2026-08-22 10:00:28.898] [info]  🚧 FOLDER_UPSCAYL_PROGRESS:  6.09%

[2026-08-22 10:00:29.634] [info]  🚧 FOLDER_UPSCAYL_PROGRESS:  6.10%

[2026-08-22 10:00:30.384] [info]  🚧 FOLDER_UPSCAYL_PROGRESS:  6.12%

[2026-08-22 10:00:31.132] [info]  🚧 FOLDER_UPSCAYL_PROGRESS:  6.13%

[2026-08-22 10:00:31.879] [info]  🚧 FOLDER_UPSCAYL_PROGRESS:  6.15%

[2026-08-22 10:00:32.626] [info]  🚧 FOLDER_UPSCAYL_PROGRESS:  6.17%

[2026-08-22 10:00:33.373] [info]  🚧 FOLDER_UPSCAYL_PROGRESS:  6.18%

[2026-08-22 10:00:34.126] [info]  🚧 FOLDER_UPSCAYL_PROGRESS:  6.20%

[2026-08-22 10:00:34.880] [info]  🚧 FOLDER_UPSCAYL_PROGRESS:  6.21%

[2026-08-22 10:00:35.629] [info]  🚧 FOLDER_UPSCAYL_PROGRESS:  6.23%

[2026-08-22 10:00:36.379] [info]  🚧 FOLDER_UPSCAYL_PROGRESS:  6.25%

[2026-08-22 10:00:37.130] [info]  🚧 FOLDER_UPSCAYL_PROGRESS:  6.26%

[2026-08-22 10:00:37.884] [info]  🚧 FOLDER_UPSCAYL_PROGRESS:  6.28%

[2026-08-22 10:00:38.634] [info]  🚧 FOLDER_UPSCAYL_PROGRESS:  6.30%

[2026-08-22 10:00:39.392] [info]  🚧 FOLDER_UPSCAYL_PROGRESS:  6.31%

[2026-08-22 10:00:40.135] [info]  🚧 FOLDER_UPSCAYL_PROGRESS:  6.33%

[2026-08-22 10:00:40.897] [info]  🚧 FOLDER_UPSCAYL_PROGRESS:  6.34%

[2026-08-22 10:00:41.651] [info]  🚧 FOLDER_UPSCAYL_PROGRESS:  6.36%

[2026-08-22 10:00:42.412] [info]  🚧 FOLDER_UPSCAYL_PROGRESS:  6.38%

[2026-08-22 10:00:43.152] [info]  🚧 FOLDER_UPSCAYL_PROGRESS:  6.39%

[2026-08-22 10:00:43.913] [info]  🚧 FOLDER_UPSCAYL_PROGRESS:  6.41%

[2026-08-22 10:00:44.668] [info]  🚧 FOLDER_UPSCAYL_PROGRESS:  6.42%

[2026-08-22 10:00:45.419] [info]  🚧 FOLDER_UPSCAYL_PROGRESS:  6.44%

[2026-08-22 10:00:46.180] [info]  🚧 FOLDER_UPSCAYL_PROGRESS:  6.46%

[2026-08-22 10:00:46.930] [info]  🚧 FOLDER_UPSCAYL_PROGRESS:  6.47%

[2026-08-22 10:00:47.691] [info]  🚧 FOLDER_UPSCAYL_PROGRESS:  6.49%

[2026-08-22 10:00:48.442] [info]  🚧 FOLDER_UPSCAYL_PROGRESS:  6.51%

[2026-08-22 10:00:49.197] [info]  🚧 FOLDER_UPSCAYL_PROGRESS:  6.52%

[2026-08-22 10:00:49.943] [info]  🚧 FOLDER_UPSCAYL_PROGRESS:  6.54%

[2026-08-22 10:00:50.707] [info]  🚧 FOLDER_UPSCAYL_PROGRESS:  6.55%

[2026-08-22 10:00:51.461] [info]  🚧 FOLDER_UPSCAYL_PROGRESS:  6.57%

[2026-08-22 10:00:52.217] [info]  🚧 FOLDER_UPSCAYL_PROGRESS:  6.59%

[2026-08-22 10:00:52.961] [info]  🚧 FOLDER_UPSCAYL_PROGRESS:  6.60%

[2026-08-22 10:00:53.719] [info]  🚧 FOLDER_UPSCAYL_PROGRESS:  6.62%

[2026-08-22 10:00:54.467] [info]  🚧 FOLDER_UPSCAYL_PROGRESS:  6.63%

[2026-08-22 10:00:55.209] [info]  🚧 FOLDER_UPSCAYL_PROGRESS:  6.65%

[2026-08-22 10:00:55.954] [info]  🚧 FOLDER_UPSCAYL_PROGRESS:  6.67%

[2026-08-22 10:00:56.710] [info]  🚧 FOLDER_UPSCAYL_PROGRESS:  6.68%

[2026-08-22 10:00:57.450] [info]  🚧 FOLDER_UPSCAYL_PROGRESS:  6.70%

[2026-08-22 10:00:58.206] [info]  🚧 FOLDER_UPSCAYL_PROGRESS:  6.72%

[2026-08-22 10:00:58.969] [info]  🚧 FOLDER_UPSCAYL_PROGRESS:  6.73%

[2026-08-22 10:00:59.716] [info]  🚧 FOLDER_UPSCAYL_PROGRESS:  6.75%

[2026-08-22 10:01:00.148] [info]  🚧 FOLDER_UPSCAYL_PROGRESS:  6.76%

[2026-08-22 10:01:00.940] [info]  🚧 FOLDER_UPSCAYL_PROGRESS:  6.78%

[2026-08-22 10:01:01.687] [info]  🚧 FOLDER_UPSCAYL_PROGRESS:  6.80%

[2026-08-22 10:01:02.435] [info]  🚧 FOLDER_UPSCAYL_PROGRESS:  6.81%

[2026-08-22 10:01:03.174] [info]  🚧 FOLDER_UPSCAYL_PROGRESS:  6.83%

[2026-08-22 10:01:03.921] [info]  🚧 FOLDER_UPSCAYL_PROGRESS:  6.84%

[2026-08-22 10:01:04.663] [info]  🚧 FOLDER_UPSCAYL_PROGRESS:  6.86%

[2026-08-22 10:01:05.406] [info]  🚧 FOLDER_UPSCAYL_PROGRESS:  6.88%

[2026-08-22 10:01:06.159] [info]  🚧 FOLDER_UPSCAYL_PROGRESS:  6.89%

[2026-08-22 10:01:06.895] [info]  🚧 FOLDER_UPSCAYL_PROGRESS:  6.91%

[2026-08-22 10:01:07.639] [info]  🚧 FOLDER_UPSCAYL_PROGRESS:  6.92%

[2026-08-22 10:01:08.380] [info]  🚧 FOLDER_UPSCAYL_PROGRESS:  6.94%

[2026-08-22 10:01:09.121] [info]  🚧 FOLDER_UPSCAYL_PROGRESS:  6.96%

[2026-08-22 10:01:09.860] [info]  🚧 FOLDER_UPSCAYL_PROGRESS:  6.97%

[2026-08-22 10:01:10.606] [info]  🚧 FOLDER_UPSCAYL_PROGRESS:  6.99%

[2026-08-22 10:01:11.341] [info]  🚧 FOLDER_UPSCAYL_PROGRESS:  7.01%

[2026-08-22 10:01:12.084] [info]  🚧 FOLDER_UPSCAYL_PROGRESS:  7.02%

[2026-08-22 10:01:12.830] [info]  🚧 FOLDER_UPSCAYL_PROGRESS:  7.04%

[2026-08-22 10:01:13.571] [info]  🚧 FOLDER_UPSCAYL_PROGRESS:  7.05%

[2026-08-22 10:01:14.314] [info]  🚧 FOLDER_UPSCAYL_PROGRESS:  7.07%

[2026-08-22 10:01:15.056] [info]  🚧 FOLDER_UPSCAYL_PROGRESS:  7.09%

[2026-08-22 10:01:15.798] [info]  🚧 FOLDER_UPSCAYL_PROGRESS:  7.10%

[2026-08-22 10:01:16.536] [info]  🚧 FOLDER_UPSCAYL_PROGRESS:  7.12%

[2026-08-22 10:01:17.278] [info]  🚧 FOLDER_UPSCAYL_PROGRESS:  7.13%

[2026-08-22 10:01:18.024] [info]  🚧 FOLDER_UPSCAYL_PROGRESS:  7.15%

[2026-08-22 10:01:18.768] [info]  🚧 FOLDER_UPSCAYL_PROGRESS:  7.17%

[2026-08-22 10:01:19.510] [info]  🚧 FOLDER_UPSCAYL_PROGRESS:  7.18%

[2026-08-22 10:01:20.258] [info]  🚧 FOLDER_UPSCAYL_PROGRESS:  7.20%

[2026-08-22 10:01:21.006] [info]  🚧 FOLDER_UPSCAYL_PROGRESS:  7.22%

[2026-08-22 10:01:21.756] [info]  🚧 FOLDER_UPSCAYL_PROGRESS:  7.23%

[2026-08-22 10:01:22.503] [info]  🚧 FOLDER_UPSCAYL_PROGRESS:  7.25%

[2026-08-22 10:01:23.251] [info]  🚧 FOLDER_UPSCAYL_PROGRESS:  7.26%

[2026-08-22 10:01:23.988] [info]  🚧 FOLDER_UPSCAYL_PROGRESS:  7.28%

[2026-08-22 10:01:24.743] [info]  🚧 FOLDER_UPSCAYL_PROGRESS:  7.30%

[2026-08-22 10:01:25.487] [info]  🚧 FOLDER_UPSCAYL_PROGRESS:  7.31%

[2026-08-22 10:01:26.221] [info]  🚧 FOLDER_UPSCAYL_PROGRESS:  7.33%

[2026-08-22 10:01:26.964] [info]  🚧 FOLDER_UPSCAYL_PROGRESS:  7.34%

[2026-08-22 10:01:27.705] [info]  🚧 FOLDER_UPSCAYL_PROGRESS:  7.36%

[2026-08-22 10:01:28.443] [info]  🚧 FOLDER_UPSCAYL_PROGRESS:  7.38%

[2026-08-22 10:01:29.188] [info]  🚧 FOLDER_UPSCAYL_PROGRESS:  7.39%

[2026-08-22 10:01:29.935] [info]  🚧 FOLDER_UPSCAYL_PROGRESS:  7.41%

[2026-08-22 10:01:30.677] [info]  🚧 FOLDER_UPSCAYL_PROGRESS:  7.43%

[2026-08-22 10:01:31.423] [info]  🚧 FOLDER_UPSCAYL_PROGRESS:  7.44%

[2026-08-22 10:01:32.162] [info]  🚧 FOLDER_UPSCAYL_PROGRESS:  7.46%

[2026-08-22 10:01:32.892] [info]  🚧 FOLDER_UPSCAYL_PROGRESS:  7.47%

[2026-08-22 10:01:33.633] [info]  🚧 FOLDER_UPSCAYL_PROGRESS:  7.49%

[2026-08-22 10:01:34.374] [info]  🚧 FOLDER_UPSCAYL_PROGRESS:  7.51%

[2026-08-22 10:01:35.121] [info]  🚧 FOLDER_UPSCAYL_PROGRESS:  7.52%

[2026-08-22 10:01:35.870] [info]  🚧 FOLDER_UPSCAYL_PROGRESS:  7.54%

[2026-08-22 10:01:36.608] [info]  🚧 FOLDER_UPSCAYL_PROGRESS:  7.55%

[2026-08-22 10:01:37.355] [info]  🚧 FOLDER_UPSCAYL_PROGRESS:  7.57%

[2026-08-22 10:01:38.103] [info]  🚧 FOLDER_UPSCAYL_PROGRESS:  7.59%

[2026-08-22 10:01:38.843] [info]  🚧 FOLDER_UPSCAYL_PROGRESS:  7.60%

[2026-08-22 10:01:39.587] [info]  🚧 FOLDER_UPSCAYL_PROGRESS:  7.62%

[2026-08-22 10:01:40.328] [info]  🚧 FOLDER_UPSCAYL_PROGRESS:  7.64%

[2026-08-22 10:01:41.075] [info]  🚧 FOLDER_UPSCAYL_PROGRESS:  7.65%

[2026-08-22 10:01:41.817] [info]  🚧 FOLDER_UPSCAYL_PROGRESS:  7.67%

[2026-08-22 10:01:42.559] [info]  🚧 FOLDER_UPSCAYL_PROGRESS:  7.68%

[2026-08-22 10:01:43.301] [info]  🚧 FOLDER_UPSCAYL_PROGRESS:  7.70%

[2026-08-22 10:01:44.048] [info]  🚧 FOLDER_UPSCAYL_PROGRESS:  7.72%

[2026-08-22 10:01:44.786] [info]  🚧 FOLDER_UPSCAYL_PROGRESS:  7.73%

[2026-08-22 10:01:45.531] [info]  🚧 FOLDER_UPSCAYL_PROGRESS:  7.75%

[2026-08-22 10:01:46.271] [info]  🚧 FOLDER_UPSCAYL_PROGRESS:  7.76%

[2026-08-22 10:01:47.020] [info]  🚧 FOLDER_UPSCAYL_PROGRESS:  7.78%

[2026-08-22 10:01:47.758] [info]  🚧 FOLDER_UPSCAYL_PROGRESS:  7.80%

[2026-08-22 10:01:48.500] [info]  🚧 FOLDER_UPSCAYL_PROGRESS:  7.81%

[2026-08-22 10:01:49.239] [info]  🚧 FOLDER_UPSCAYL_PROGRESS:  7.83%

[2026-08-22 10:01:49.974] [info]  🚧 FOLDER_UPSCAYL_PROGRESS:  7.85%

[2026-08-22 10:01:50.712] [info]  🚧 FOLDER_UPSCAYL_PROGRESS:  7.86%

[2026-08-22 10:01:51.455] [info]  🚧 FOLDER_UPSCAYL_PROGRESS:  7.88%

[2026-08-22 10:01:52.192] [info]  🚧 FOLDER_UPSCAYL_PROGRESS:  7.89%

[2026-08-22 10:01:52.939] [info]  🚧 FOLDER_UPSCAYL_PROGRESS:  7.91%

[2026-08-22 10:01:53.682] [info]  🚧 FOLDER_UPSCAYL_PROGRESS:  7.93%

[2026-08-22 10:01:54.423] [info]  🚧 FOLDER_UPSCAYL_PROGRESS:  7.94%

[2026-08-22 10:01:55.169] [info]  🚧 FOLDER_UPSCAYL_PROGRESS:  7.96%

[2026-08-22 10:01:55.913] [info]  🚧 FOLDER_UPSCAYL_PROGRESS:  7.97%

[2026-08-22 10:01:56.655] [info]  🚧 FOLDER_UPSCAYL_PROGRESS:  7.99%

[2026-08-22 10:01:57.404] [info]  🚧 FOLDER_UPSCAYL_PROGRESS:  8.01%

[2026-08-22 10:01:58.135] [info]  🚧 FOLDER_UPSCAYL_PROGRESS:  8.02%

[2026-08-22 10:01:58.886] [info]  🚧 FOLDER_UPSCAYL_PROGRESS:  8.04%

[2026-08-22 10:01:59.621] [info]  🚧 FOLDER_UPSCAYL_PROGRESS:  8.05%

[2026-08-22 10:02:00.376] [info]  🚧 FOLDER_UPSCAYL_PROGRESS:  8.07%

[2026-08-22 10:02:01.132] [info]  🚧 FOLDER_UPSCAYL_PROGRESS:  8.09%

[2026-08-22 10:02:01.881] [info]  🚧 FOLDER_UPSCAYL_PROGRESS:  8.10%

[2026-08-22 10:02:02.628] [info]  🚧 FOLDER_UPSCAYL_PROGRESS:  8.12%

[2026-08-22 10:02:03.372] [info]  🚧 FOLDER_UPSCAYL_PROGRESS:  8.14%

[2026-08-22 10:02:04.127] [info]  🚧 FOLDER_UPSCAYL_PROGRESS:  8.15%

[2026-08-22 10:02:04.873] [info]  🚧 FOLDER_UPSCAYL_PROGRESS:  8.17%

[2026-08-22 10:02:05.614] [info]  🚧 FOLDER_UPSCAYL_PROGRESS:  8.18%

[2026-08-22 10:02:06.360] [info]  🚧 FOLDER_UPSCAYL_PROGRESS:  8.20%

[2026-08-22 10:02:07.114] [info]  🚧 FOLDER_UPSCAYL_PROGRESS:  8.22%

[2026-08-22 10:02:07.864] [info]  🚧 FOLDER_UPSCAYL_PROGRESS:  8.23%

[2026-08-22 10:02:08.604] [info]  🚧 FOLDER_UPSCAYL_PROGRESS:  8.25%

[2026-08-22 10:02:09.349] [info]  🚧 FOLDER_UPSCAYL_PROGRESS:  8.26%

[2026-08-22 10:02:10.093] [info]  🚧 FOLDER_UPSCAYL_PROGRESS:  8.28%

[2026-08-22 10:02:10.841] [info]  🚧 FOLDER_UPSCAYL_PROGRESS:  8.30%

[2026-08-22 10:02:11.589] [info]  🚧 FOLDER_UPSCAYL_PROGRESS:  8.31%

[2026-08-22 10:02:12.342] [info]  🚧 FOLDER_UPSCAYL_PROGRESS:  8.33%

[2026-08-22 10:02:13.091] [info]  🚧 FOLDER_UPSCAYL_PROGRESS:  8.35%

[2026-08-22 10:02:13.836] [info]  🚧 FOLDER_UPSCAYL_PROGRESS:  8.36%

[2026-08-22 10:02:14.578] [info]  🚧 FOLDER_UPSCAYL_PROGRESS:  8.38%

[2026-08-22 10:02:15.320] [info]  🚧 FOLDER_UPSCAYL_PROGRESS:  8.39%

[2026-08-22 10:02:16.067] [info]  🚧 FOLDER_UPSCAYL_PROGRESS:  8.41%

[2026-08-22 10:02:16.819] [info]  🚧 FOLDER_UPSCAYL_PROGRESS:  8.43%

[2026-08-22 10:02:17.566] [info]  🚧 FOLDER_UPSCAYL_PROGRESS:  8.44%

[2026-08-22 10:02:17.991] [info]  🚧 FOLDER_UPSCAYL_PROGRESS:  8.46%

[2026-08-22 10:02:18.798] [info]  🚧 FOLDER_UPSCAYL_PROGRESS:  8.47%

[2026-08-22 10:02:19.529] [info]  🚧 FOLDER_UPSCAYL_PROGRESS:  8.49%

[2026-08-22 10:02:20.270] [info]  🚧 FOLDER_UPSCAYL_PROGRESS:  8.51%

[2026-08-22 10:02:21.007] [info]  🚧 FOLDER_UPSCAYL_PROGRESS:  8.52%

[2026-08-22 10:02:21.744] [info]  🚧 FOLDER_UPSCAYL_PROGRESS:  8.54%

[2026-08-22 10:02:22.485] [info]  🚧 FOLDER_UPSCAYL_PROGRESS:  8.56%

[2026-08-22 10:02:23.220] [info]  🚧 FOLDER_UPSCAYL_PROGRESS:  8.57%

[2026-08-22 10:02:23.956] [info]  🚧 FOLDER_UPSCAYL_PROGRESS:  8.59%

[2026-08-22 10:02:24.695] [info]  🚧 FOLDER_UPSCAYL_PROGRESS:  8.60%

[2026-08-22 10:02:25.441] [info]  🚧 FOLDER_UPSCAYL_PROGRESS:  8.62%

[2026-08-22 10:02:26.183] [info]  🚧 FOLDER_UPSCAYL_PROGRESS:  8.64%

[2026-08-22 10:02:26.922] [info]  🚧 FOLDER_UPSCAYL_PROGRESS:  8.65%

[2026-08-22 10:02:27.669] [info]  🚧 FOLDER_UPSCAYL_PROGRESS:  8.67%

[2026-08-22 10:02:28.415] [info]  🚧 FOLDER_UPSCAYL_PROGRESS:  8.68%

[2026-08-22 10:02:29.159] [info]  🚧 FOLDER_UPSCAYL_PROGRESS:  8.70%

[2026-08-22 10:02:29.903] [info]  🚧 FOLDER_UPSCAYL_PROGRESS:  8.72%

[2026-08-22 10:02:30.653] [info]  🚧 FOLDER_UPSCAYL_PROGRESS:  8.73%

[2026-08-22 10:02:31.406] [info]  🚧 FOLDER_UPSCAYL_PROGRESS:  8.75%

[2026-08-22 10:02:32.158] [info]  🚧 FOLDER_UPSCAYL_PROGRESS:  8.77%

[2026-08-22 10:02:32.905] [info]  🚧 FOLDER_UPSCAYL_PROGRESS:  8.78%

[2026-08-22 10:02:33.655] [info]  🚧 FOLDER_UPSCAYL_PROGRESS:  8.80%

[2026-08-22 10:02:34.409] [info]  🚧 FOLDER_UPSCAYL_PROGRESS:  8.81%

[2026-08-22 10:02:35.160] [info]  🚧 FOLDER_UPSCAYL_PROGRESS:  8.83%

[2026-08-22 10:02:35.913] [info]  🚧 FOLDER_UPSCAYL_PROGRESS:  8.85%

[2026-08-22 10:02:36.658] [info]  🚧 FOLDER_UPSCAYL_PROGRESS:  8.86%

[2026-08-22 10:02:37.407] [info]  🚧 FOLDER_UPSCAYL_PROGRESS:  8.88%

[2026-08-22 10:02:38.144] [info]  🚧 FOLDER_UPSCAYL_PROGRESS:  8.89%

[2026-08-22 10:02:38.899] [info]  🚧 FOLDER_UPSCAYL_PROGRESS:  8.91%

[2026-08-22 10:02:39.646] [info]  🚧 FOLDER_UPSCAYL_PROGRESS:  8.93%

[2026-08-22 10:02:40.389] [info]  🚧 FOLDER_UPSCAYL_PROGRESS:  8.94%

[2026-08-22 10:02:41.134] [info]  🚧 FOLDER_UPSCAYL_PROGRESS:  8.96%

[2026-08-22 10:02:41.882] [info]  🚧 FOLDER_UPSCAYL_PROGRESS:  8.97%

[2026-08-22 10:02:42.635] [info]  🚧 FOLDER_UPSCAYL_PROGRESS:  8.99%

[2026-08-22 10:02:43.392] [info]  🚧 FOLDER_UPSCAYL_PROGRESS:  9.01%

[2026-08-22 10:02:44.134] [info]  🚧 FOLDER_UPSCAYL_PROGRESS:  9.02%

[2026-08-22 10:02:44.900] [info]  🚧 FOLDER_UPSCAYL_PROGRESS:  9.04%

[2026-08-22 10:02:45.644] [info]  🚧 FOLDER_UPSCAYL_PROGRESS:  9.06%

[2026-08-22 10:02:46.396] [info]  🚧 FOLDER_UPSCAYL_PROGRESS:  9.07%

[2026-08-22 10:02:47.141] [info]  🚧 FOLDER_UPSCAYL_PROGRESS:  9.09%

[2026-08-22 10:02:47.887] [info]  🚧 FOLDER_UPSCAYL_PROGRESS:  9.10%

[2026-08-22 10:02:48.634] [info]  🚧 FOLDER_UPSCAYL_PROGRESS:  9.12%

[2026-08-22 10:02:49.385] [info]  🚧 FOLDER_UPSCAYL_PROGRESS:  9.14%

[2026-08-22 10:02:50.133] [info]  🚧 FOLDER_UPSCAYL_PROGRESS:  9.15%

[2026-08-22 10:02:50.878] [info]  🚧 FOLDER_UPSCAYL_PROGRESS:  9.17%

[2026-08-22 10:02:51.626] [info]  🚧 FOLDER_UPSCAYL_PROGRESS:  9.18%

[2026-08-22 10:02:52.376] [info]  🚧 FOLDER_UPSCAYL_PROGRESS:  9.20%

[2026-08-22 10:02:53.116] [info]  🚧 FOLDER_UPSCAYL_PROGRESS:  9.22%

[2026-08-22 10:02:53.869] [info]  🚧 FOLDER_UPSCAYL_PROGRESS:  9.23%

[2026-08-22 10:02:54.618] [info]  🚧 FOLDER_UPSCAYL_PROGRESS:  9.25%

[2026-08-22 10:02:55.373] [info]  🚧 FOLDER_UPSCAYL_PROGRESS:  9.27%

[2026-08-22 10:02:56.129] [info]  🚧 FOLDER_UPSCAYL_PROGRESS:  9.28%

[2026-08-22 10:02:56.873] [info]  🚧 FOLDER_UPSCAYL_PROGRESS:  9.30%

[2026-08-22 10:02:57.626] [info]  🚧 FOLDER_UPSCAYL_PROGRESS:  9.31%

[2026-08-22 10:02:58.376] [info]  🚧 FOLDER_UPSCAYL_PROGRESS:  9.33%

[2026-08-22 10:02:59.129] [info]  🚧 FOLDER_UPSCAYL_PROGRESS:  9.35%

[2026-08-22 10:02:59.866] [info]  🚧 FOLDER_UPSCAYL_PROGRESS:  9.36%

[2026-08-22 10:03:00.611] [info]  🚧 FOLDER_UPSCAYL_PROGRESS:  9.38%

[2026-08-22 10:03:01.359] [info]  🚧 FOLDER_UPSCAYL_PROGRESS:  9.39%

[2026-08-22 10:03:02.108] [info]  🚧 FOLDER_UPSCAYL_PROGRESS:  9.41%

[2026-08-22 10:03:02.859] [info]  🚧 FOLDER_UPSCAYL_PROGRESS:  9.43%

[2026-08-22 10:03:03.608] [info]  🚧 FOLDER_UPSCAYL_PROGRESS:  9.44%

[2026-08-22 10:03:04.354] [info]  🚧 FOLDER_UPSCAYL_PROGRESS:  9.46%

[2026-08-22 10:03:05.103] [info]  🚧 FOLDER_UPSCAYL_PROGRESS:  9.48%

[2026-08-22 10:03:05.859] [info]  🚧 FOLDER_UPSCAYL_PROGRESS:  9.49%

[2026-08-22 10:03:06.609] [info]  🚧 FOLDER_UPSCAYL_PROGRESS:  9.51%

[2026-08-22 10:03:07.356] [info]  🚧 FOLDER_UPSCAYL_PROGRESS:  9.52%

[2026-08-22 10:03:08.108] [info]  🚧 FOLDER_UPSCAYL_PROGRESS:  9.54%

[2026-08-22 10:03:08.855] [info]  🚧 FOLDER_UPSCAYL_PROGRESS:  9.56%

[2026-08-22 10:03:09.602] [info]  🚧 FOLDER_UPSCAYL_PROGRESS:  9.57%

[2026-08-22 10:03:10.346] [info]  🚧 FOLDER_UPSCAYL_PROGRESS:  9.59%

[2026-08-22 10:03:11.091] [info]  🚧 FOLDER_UPSCAYL_PROGRESS:  9.60%

[2026-08-22 10:03:11.850] [info]  🚧 FOLDER_UPSCAYL_PROGRESS:  9.62%

[2026-08-22 10:03:12.595] [info]  🚧 FOLDER_UPSCAYL_PROGRESS:  9.64%

[2026-08-22 10:03:13.341] [info]  🚧 FOLDER_UPSCAYL_PROGRESS:  9.65%

[2026-08-22 10:03:14.087] [info]  🚧 FOLDER_UPSCAYL_PROGRESS:  9.67%

[2026-08-22 10:03:14.841] [info]  🚧 FOLDER_UPSCAYL_PROGRESS:  9.69%

[2026-08-22 10:03:15.579] [info]  🚧 FOLDER_UPSCAYL_PROGRESS:  9.70%

[2026-08-22 10:03:16.323] [info]  🚧 FOLDER_UPSCAYL_PROGRESS:  9.72%

[2026-08-22 10:03:17.074] [info]  🚧 FOLDER_UPSCAYL_PROGRESS:  9.73%

[2026-08-22 10:03:17.818] [info]  🚧 FOLDER_UPSCAYL_PROGRESS:  9.75%

[2026-08-22 10:03:18.574] [info]  🚧 FOLDER_UPSCAYL_PROGRESS:  9.77%

[2026-08-22 10:03:19.315] [info]  🚧 FOLDER_UPSCAYL_PROGRESS:  9.78%

[2026-08-22 10:03:20.060] [info]  🚧 FOLDER_UPSCAYL_PROGRESS:  9.80%

[2026-08-22 10:03:20.807] [info]  🚧 FOLDER_UPSCAYL_PROGRESS:  9.81%

[2026-08-22 10:03:21.554] [info]  🚧 FOLDER_UPSCAYL_PROGRESS:  9.83%

[2026-08-22 10:03:22.297] [info]  🚧 FOLDER_UPSCAYL_PROGRESS:  9.85%

[2026-08-22 10:03:23.042] [info]  🚧 FOLDER_UPSCAYL_PROGRESS:  9.86%

[2026-08-22 10:03:23.782] [info]  🚧 FOLDER_UPSCAYL_PROGRESS:  9.88%

[2026-08-22 10:03:24.526] [info]  🚧 FOLDER_UPSCAYL_PROGRESS:  9.90%

[2026-08-22 10:03:25.282] [info]  🚧 FOLDER_UPSCAYL_PROGRESS:  9.91%

[2026-08-22 10:03:26.042] [info]  🚧 FOLDER_UPSCAYL_PROGRESS:  9.93%

[2026-08-22 10:03:26.782] [info]  🚧 FOLDER_UPSCAYL_PROGRESS:  9.94%

[2026-08-22 10:03:27.528] [info]  🚧 FOLDER_UPSCAYL_PROGRESS:  9.96%

[2026-08-22 10:03:28.270] [info]  🚧 FOLDER_UPSCAYL_PROGRESS:  9.98%

[2026-08-22 10:03:29.013] [info]  🚧 FOLDER_UPSCAYL_PROGRESS:  9.99%

[2026-08-22 10:03:29.755] [info]  🚧 FOLDER_UPSCAYL_PROGRESS:  10.01%

[2026-08-22 10:03:30.498] [info]  🚧 FOLDER_UPSCAYL_PROGRESS:  10.02%

[2026-08-22 10:03:31.248] [info]  🚧 FOLDER_UPSCAYL_PROGRESS:  10.04%

[2026-08-22 10:03:31.990] [info]  🚧 FOLDER_UPSCAYL_PROGRESS:  10.06%

[2026-08-22 10:03:32.739] [info]  🚧 FOLDER_UPSCAYL_PROGRESS:  10.07%

[2026-08-22 10:03:33.480] [info]  🚧 FOLDER_UPSCAYL_PROGRESS:  10.09%

[2026-08-22 10:03:34.225] [info]  🚧 FOLDER_UPSCAYL_PROGRESS:  10.10%

[2026-08-22 10:03:34.973] [info]  🚧 FOLDER_UPSCAYL_PROGRESS:  10.12%

[2026-08-22 10:03:35.714] [info]  🚧 FOLDER_UPSCAYL_PROGRESS:  10.14%

[2026-08-22 10:03:36.135] [info]  🚧 FOLDER_UPSCAYL_PROGRESS:  10.15%

[2026-08-22 10:03:36.928] [info]  🚧 FOLDER_UPSCAYL_PROGRESS:  10.17%

[2026-08-22 10:03:37.665] [info]  🚧 FOLDER_UPSCAYL_PROGRESS:  10.19%

[2026-08-22 10:03:38.404] [info]  🚧 FOLDER_UPSCAYL_PROGRESS:  10.20%

[2026-08-22 10:03:39.141] [info]  🚧 FOLDER_UPSCAYL_PROGRESS:  10.22%

[2026-08-22 10:03:39.880] [info]  🚧 FOLDER_UPSCAYL_PROGRESS:  10.23%

[2026-08-22 10:03:40.628] [info]  🚧 FOLDER_UPSCAYL_PROGRESS:  10.25%

[2026-08-22 10:03:41.370] [info]  🚧 FOLDER_UPSCAYL_PROGRESS:  10.27%

[2026-08-22 10:03:42.120] [info]  🚧 FOLDER_UPSCAYL_PROGRESS:  10.28%

[2026-08-22 10:03:42.868] [info]  🚧 FOLDER_UPSCAYL_PROGRESS:  10.30%

[2026-08-22 10:03:43.614] [info]  🚧 FOLDER_UPSCAYL_PROGRESS:  10.31%

[2026-08-22 10:03:44.360] [info]  🚧 FOLDER_UPSCAYL_PROGRESS:  10.33%

[2026-08-22 10:03:45.110] [info]  🚧 FOLDER_UPSCAYL_PROGRESS:  10.35%

[2026-08-22 10:03:45.862] [info]  🚧 FOLDER_UPSCAYL_PROGRESS:  10.36%

[2026-08-22 10:03:46.610] [info]  🚧 FOLDER_UPSCAYL_PROGRESS:  10.38%

[2026-08-22 10:03:47.357] [info]  🚧 FOLDER_UPSCAYL_PROGRESS:  10.40%

[2026-08-22 10:03:48.106] [info]  🚧 FOLDER_UPSCAYL_PROGRESS:  10.41%

[2026-08-22 10:03:48.850] [info]  🚧 FOLDER_UPSCAYL_PROGRESS:  10.43%

[2026-08-22 10:03:49.609] [info]  🚧 FOLDER_UPSCAYL_PROGRESS:  10.44%

[2026-08-22 10:03:50.353] [info]  🚧 FOLDER_UPSCAYL_PROGRESS:  10.46%

[2026-08-22 10:03:51.100] [info]  🚧 FOLDER_UPSCAYL_PROGRESS:  10.48%

[2026-08-22 10:03:51.847] [info]  🚧 FOLDER_UPSCAYL_PROGRESS:  10.49%

[2026-08-22 10:03:52.596] [info]  🚧 FOLDER_UPSCAYL_PROGRESS:  10.51%

[2026-08-22 10:03:53.345] [info]  🚧 FOLDER_UPSCAYL_PROGRESS:  10.52%

[2026-08-22 10:03:54.095] [info]  🚧 FOLDER_UPSCAYL_PROGRESS:  10.54%

[2026-08-22 10:03:54.837] [info]  🚧 FOLDER_UPSCAYL_PROGRESS:  10.56%

[2026-08-22 10:03:55.592] [info]  🚧 FOLDER_UPSCAYL_PROGRESS:  10.57%

[2026-08-22 10:03:56.337] [info]  🚧 FOLDER_UPSCAYL_PROGRESS:  10.59%

[2026-08-22 10:03:57.079] [info]  🚧 FOLDER_UPSCAYL_PROGRESS:  10.61%

[2026-08-22 10:03:57.824] [info]  🚧 FOLDER_UPSCAYL_PROGRESS:  10.62%

[2026-08-22 10:03:58.569] [info]  🚧 FOLDER_UPSCAYL_PROGRESS:  10.64%

[2026-08-22 10:03:59.312] [info]  🚧 FOLDER_UPSCAYL_PROGRESS:  10.65%

[2026-08-22 10:04:00.063] [info]  🚧 FOLDER_UPSCAYL_PROGRESS:  10.67%

[2026-08-22 10:04:00.814] [info]  🚧 FOLDER_UPSCAYL_PROGRESS:  10.69%

[2026-08-22 10:04:01.557] [info]  🚧 FOLDER_UPSCAYL_PROGRESS:  10.70%

[2026-08-22 10:04:02.311] [info]  🚧 FOLDER_UPSCAYL_PROGRESS:  10.72%

[2026-08-22 10:04:03.059] [info]  🚧 FOLDER_UPSCAYL_PROGRESS:  10.73%

[2026-08-22 10:04:03.818] [info]  🚧 FOLDER_UPSCAYL_PROGRESS:  10.75%

[2026-08-22 10:04:04.564] [info]  🚧 FOLDER_UPSCAYL_PROGRESS:  10.77%

[2026-08-22 10:04:05.323] [info]  🚧 FOLDER_UPSCAYL_PROGRESS:  10.78%

[2026-08-22 10:04:06.068] [info]  🚧 FOLDER_UPSCAYL_PROGRESS:  10.80%

[2026-08-22 10:04:06.823] [info]  🚧 FOLDER_UPSCAYL_PROGRESS:  10.82%

[2026-08-22 10:04:07.564] [info]  🚧 FOLDER_UPSCAYL_PROGRESS:  10.83%

[2026-08-22 10:04:08.309] [info]  🚧 FOLDER_UPSCAYL_PROGRESS:  10.85%

[2026-08-22 10:04:09.057] [info]  🚧 FOLDER_UPSCAYL_PROGRESS:  10.86%

[2026-08-22 10:04:09.803] [info]  🚧 FOLDER_UPSCAYL_PROGRESS:  10.88%

[2026-08-22 10:04:10.546] [info]  🚧 FOLDER_UPSCAYL_PROGRESS:  10.90%

[2026-08-22 10:04:11.296] [info]  🚧 FOLDER_UPSCAYL_PROGRESS:  10.91%

[2026-08-22 10:04:12.029] [info]  🚧 FOLDER_UPSCAYL_PROGRESS:  10.93%

[2026-08-22 10:04:12.771] [info]  🚧 FOLDER_UPSCAYL_PROGRESS:  10.94%

[2026-08-22 10:04:13.505] [info]  🚧 FOLDER_UPSCAYL_PROGRESS:  10.96%

[2026-08-22 10:04:14.253] [info]  🚧 FOLDER_UPSCAYL_PROGRESS:  10.98%

[2026-08-22 10:04:15.011] [info]  🚧 FOLDER_UPSCAYL_PROGRESS:  10.99%

[2026-08-22 10:04:15.757] [info]  🚧 FOLDER_UPSCAYL_PROGRESS:  11.01%

[2026-08-22 10:04:16.493] [info]  🚧 FOLDER_UPSCAYL_PROGRESS:  11.03%

[2026-08-22 10:04:17.232] [info]  🚧 FOLDER_UPSCAYL_PROGRESS:  11.04%

[2026-08-22 10:04:17.985] [info]  🚧 FOLDER_UPSCAYL_PROGRESS:  11.06%

[2026-08-22 10:04:18.730] [info]  🚧 FOLDER_UPSCAYL_PROGRESS:  11.07%

[2026-08-22 10:04:19.480] [info]  🚧 FOLDER_UPSCAYL_PROGRESS:  11.09%

[2026-08-22 10:04:20.235] [info]  🚧 FOLDER_UPSCAYL_PROGRESS:  11.11%

[2026-08-22 10:04:20.962] [info]  🚧 FOLDER_UPSCAYL_PROGRESS:  11.12%

[2026-08-22 10:04:21.706] [info]  🚧 FOLDER_UPSCAYL_PROGRESS:  11.14%

[2026-08-22 10:04:22.438] [info]  🚧 FOLDER_UPSCAYL_PROGRESS:  11.15%

[2026-08-22 10:04:23.185] [info]  🚧 FOLDER_UPSCAYL_PROGRESS:  11.17%

[2026-08-22 10:04:23.931] [info]  🚧 FOLDER_UPSCAYL_PROGRESS:  11.19%

[2026-08-22 10:04:24.683] [info]  🚧 FOLDER_UPSCAYL_PROGRESS:  11.20%

[2026-08-22 10:04:25.445] [info]  🚧 FOLDER_UPSCAYL_PROGRESS:  11.22%

[2026-08-22 10:04:26.193] [info]  🚧 FOLDER_UPSCAYL_PROGRESS:  11.23%

[2026-08-22 10:04:26.938] [info]  🚧 FOLDER_UPSCAYL_PROGRESS:  11.25%

[2026-08-22 10:04:27.688] [info]  🚧 FOLDER_UPSCAYL_PROGRESS:  11.27%

[2026-08-22 10:04:28.427] [info]  🚧 FOLDER_UPSCAYL_PROGRESS:  11.28%

[2026-08-22 10:04:29.170] [info]  🚧 FOLDER_UPSCAYL_PROGRESS:  11.30%

[2026-08-22 10:04:29.912] [info]  🚧 FOLDER_UPSCAYL_PROGRESS:  11.32%

[2026-08-22 10:04:30.653] [info]  🚧 FOLDER_UPSCAYL_PROGRESS:  11.33%

[2026-08-22 10:04:31.418] [info]  🚧 FOLDER_UPSCAYL_PROGRESS:  11.35%

[2026-08-22 10:04:32.171] [info]  🚧 FOLDER_UPSCAYL_PROGRESS:  11.36%

[2026-08-22 10:04:32.911] [info]  🚧 FOLDER_UPSCAYL_PROGRESS:  11.38%

[2026-08-22 10:04:33.657] [info]  🚧 FOLDER_UPSCAYL_PROGRESS:  11.40%

[2026-08-22 10:04:34.412] [info]  🚧 FOLDER_UPSCAYL_PROGRESS:  11.41%

[2026-08-22 10:04:35.156] [info]  🚧 FOLDER_UPSCAYL_PROGRESS:  11.43%

[2026-08-22 10:04:35.919] [info]  🚧 FOLDER_UPSCAYL_PROGRESS:  11.44%

[2026-08-22 10:04:36.673] [info]  🚧 FOLDER_UPSCAYL_PROGRESS:  11.46%

[2026-08-22 10:04:37.413] [info]  🚧 FOLDER_UPSCAYL_PROGRESS:  11.48%

[2026-08-22 10:04:38.165] [info]  🚧 FOLDER_UPSCAYL_PROGRESS:  11.49%

[2026-08-22 10:04:38.910] [info]  🚧 FOLDER_UPSCAYL_PROGRESS:  11.51%

[2026-08-22 10:04:39.656] [info]  🚧 FOLDER_UPSCAYL_PROGRESS:  11.53%

[2026-08-22 10:04:40.404] [info]  🚧 FOLDER_UPSCAYL_PROGRESS:  11.54%

[2026-08-22 10:04:41.145] [info]  🚧 FOLDER_UPSCAYL_PROGRESS:  11.56%

[2026-08-22 10:04:41.883] [info]  🚧 FOLDER_UPSCAYL_PROGRESS:  11.57%

[2026-08-22 10:04:42.630] [info]  🚧 FOLDER_UPSCAYL_PROGRESS:  11.59%

[2026-08-22 10:04:43.377] [info]  🚧 FOLDER_UPSCAYL_PROGRESS:  11.61%

[2026-08-22 10:04:44.120] [info]  🚧 FOLDER_UPSCAYL_PROGRESS:  11.62%

[2026-08-22 10:04:44.871] [info]  🚧 FOLDER_UPSCAYL_PROGRESS:  11.64%

[2026-08-22 10:04:45.606] [info]  🚧 FOLDER_UPSCAYL_PROGRESS:  11.65%

[2026-08-22 10:04:46.350] [info]  🚧 FOLDER_UPSCAYL_PROGRESS:  11.67%

[2026-08-22 10:04:47.085] [info]  🚧 FOLDER_UPSCAYL_PROGRESS:  11.69%

[2026-08-22 10:04:47.833] [info]  🚧 FOLDER_UPSCAYL_PROGRESS:  11.70%

[2026-08-22 10:04:48.574] [info]  🚧 FOLDER_UPSCAYL_PROGRESS:  11.72%

[2026-08-22 10:04:49.314] [info]  🚧 FOLDER_UPSCAYL_PROGRESS:  11.74%

[2026-08-22 10:04:50.073] [info]  🚧 FOLDER_UPSCAYL_PROGRESS:  11.75%

[2026-08-22 10:04:50.835] [info]  🚧 FOLDER_UPSCAYL_PROGRESS:  11.77%

[2026-08-22 10:04:51.589] [info]  🚧 FOLDER_UPSCAYL_PROGRESS:  11.78%

[2026-08-22 10:04:52.336] [info]  🚧 FOLDER_UPSCAYL_PROGRESS:  11.80%

[2026-08-22 10:04:53.098] [info]  🚧 FOLDER_UPSCAYL_PROGRESS:  11.82%

[2026-08-22 10:04:53.840] [info]  🚧 FOLDER_UPSCAYL_PROGRESS:  11.83%

[2026-08-22 10:04:54.271] [info]  🚧 FOLDER_UPSCAYL_PROGRESS:  11.85%

[2026-08-22 10:04:55.068] [info]  🚧 FOLDER_UPSCAYL_PROGRESS:  11.86%

[2026-08-22 10:04:55.804] [info]  🚧 FOLDER_UPSCAYL_PROGRESS:  11.88%

[2026-08-22 10:04:56.555] [info]  🚧 FOLDER_UPSCAYL_PROGRESS:  11.90%

[2026-08-22 10:04:57.290] [info]  🚧 FOLDER_UPSCAYL_PROGRESS:  11.91%

[2026-08-22 10:04:58.033] [info]  🚧 FOLDER_UPSCAYL_PROGRESS:  11.93%

[2026-08-22 10:04:58.776] [info]  🚧 FOLDER_UPSCAYL_PROGRESS:  11.95%

[2026-08-22 10:04:59.513] [info]  🚧 FOLDER_UPSCAYL_PROGRESS:  11.96%

[2026-08-22 10:05:00.255] [info]  🚧 FOLDER_UPSCAYL_PROGRESS:  11.98%

[2026-08-22 10:05:00.997] [info]  🚧 FOLDER_UPSCAYL_PROGRESS:  11.99%

[2026-08-22 10:05:01.743] [info]  🚧 FOLDER_UPSCAYL_PROGRESS:  12.01%

[2026-08-22 10:05:02.485] [info]  🚧 FOLDER_UPSCAYL_PROGRESS:  12.03%

[2026-08-22 10:05:03.237] [info]  🚧 FOLDER_UPSCAYL_PROGRESS:  12.04%

[2026-08-22 10:05:03.967] [info]  🚧 FOLDER_UPSCAYL_PROGRESS:  12.06%

[2026-08-22 10:05:04.716] [info]  🚧 FOLDER_UPSCAYL_PROGRESS:  12.07%

[2026-08-22 10:05:05.461] [info]  🚧 FOLDER_UPSCAYL_PROGRESS:  12.09%

[2026-08-22 10:05:06.205] [info]  🚧 FOLDER_UPSCAYL_PROGRESS:  12.11%

[2026-08-22 10:05:06.950] [info]  🚧 FOLDER_UPSCAYL_PROGRESS:  12.12%

[2026-08-22 10:05:07.696] [info]  🚧 FOLDER_UPSCAYL_PROGRESS:  12.14%

[2026-08-22 10:05:08.439] [info]  🚧 FOLDER_UPSCAYL_PROGRESS:  12.15%

[2026-08-22 10:05:09.174] [info]  🚧 FOLDER_UPSCAYL_PROGRESS:  12.17%

[2026-08-22 10:05:09.918] [info]  🚧 FOLDER_UPSCAYL_PROGRESS:  12.19%

[2026-08-22 10:05:10.660] [info]  🚧 FOLDER_UPSCAYL_PROGRESS:  12.20%

[2026-08-22 10:05:11.400] [info]  🚧 FOLDER_UPSCAYL_PROGRESS:  12.22%

[2026-08-22 10:05:12.146] [info]  🚧 FOLDER_UPSCAYL_PROGRESS:  12.24%

[2026-08-22 10:05:12.884] [info]  🚧 FOLDER_UPSCAYL_PROGRESS:  12.25%

[2026-08-22 10:05:13.635] [info]  🚧 FOLDER_UPSCAYL_PROGRESS:  12.27%

[2026-08-22 10:05:14.390] [info]  🚧 FOLDER_UPSCAYL_PROGRESS:  12.28%

[2026-08-22 10:05:15.143] [info]  🚧 FOLDER_UPSCAYL_PROGRESS:  12.30%

[2026-08-22 10:05:15.885] [info]  🚧 FOLDER_UPSCAYL_PROGRESS:  12.32%

[2026-08-22 10:05:16.633] [info]  🚧 FOLDER_UPSCAYL_PROGRESS:  12.33%

[2026-08-22 10:05:17.372] [info]  🚧 FOLDER_UPSCAYL_PROGRESS:  12.35%

[2026-08-22 10:05:18.114] [info]  🚧 FOLDER_UPSCAYL_PROGRESS:  12.36%

[2026-08-22 10:05:18.868] [info]  🚧 FOLDER_UPSCAYL_PROGRESS:  12.38%

[2026-08-22 10:05:19.606] [info]  🚧 FOLDER_UPSCAYL_PROGRESS:  12.40%

[2026-08-22 10:05:20.352] [info]  🚧 FOLDER_UPSCAYL_PROGRESS:  12.41%

[2026-08-22 10:05:21.108] [info]  🚧 FOLDER_UPSCAYL_PROGRESS:  12.43%

[2026-08-22 10:05:21.843] [info]  🚧 FOLDER_UPSCAYL_PROGRESS:  12.45%

[2026-08-22 10:05:22.587] [info]  🚧 FOLDER_UPSCAYL_PROGRESS:  12.46%

[2026-08-22 10:05:23.326] [info]  🚧 FOLDER_UPSCAYL_PROGRESS:  12.48%

[2026-08-22 10:05:24.077] [info]  🚧 FOLDER_UPSCAYL_PROGRESS:  12.49%

[2026-08-22 10:05:24.818] [info]  🚧 FOLDER_UPSCAYL_PROGRESS:  12.51%

[2026-08-22 10:05:25.568] [info]  🚧 FOLDER_UPSCAYL_PROGRESS:  12.53%

[2026-08-22 10:05:26.315] [info]  🚧 FOLDER_UPSCAYL_PROGRESS:  12.54%

[2026-08-22 10:05:27.075] [info]  🚧 FOLDER_UPSCAYL_PROGRESS:  12.56%

[2026-08-22 10:05:27.823] [info]  🚧 FOLDER_UPSCAYL_PROGRESS:  12.57%

[2026-08-22 10:05:28.577] [info]  🚧 FOLDER_UPSCAYL_PROGRESS:  12.59%

[2026-08-22 10:05:29.316] [info]  🚧 FOLDER_UPSCAYL_PROGRESS:  12.61%

[2026-08-22 10:05:30.066] [info]  🚧 FOLDER_UPSCAYL_PROGRESS:  12.62%

[2026-08-22 10:05:30.818] [info]  🚧 FOLDER_UPSCAYL_PROGRESS:  12.64%

[2026-08-22 10:05:31.559] [info]  🚧 FOLDER_UPSCAYL_PROGRESS:  12.66%

[2026-08-22 10:05:32.312] [info]  🚧 FOLDER_UPSCAYL_PROGRESS:  12.67%

[2026-08-22 10:05:33.064] [info]  🚧 FOLDER_UPSCAYL_PROGRESS:  12.69%

[2026-08-22 10:05:33.813] [info]  🚧 FOLDER_UPSCAYL_PROGRESS:  12.70%

[2026-08-22 10:05:34.566] [info]  🚧 FOLDER_UPSCAYL_PROGRESS:  12.72%

[2026-08-22 10:05:35.309] [info]  🚧 FOLDER_UPSCAYL_PROGRESS:  12.74%

[2026-08-22 10:05:36.065] [info]  🚧 FOLDER_UPSCAYL_PROGRESS:  12.75%

[2026-08-22 10:05:36.814] [info]  🚧 FOLDER_UPSCAYL_PROGRESS:  12.77%

[2026-08-22 10:05:37.564] [info]  🚧 FOLDER_UPSCAYL_PROGRESS:  12.78%

[2026-08-22 10:05:38.304] [info]  🚧 FOLDER_UPSCAYL_PROGRESS:  12.80%

[2026-08-22 10:05:39.065] [info]  🚧 FOLDER_UPSCAYL_PROGRESS:  12.82%

[2026-08-22 10:05:39.804] [info]  🚧 FOLDER_UPSCAYL_PROGRESS:  12.83%

[2026-08-22 10:05:40.561] [info]  🚧 FOLDER_UPSCAYL_PROGRESS:  12.85%

[2026-08-22 10:05:41.305] [info]  🚧 FOLDER_UPSCAYL_PROGRESS:  12.87%

[2026-08-22 10:05:42.059] [info]  🚧 FOLDER_UPSCAYL_PROGRESS:  12.88%

[2026-08-22 10:05:42.824] [info]  🚧 FOLDER_UPSCAYL_PROGRESS:  12.90%

[2026-08-22 10:05:43.566] [info]  🚧 FOLDER_UPSCAYL_PROGRESS:  12.91%

[2026-08-22 10:05:44.313] [info]  🚧 FOLDER_UPSCAYL_PROGRESS:  12.93%

[2026-08-22 10:05:45.052] [info]  🚧 FOLDER_UPSCAYL_PROGRESS:  12.95%

[2026-08-22 10:05:45.806] [info]  🚧 FOLDER_UPSCAYL_PROGRESS:  12.96%

[2026-08-22 10:05:46.559] [info]  🚧 FOLDER_UPSCAYL_PROGRESS:  12.98%

[2026-08-22 10:05:47.287] [info]  🚧 FOLDER_UPSCAYL_PROGRESS:  12.99%

[2026-08-22 10:05:48.032] [info]  🚧 FOLDER_UPSCAYL_PROGRESS:  13.01%

[2026-08-22 10:05:48.783] [info]  🚧 FOLDER_UPSCAYL_PROGRESS:  13.03%

[2026-08-22 10:05:49.537] [info]  🚧 FOLDER_UPSCAYL_PROGRESS:  13.04%

[2026-08-22 10:05:50.285] [info]  🚧 FOLDER_UPSCAYL_PROGRESS:  13.06%

[2026-08-22 10:05:51.049] [info]  🚧 FOLDER_UPSCAYL_PROGRESS:  13.08%

[2026-08-22 10:05:51.793] [info]  🚧 FOLDER_UPSCAYL_PROGRESS:  13.09%

[2026-08-22 10:05:52.538] [info]  🚧 FOLDER_UPSCAYL_PROGRESS:  13.11%

[2026-08-22 10:05:53.301] [info]  🚧 FOLDER_UPSCAYL_PROGRESS:  13.12%

[2026-08-22 10:05:54.051] [info]  🚧 FOLDER_UPSCAYL_PROGRESS:  13.14%

[2026-08-22 10:05:54.802] [info]  🚧 FOLDER_UPSCAYL_PROGRESS:  13.16%

[2026-08-22 10:05:55.543] [info]  🚧 FOLDER_UPSCAYL_PROGRESS:  13.17%

[2026-08-22 10:05:56.286] [info]  🚧 FOLDER_UPSCAYL_PROGRESS:  13.19%

[2026-08-22 10:05:57.042] [info]  🚧 FOLDER_UPSCAYL_PROGRESS:  13.20%

[2026-08-22 10:05:57.793] [info]  🚧 FOLDER_UPSCAYL_PROGRESS:  13.22%

[2026-08-22 10:05:58.541] [info]  🚧 FOLDER_UPSCAYL_PROGRESS:  13.24%

[2026-08-22 10:05:59.294] [info]  🚧 FOLDER_UPSCAYL_PROGRESS:  13.25%

[2026-08-22 10:06:00.057] [info]  🚧 FOLDER_UPSCAYL_PROGRESS:  13.27%

[2026-08-22 10:06:00.808] [info]  🚧 FOLDER_UPSCAYL_PROGRESS:  13.28%

[2026-08-22 10:06:01.572] [info]  🚧 FOLDER_UPSCAYL_PROGRESS:  13.30%

[2026-08-22 10:06:02.304] [info]  🚧 FOLDER_UPSCAYL_PROGRESS:  13.32%

[2026-08-22 10:06:03.065] [info]  🚧 FOLDER_UPSCAYL_PROGRESS:  13.33%

[2026-08-22 10:06:03.799] [info]  🚧 FOLDER_UPSCAYL_PROGRESS:  13.35%

[2026-08-22 10:06:04.556] [info]  🚧 FOLDER_UPSCAYL_PROGRESS:  13.37%

[2026-08-22 10:06:05.314] [info]  🚧 FOLDER_UPSCAYL_PROGRESS:  13.38%

[2026-08-22 10:06:06.064] [info]  🚧 FOLDER_UPSCAYL_PROGRESS:  13.40%

[2026-08-22 10:06:06.823] [info]  🚧 FOLDER_UPSCAYL_PROGRESS:  13.41%

[2026-08-22 10:06:07.573] [info]  🚧 FOLDER_UPSCAYL_PROGRESS:  13.43%

[2026-08-22 10:06:08.324] [info]  🚧 FOLDER_UPSCAYL_PROGRESS:  13.45%

[2026-08-22 10:06:09.068] [info]  🚧 FOLDER_UPSCAYL_PROGRESS:  13.46%

[2026-08-22 10:06:09.816] [info]  🚧 FOLDER_UPSCAYL_PROGRESS:  13.48%

[2026-08-22 10:06:10.579] [info]  🚧 FOLDER_UPSCAYL_PROGRESS:  13.49%

[2026-08-22 10:06:11.316] [info]  🚧 FOLDER_UPSCAYL_PROGRESS:  13.51%

[2026-08-22 10:06:12.066] [info]  🚧 FOLDER_UPSCAYL_PROGRESS:  13.53%

[2026-08-22 10:06:12.488] [info]  🚧 FOLDER_UPSCAYL_PROGRESS:  13.54%

[2026-08-22 10:06:13.261] [info]  🚧 FOLDER_UPSCAYL_PROGRESS:  13.56%

[2026-08-22 10:06:14.003] [info]  🚧 FOLDER_UPSCAYL_PROGRESS:  13.58%

[2026-08-22 10:06:14.748] [info]  🚧 FOLDER_UPSCAYL_PROGRESS:  13.59%

[2026-08-22 10:06:15.487] [info]  🚧 FOLDER_UPSCAYL_PROGRESS:  13.61%

[2026-08-22 10:06:16.221] [info]  🚧 FOLDER_UPSCAYL_PROGRESS:  13.62%

[2026-08-22 10:06:16.961] [info]  🚧 FOLDER_UPSCAYL_PROGRESS:  13.64%

[2026-08-22 10:06:17.703] [info]  🚧 FOLDER_UPSCAYL_PROGRESS:  13.66%

[2026-08-22 10:06:18.440] [info]  🚧 FOLDER_UPSCAYL_PROGRESS:  13.67%

[2026-08-22 10:06:19.178] [info]  🚧 FOLDER_UPSCAYL_PROGRESS:  13.69%

[2026-08-22 10:06:19.919] [info]  🚧 FOLDER_UPSCAYL_PROGRESS:  13.70%

[2026-08-22 10:06:20.663] [info]  🚧 FOLDER_UPSCAYL_PROGRESS:  13.72%

[2026-08-22 10:06:21.401] [info]  🚧 FOLDER_UPSCAYL_PROGRESS:  13.74%

[2026-08-22 10:06:22.142] [info]  🚧 FOLDER_UPSCAYL_PROGRESS:  13.75%

[2026-08-22 10:06:22.879] [info]  🚧 FOLDER_UPSCAYL_PROGRESS:  13.77%

[2026-08-22 10:06:23.620] [info]  🚧 FOLDER_UPSCAYL_PROGRESS:  13.79%

[2026-08-22 10:06:24.362] [info]  🚧 FOLDER_UPSCAYL_PROGRESS:  13.80%

[2026-08-22 10:06:25.100] [info]  🚧 FOLDER_UPSCAYL_PROGRESS:  13.82%

[2026-08-22 10:06:25.839] [info]  🚧 FOLDER_UPSCAYL_PROGRESS:  13.83%

[2026-08-22 10:06:26.579] [info]  🚧 FOLDER_UPSCAYL_PROGRESS:  13.85%

[2026-08-22 10:06:27.322] [info]  🚧 FOLDER_UPSCAYL_PROGRESS:  13.87%

[2026-08-22 10:06:28.063] [info]  🚧 FOLDER_UPSCAYL_PROGRESS:  13.88%

[2026-08-22 10:06:28.812] [info]  🚧 FOLDER_UPSCAYL_PROGRESS:  13.90%

[2026-08-22 10:06:29.547] [info]  🚧 FOLDER_UPSCAYL_PROGRESS:  13.91%

[2026-08-22 10:06:30.292] [info]  🚧 FOLDER_UPSCAYL_PROGRESS:  13.93%

[2026-08-22 10:06:31.022] [info]  🚧 FOLDER_UPSCAYL_PROGRESS:  13.95%

[2026-08-22 10:06:31.762] [info]  🚧 FOLDER_UPSCAYL_PROGRESS:  13.96%

[2026-08-22 10:06:32.504] [info]  🚧 FOLDER_UPSCAYL_PROGRESS:  13.98%

[2026-08-22 10:06:33.240] [info]  🚧 FOLDER_UPSCAYL_PROGRESS:  14.00%

[2026-08-22 10:06:33.983] [info]  🚧 FOLDER_UPSCAYL_PROGRESS:  14.01%

[2026-08-22 10:06:34.726] [info]  🚧 FOLDER_UPSCAYL_PROGRESS:  14.03%

[2026-08-22 10:06:35.476] [info]  🚧 FOLDER_UPSCAYL_PROGRESS:  14.04%

[2026-08-22 10:06:36.218] [info]  🚧 FOLDER_UPSCAYL_PROGRESS:  14.06%

[2026-08-22 10:06:36.961] [info]  🚧 FOLDER_UPSCAYL_PROGRESS:  14.08%

[2026-08-22 10:06:37.715] [info]  🚧 FOLDER_UPSCAYL_PROGRESS:  14.09%

[2026-08-22 10:06:38.451] [info]  🚧 FOLDER_UPSCAYL_PROGRESS:  14.11%

[2026-08-22 10:06:39.207] [info]  🚧 FOLDER_UPSCAYL_PROGRESS:  14.12%

[2026-08-22 10:06:39.948] [info]  🚧 FOLDER_UPSCAYL_PROGRESS:  14.14%

[2026-08-22 10:06:40.695] [info]  🚧 FOLDER_UPSCAYL_PROGRESS:  14.16%

[2026-08-22 10:06:41.440] [info]  🚧 FOLDER_UPSCAYL_PROGRESS:  14.17%

[2026-08-22 10:06:42.182] [info]  🚧 FOLDER_UPSCAYL_PROGRESS:  14.19%

[2026-08-22 10:06:42.929] [info]  🚧 FOLDER_UPSCAYL_PROGRESS:  14.21%

[2026-08-22 10:06:43.672] [info]  🚧 FOLDER_UPSCAYL_PROGRESS:  14.22%

[2026-08-22 10:06:44.429] [info]  🚧 FOLDER_UPSCAYL_PROGRESS:  14.24%

[2026-08-22 10:06:45.175] [info]  🚧 FOLDER_UPSCAYL_PROGRESS:  14.25%

[2026-08-22 10:06:45.920] [info]  🚧 FOLDER_UPSCAYL_PROGRESS:  14.27%

[2026-08-22 10:06:46.676] [info]  🚧 FOLDER_UPSCAYL_PROGRESS:  14.29%

[2026-08-22 10:06:47.436] [info]  🚧 FOLDER_UPSCAYL_PROGRESS:  14.30%

[2026-08-22 10:06:48.172] [info]  🚧 FOLDER_UPSCAYL_PROGRESS:  14.32%

[2026-08-22 10:06:48.916] [info]  🚧 FOLDER_UPSCAYL_PROGRESS:  14.33%

[2026-08-22 10:06:49.666] [info]  🚧 FOLDER_UPSCAYL_PROGRESS:  14.35%

[2026-08-22 10:06:50.411] [info]  🚧 FOLDER_UPSCAYL_PROGRESS:  14.37%

[2026-08-22 10:06:51.160] [info]  🚧 FOLDER_UPSCAYL_PROGRESS:  14.38%

[2026-08-22 10:06:51.912] [info]  🚧 FOLDER_UPSCAYL_PROGRESS:  14.40%

[2026-08-22 10:06:52.669] [info]  🚧 FOLDER_UPSCAYL_PROGRESS:  14.41%

[2026-08-22 10:06:53.408] [info]  🚧 FOLDER_UPSCAYL_PROGRESS:  14.43%

[2026-08-22 10:06:54.149] [info]  🚧 FOLDER_UPSCAYL_PROGRESS:  14.45%

[2026-08-22 10:06:54.904] [info]  🚧 FOLDER_UPSCAYL_PROGRESS:  14.46%

[2026-08-22 10:06:55.655] [info]  🚧 FOLDER_UPSCAYL_PROGRESS:  14.48%

[2026-08-22 10:06:56.405] [info]  🚧 FOLDER_UPSCAYL_PROGRESS:  14.50%

[2026-08-22 10:06:57.151] [info]  🚧 FOLDER_UPSCAYL_PROGRESS:  14.51%

[2026-08-22 10:06:57.903] [info]  🚧 FOLDER_UPSCAYL_PROGRESS:  14.53%

[2026-08-22 10:06:58.654] [info]  🚧 FOLDER_UPSCAYL_PROGRESS:  14.54%

[2026-08-22 10:06:59.405] [info]  🚧 FOLDER_UPSCAYL_PROGRESS:  14.56%

[2026-08-22 10:07:00.145] [info]  🚧 FOLDER_UPSCAYL_PROGRESS:  14.58%

[2026-08-22 10:07:00.897] [info]  🚧 FOLDER_UPSCAYL_PROGRESS:  14.59%

[2026-08-22 10:07:01.646] [info]  🚧 FOLDER_UPSCAYL_PROGRESS:  14.61%

[2026-08-22 10:07:02.396] [info]  🚧 FOLDER_UPSCAYL_PROGRESS:  14.62%

[2026-08-22 10:07:03.137] [info]  🚧 FOLDER_UPSCAYL_PROGRESS:  14.64%

[2026-08-22 10:07:03.878] [info]  🚧 FOLDER_UPSCAYL_PROGRESS:  14.66%

[2026-08-22 10:07:04.630] [info]  🚧 FOLDER_UPSCAYL_PROGRESS:  14.67%

[2026-08-22 10:07:05.378] [info]  🚧 FOLDER_UPSCAYL_PROGRESS:  14.69%

[2026-08-22 10:07:06.141] [info]  🚧 FOLDER_UPSCAYL_PROGRESS:  14.71%

[2026-08-22 10:07:06.891] [info]  🚧 FOLDER_UPSCAYL_PROGRESS:  14.72%

[2026-08-22 10:07:07.643] [info]  🚧 FOLDER_UPSCAYL_PROGRESS:  14.74%

[2026-08-22 10:07:08.381] [info]  🚧 FOLDER_UPSCAYL_PROGRESS:  14.75%

[2026-08-22 10:07:09.119] [info]  🚧 FOLDER_UPSCAYL_PROGRESS:  14.77%

[2026-08-22 10:07:09.861] [info]  🚧 FOLDER_UPSCAYL_PROGRESS:  14.79%

[2026-08-22 10:07:10.623] [info]  🚧 FOLDER_UPSCAYL_PROGRESS:  14.80%

[2026-08-22 10:07:11.372] [info]  🚧 FOLDER_UPSCAYL_PROGRESS:  14.82%

[2026-08-22 10:07:12.136] [info]  🚧 FOLDER_UPSCAYL_PROGRESS:  14.83%

[2026-08-22 10:07:12.890] [info]  🚧 FOLDER_UPSCAYL_PROGRESS:  14.85%

[2026-08-22 10:07:13.635] [info]  🚧 FOLDER_UPSCAYL_PROGRESS:  14.87%

[2026-08-22 10:07:14.385] [info]  🚧 FOLDER_UPSCAYL_PROGRESS:  14.88%

[2026-08-22 10:07:15.122] [info]  🚧 FOLDER_UPSCAYL_PROGRESS:  14.90%

[2026-08-22 10:07:15.863] [info]  🚧 FOLDER_UPSCAYL_PROGRESS:  14.92%

[2026-08-22 10:07:16.597] [info]  🚧 FOLDER_UPSCAYL_PROGRESS:  14.93%

[2026-08-22 10:07:17.345] [info]  🚧 FOLDER_UPSCAYL_PROGRESS:  14.95%

[2026-08-22 10:07:18.085] [info]  🚧 FOLDER_UPSCAYL_PROGRESS:  14.96%

[2026-08-22 10:07:18.832] [info]  🚧 FOLDER_UPSCAYL_PROGRESS:  14.98%

[2026-08-22 10:07:19.575] [info]  🚧 FOLDER_UPSCAYL_PROGRESS:  15.00%

[2026-08-22 10:07:20.318] [info]  🚧 FOLDER_UPSCAYL_PROGRESS:  15.01%

[2026-08-22 10:07:21.072] [info]  🚧 FOLDER_UPSCAYL_PROGRESS:  15.03%

[2026-08-22 10:07:21.827] [info]  🚧 FOLDER_UPSCAYL_PROGRESS:  15.04%

[2026-08-22 10:07:22.576] [info]  🚧 FOLDER_UPSCAYL_PROGRESS:  15.06%

[2026-08-22 10:07:23.319] [info]  🚧 FOLDER_UPSCAYL_PROGRESS:  15.08%

[2026-08-22 10:07:24.067] [info]  🚧 FOLDER_UPSCAYL_PROGRESS:  15.09%

[2026-08-22 10:07:24.812] [info]  🚧 FOLDER_UPSCAYL_PROGRESS:  15.11%

[2026-08-22 10:07:25.566] [info]  🚧 FOLDER_UPSCAYL_PROGRESS:  15.13%

[2026-08-22 10:07:26.304] [info]  🚧 FOLDER_UPSCAYL_PROGRESS:  15.14%

[2026-08-22 10:07:27.054] [info]  🚧 FOLDER_UPSCAYL_PROGRESS:  15.16%

[2026-08-22 10:07:27.802] [info]  🚧 FOLDER_UPSCAYL_PROGRESS:  15.17%

[2026-08-22 10:07:28.562] [info]  🚧 FOLDER_UPSCAYL_PROGRESS:  15.19%

[2026-08-22 10:07:29.301] [info]  🚧 FOLDER_UPSCAYL_PROGRESS:  15.21%

[2026-08-22 10:07:30.052] [info]  🚧 FOLDER_UPSCAYL_PROGRESS:  15.22%

[2026-08-22 10:07:30.487] [info]  🚧 FOLDER_UPSCAYL_PROGRESS:  15.24%

[2026-08-22 10:07:31.264] [info]  🚧 FOLDER_UPSCAYL_PROGRESS:  15.25%

[2026-08-22 10:07:32.006] [info]  🚧 FOLDER_UPSCAYL_PROGRESS:  15.27%

[2026-08-22 10:07:32.749] [info]  🚧 FOLDER_UPSCAYL_PROGRESS:  15.29%

[2026-08-22 10:07:33.492] [info]  🚧 FOLDER_UPSCAYL_PROGRESS:  15.30%

[2026-08-22 10:07:34.221] [info]  🚧 FOLDER_UPSCAYL_PROGRESS:  15.32%

[2026-08-22 10:07:34.958] [info]  🚧 FOLDER_UPSCAYL_PROGRESS:  15.33%

[2026-08-22 10:07:35.695] [info]  🚧 FOLDER_UPSCAYL_PROGRESS:  15.35%

[2026-08-22 10:07:36.434] [info]  🚧 FOLDER_UPSCAYL_PROGRESS:  15.37%

[2026-08-22 10:07:37.174] [info]  🚧 FOLDER_UPSCAYL_PROGRESS:  15.38%

[2026-08-22 10:07:37.916] [info]  🚧 FOLDER_UPSCAYL_PROGRESS:  15.40%

[2026-08-22 10:07:38.659] [info]  🚧 FOLDER_UPSCAYL_PROGRESS:  15.42%

[2026-08-22 10:07:39.399] [info]  🚧 FOLDER_UPSCAYL_PROGRESS:  15.43%

[2026-08-22 10:07:40.142] [info]  🚧 FOLDER_UPSCAYL_PROGRESS:  15.45%

[2026-08-22 10:07:40.891] [info]  🚧 FOLDER_UPSCAYL_PROGRESS:  15.46%

[2026-08-22 10:07:41.632] [info]  🚧 FOLDER_UPSCAYL_PROGRESS:  15.48%

[2026-08-22 10:07:42.387] [info]  🚧 FOLDER_UPSCAYL_PROGRESS:  15.50%

[2026-08-22 10:07:43.136] [info]  🚧 FOLDER_UPSCAYL_PROGRESS:  15.51%

[2026-08-22 10:07:43.877] [info]  🚧 FOLDER_UPSCAYL_PROGRESS:  15.53%

[2026-08-22 10:07:44.629] [info]  🚧 FOLDER_UPSCAYL_PROGRESS:  15.54%

[2026-08-22 10:07:45.380] [info]  🚧 FOLDER_UPSCAYL_PROGRESS:  15.56%

[2026-08-22 10:07:46.128] [info]  🚧 FOLDER_UPSCAYL_PROGRESS:  15.58%

[2026-08-22 10:07:46.879] [info]  🚧 FOLDER_UPSCAYL_PROGRESS:  15.59%

[2026-08-22 10:07:47.632] [info]  🚧 FOLDER_UPSCAYL_PROGRESS:  15.61%

[2026-08-22 10:07:48.373] [info]  🚧 FOLDER_UPSCAYL_PROGRESS:  15.63%

[2026-08-22 10:07:49.127] [info]  🚧 FOLDER_UPSCAYL_PROGRESS:  15.64%

[2026-08-22 10:07:49.888] [info]  🚧 FOLDER_UPSCAYL_PROGRESS:  15.66%

[2026-08-22 10:07:50.644] [info]  🚧 FOLDER_UPSCAYL_PROGRESS:  15.67%

[2026-08-22 10:07:51.384] [info]  🚧 FOLDER_UPSCAYL_PROGRESS:  15.69%

[2026-08-22 10:07:52.142] [info]  🚧 FOLDER_UPSCAYL_PROGRESS:  15.71%

[2026-08-22 10:07:52.884] [info]  🚧 FOLDER_UPSCAYL_PROGRESS:  15.72%

[2026-08-22 10:07:53.631] [info]  🚧 FOLDER_UPSCAYL_PROGRESS:  15.74%

[2026-08-22 10:07:54.367] [info]  🚧 FOLDER_UPSCAYL_PROGRESS:  15.75%

[2026-08-22 10:07:55.128] [info]  🚧 FOLDER_UPSCAYL_PROGRESS:  15.77%

[2026-08-22 10:07:55.876] [info]  🚧 FOLDER_UPSCAYL_PROGRESS:  15.79%

[2026-08-22 10:07:56.628] [info]  🚧 FOLDER_UPSCAYL_PROGRESS:  15.80%

[2026-08-22 10:07:57.381] [info]  🚧 FOLDER_UPSCAYL_PROGRESS:  15.82%

[2026-08-22 10:07:58.128] [info]  🚧 FOLDER_UPSCAYL_PROGRESS:  15.84%

[2026-08-22 10:07:58.876] [info]  🚧 FOLDER_UPSCAYL_PROGRESS:  15.85%

[2026-08-22 10:07:59.625] [info]  🚧 FOLDER_UPSCAYL_PROGRESS:  15.87%

[2026-08-22 10:08:00.368] [info]  🚧 FOLDER_UPSCAYL_PROGRESS:  15.88%

[2026-08-22 10:08:01.111] [info]  🚧 FOLDER_UPSCAYL_PROGRESS:  15.90%

[2026-08-22 10:08:01.858] [info]  🚧 FOLDER_UPSCAYL_PROGRESS:  15.92%

[2026-08-22 10:08:02.605] [info]  🚧 FOLDER_UPSCAYL_PROGRESS:  15.93%

[2026-08-22 10:08:03.350] [info]  🚧 FOLDER_UPSCAYL_PROGRESS:  15.95%

[2026-08-22 10:08:04.097] [info]  🚧 FOLDER_UPSCAYL_PROGRESS:  15.96%

[2026-08-22 10:08:04.846] [info]  🚧 FOLDER_UPSCAYL_PROGRESS:  15.98%

[2026-08-22 10:08:05.590] [info]  🚧 FOLDER_UPSCAYL_PROGRESS:  16.00%

[2026-08-22 10:08:06.335] [info]  🚧 FOLDER_UPSCAYL_PROGRESS:  16.01%

[2026-08-22 10:08:07.082] [info]  🚧 FOLDER_UPSCAYL_PROGRESS:  16.03%

[2026-08-22 10:08:07.826] [info]  🚧 FOLDER_UPSCAYL_PROGRESS:  16.05%

[2026-08-22 10:08:08.568] [info]  🚧 FOLDER_UPSCAYL_PROGRESS:  16.06%

[2026-08-22 10:08:09.305] [info]  🚧 FOLDER_UPSCAYL_PROGRESS:  16.08%

[2026-08-22 10:08:10.053] [info]  🚧 FOLDER_UPSCAYL_PROGRESS:  16.09%

[2026-08-22 10:08:10.795] [info]  🚧 FOLDER_UPSCAYL_PROGRESS:  16.11%

[2026-08-22 10:08:11.543] [info]  🚧 FOLDER_UPSCAYL_PROGRESS:  16.13%

[2026-08-22 10:08:12.285] [info]  🚧 FOLDER_UPSCAYL_PROGRESS:  16.14%

[2026-08-22 10:08:13.032] [info]  🚧 FOLDER_UPSCAYL_PROGRESS:  16.16%

[2026-08-22 10:08:13.776] [info]  🚧 FOLDER_UPSCAYL_PROGRESS:  16.17%

[2026-08-22 10:08:14.523] [info]  🚧 FOLDER_UPSCAYL_PROGRESS:  16.19%

[2026-08-22 10:08:15.261] [info]  🚧 FOLDER_UPSCAYL_PROGRESS:  16.21%

[2026-08-22 10:08:16.005] [info]  🚧 FOLDER_UPSCAYL_PROGRESS:  16.22%

[2026-08-22 10:08:16.752] [info]  🚧 FOLDER_UPSCAYL_PROGRESS:  16.24%

[2026-08-22 10:08:17.507] [info]  🚧 FOLDER_UPSCAYL_PROGRESS:  16.26%

[2026-08-22 10:08:18.258] [info]  🚧 FOLDER_UPSCAYL_PROGRESS:  16.27%

[2026-08-22 10:08:19.010] [info]  🚧 FOLDER_UPSCAYL_PROGRESS:  16.29%

[2026-08-22 10:08:19.764] [info]  🚧 FOLDER_UPSCAYL_PROGRESS:  16.30%

[2026-08-22 10:08:20.510] [info]  🚧 FOLDER_UPSCAYL_PROGRESS:  16.32%

[2026-08-22 10:08:21.250] [info]  🚧 FOLDER_UPSCAYL_PROGRESS:  16.34%

[2026-08-22 10:08:22.001] [info]  🚧 FOLDER_UPSCAYL_PROGRESS:  16.35%

[2026-08-22 10:08:22.742] [info]  🚧 FOLDER_UPSCAYL_PROGRESS:  16.37%

[2026-08-22 10:08:23.489] [info]  🚧 FOLDER_UPSCAYL_PROGRESS:  16.38%

[2026-08-22 10:08:24.233] [info]  🚧 FOLDER_UPSCAYL_PROGRESS:  16.40%

[2026-08-22 10:08:24.984] [info]  🚧 FOLDER_UPSCAYL_PROGRESS:  16.42%

[2026-08-22 10:08:25.732] [info]  🚧 FOLDER_UPSCAYL_PROGRESS:  16.43%

[2026-08-22 10:08:26.481] [info]  🚧 FOLDER_UPSCAYL_PROGRESS:  16.45%

[2026-08-22 10:08:27.228] [info]  🚧 FOLDER_UPSCAYL_PROGRESS:  16.46%

[2026-08-22 10:08:27.976] [info]  🚧 FOLDER_UPSCAYL_PROGRESS:  16.48%

[2026-08-22 10:08:28.720] [info]  🚧 FOLDER_UPSCAYL_PROGRESS:  16.50%

[2026-08-22 10:08:29.461] [info]  🚧 FOLDER_UPSCAYL_PROGRESS:  16.51%

[2026-08-22 10:08:30.211] [info]  🚧 FOLDER_UPSCAYL_PROGRESS:  16.53%

[2026-08-22 10:08:30.957] [info]  🚧 FOLDER_UPSCAYL_PROGRESS:  16.55%

[2026-08-22 10:08:31.719] [info]  🚧 FOLDER_UPSCAYL_PROGRESS:  16.56%

[2026-08-22 10:08:32.460] [info]  🚧 FOLDER_UPSCAYL_PROGRESS:  16.58%

[2026-08-22 10:08:33.214] [info]  🚧 FOLDER_UPSCAYL_PROGRESS:  16.59%

[2026-08-22 10:08:33.965] [info]  🚧 FOLDER_UPSCAYL_PROGRESS:  16.61%

[2026-08-22 10:08:34.710] [info]  🚧 FOLDER_UPSCAYL_PROGRESS:  16.63%

[2026-08-22 10:08:35.455] [info]  🚧 FOLDER_UPSCAYL_PROGRESS:  16.64%

[2026-08-22 10:08:36.206] [info]  🚧 FOLDER_UPSCAYL_PROGRESS:  16.66%

[2026-08-22 10:08:36.950] [info]  🚧 FOLDER_UPSCAYL_PROGRESS:  16.67%

[2026-08-22 10:08:37.699] [info]  🚧 FOLDER_UPSCAYL_PROGRESS:  16.69%

[2026-08-22 10:08:38.441] [info]  🚧 FOLDER_UPSCAYL_PROGRESS:  16.71%

[2026-08-22 10:08:39.188] [info]  🚧 FOLDER_UPSCAYL_PROGRESS:  16.72%

[2026-08-22 10:08:39.928] [info]  🚧 FOLDER_UPSCAYL_PROGRESS:  16.74%

[2026-08-22 10:08:40.673] [info]  🚧 FOLDER_UPSCAYL_PROGRESS:  16.76%

[2026-08-22 10:08:41.418] [info]  🚧 FOLDER_UPSCAYL_PROGRESS:  16.77%

[2026-08-22 10:08:42.162] [info]  🚧 FOLDER_UPSCAYL_PROGRESS:  16.79%

[2026-08-22 10:08:42.905] [info]  🚧 FOLDER_UPSCAYL_PROGRESS:  16.80%

[2026-08-22 10:08:43.645] [info]  🚧 FOLDER_UPSCAYL_PROGRESS:  16.82%

[2026-08-22 10:08:44.391] [info]  🚧 FOLDER_UPSCAYL_PROGRESS:  16.84%

[2026-08-22 10:08:45.136] [info]  🚧 FOLDER_UPSCAYL_PROGRESS:  16.85%

[2026-08-22 10:08:45.881] [info]  🚧 FOLDER_UPSCAYL_PROGRESS:  16.87%

[2026-08-22 10:08:46.631] [info]  🚧 FOLDER_UPSCAYL_PROGRESS:  16.88%

[2026-08-22 10:08:47.372] [info]  🚧 FOLDER_UPSCAYL_PROGRESS:  16.90%

[2026-08-22 10:08:48.116] [info]  🚧 FOLDER_UPSCAYL_PROGRESS:  16.92%

[2026-08-22 10:08:48.538] [info]  🚧 FOLDER_UPSCAYL_PROGRESS:  16.93%

[2026-08-22 10:08:49.336] [info]  🚧 FOLDER_UPSCAYL_PROGRESS:  16.95%

[2026-08-22 10:08:50.071] [info]  🚧 FOLDER_UPSCAYL_PROGRESS:  16.97%

[2026-08-22 10:08:50.807] [info]  🚧 FOLDER_UPSCAYL_PROGRESS:  16.98%

[2026-08-22 10:08:51.545] [info]  🚧 FOLDER_UPSCAYL_PROGRESS:  17.00%

[2026-08-22 10:08:52.290] [info]  🚧 FOLDER_UPSCAYL_PROGRESS:  17.01%

[2026-08-22 10:08:53.032] [info]  🚧 FOLDER_UPSCAYL_PROGRESS:  17.03%

[2026-08-22 10:08:53.783] [info]  🚧 FOLDER_UPSCAYL_PROGRESS:  17.05%

[2026-08-22 10:08:54.524] [info]  🚧 FOLDER_UPSCAYL_PROGRESS:  17.06%

[2026-08-22 10:08:55.284] [info]  🚧 FOLDER_UPSCAYL_PROGRESS:  17.08%

[2026-08-22 10:08:56.030] [info]  🚧 FOLDER_UPSCAYL_PROGRESS:  17.09%

[2026-08-22 10:08:56.775] [info]  🚧 FOLDER_UPSCAYL_PROGRESS:  17.11%

[2026-08-22 10:08:57.528] [info]  🚧 FOLDER_UPSCAYL_PROGRESS:  17.13%

[2026-08-22 10:08:58.274] [info]  🚧 FOLDER_UPSCAYL_PROGRESS:  17.14%

[2026-08-22 10:08:59.029] [info]  🚧 FOLDER_UPSCAYL_PROGRESS:  17.16%

[2026-08-22 10:08:59.763] [info]  🚧 FOLDER_UPSCAYL_PROGRESS:  17.18%

[2026-08-22 10:09:00.507] [info]  🚧 FOLDER_UPSCAYL_PROGRESS:  17.19%

[2026-08-22 10:09:01.249] [info]  🚧 FOLDER_UPSCAYL_PROGRESS:  17.21%

[2026-08-22 10:09:02.012] [info]  🚧 FOLDER_UPSCAYL_PROGRESS:  17.22%

[2026-08-22 10:09:02.756] [info]  🚧 FOLDER_UPSCAYL_PROGRESS:  17.24%

[2026-08-22 10:09:03.508] [info]  🚧 FOLDER_UPSCAYL_PROGRESS:  17.26%

[2026-08-22 10:09:04.255] [info]  🚧 FOLDER_UPSCAYL_PROGRESS:  17.27%

[2026-08-22 10:09:05.003] [info]  🚧 FOLDER_UPSCAYL_PROGRESS:  17.29%

[2026-08-22 10:09:05.751] [info]  🚧 FOLDER_UPSCAYL_PROGRESS:  17.30%

[2026-08-22 10:09:06.492] [info]  🚧 FOLDER_UPSCAYL_PROGRESS:  17.32%

[2026-08-22 10:09:07.241] [info]  🚧 FOLDER_UPSCAYL_PROGRESS:  17.34%

[2026-08-22 10:09:08.004] [info]  🚧 FOLDER_UPSCAYL_PROGRESS:  17.35%

[2026-08-22 10:09:08.747] [info]  🚧 FOLDER_UPSCAYL_PROGRESS:  17.37%

[2026-08-22 10:09:09.495] [info]  🚧 FOLDER_UPSCAYL_PROGRESS:  17.38%

[2026-08-22 10:09:10.242] [info]  🚧 FOLDER_UPSCAYL_PROGRESS:  17.40%

[2026-08-22 10:09:10.987] [info]  🚧 FOLDER_UPSCAYL_PROGRESS:  17.42%

[2026-08-22 10:09:11.746] [info]  🚧 FOLDER_UPSCAYL_PROGRESS:  17.43%

[2026-08-22 10:09:12.497] [info]  🚧 FOLDER_UPSCAYL_PROGRESS:  17.45%

[2026-08-22 10:09:13.250] [info]  🚧 FOLDER_UPSCAYL_PROGRESS:  17.47%

[2026-08-22 10:09:13.997] [info]  🚧 FOLDER_UPSCAYL_PROGRESS:  17.48%

[2026-08-22 10:09:14.753] [info]  🚧 FOLDER_UPSCAYL_PROGRESS:  17.50%

[2026-08-22 10:09:15.494] [info]  🚧 FOLDER_UPSCAYL_PROGRESS:  17.51%

[2026-08-22 10:09:16.243] [info]  🚧 FOLDER_UPSCAYL_PROGRESS:  17.53%

[2026-08-22 10:09:16.991] [info]  🚧 FOLDER_UPSCAYL_PROGRESS:  17.55%

[2026-08-22 10:09:17.737] [info]  🚧 FOLDER_UPSCAYL_PROGRESS:  17.56%

[2026-08-22 10:09:18.483] [info]  🚧 FOLDER_UPSCAYL_PROGRESS:  17.58%

[2026-08-22 10:09:19.234] [info]  🚧 FOLDER_UPSCAYL_PROGRESS:  17.59%

[2026-08-22 10:09:19.975] [info]  🚧 FOLDER_UPSCAYL_PROGRESS:  17.61%

[2026-08-22 10:09:20.722] [info]  🚧 FOLDER_UPSCAYL_PROGRESS:  17.63%

[2026-08-22 10:09:21.463] [info]  🚧 FOLDER_UPSCAYL_PROGRESS:  17.64%

[2026-08-22 10:09:22.206] [info]  🚧 FOLDER_UPSCAYL_PROGRESS:  17.66%

[2026-08-22 10:09:22.954] [info]  🚧 FOLDER_UPSCAYL_PROGRESS:  17.68%

[2026-08-22 10:09:23.699] [info]  🚧 FOLDER_UPSCAYL_PROGRESS:  17.69%

[2026-08-22 10:09:24.441] [info]  🚧 FOLDER_UPSCAYL_PROGRESS:  17.71%

[2026-08-22 10:09:25.189] [info]  🚧 FOLDER_UPSCAYL_PROGRESS:  17.72%

[2026-08-22 10:09:25.932] [info]  🚧 FOLDER_UPSCAYL_PROGRESS:  17.74%

[2026-08-22 10:09:26.678] [info]  🚧 FOLDER_UPSCAYL_PROGRESS:  17.76%

[2026-08-22 10:09:27.419] [info]  🚧 FOLDER_UPSCAYL_PROGRESS:  17.77%

[2026-08-22 10:09:28.169] [info]  🚧 FOLDER_UPSCAYL_PROGRESS:  17.79%

[2026-08-22 10:09:28.926] [info]  🚧 FOLDER_UPSCAYL_PROGRESS:  17.80%

[2026-08-22 10:09:29.670] [info]  🚧 FOLDER_UPSCAYL_PROGRESS:  17.82%

[2026-08-22 10:09:30.424] [info]  🚧 FOLDER_UPSCAYL_PROGRESS:  17.84%

[2026-08-22 10:09:31.166] [info]  🚧 FOLDER_UPSCAYL_PROGRESS:  17.85%

[2026-08-22 10:09:31.917] [info]  🚧 FOLDER_UPSCAYL_PROGRESS:  17.87%

[2026-08-22 10:09:32.666] [info]  🚧 FOLDER_UPSCAYL_PROGRESS:  17.89%

[2026-08-22 10:09:33.411] [info]  🚧 FOLDER_UPSCAYL_PROGRESS:  17.90%

[2026-08-22 10:09:34.159] [info]  🚧 FOLDER_UPSCAYL_PROGRESS:  17.92%

[2026-08-22 10:09:34.925] [info]  🚧 FOLDER_UPSCAYL_PROGRESS:  17.93%

[2026-08-22 10:09:35.674] [info]  🚧 FOLDER_UPSCAYL_PROGRESS:  17.95%

[2026-08-22 10:09:36.433] [info]  🚧 FOLDER_UPSCAYL_PROGRESS:  17.97%

[2026-08-22 10:09:37.189] [info]  🚧 FOLDER_UPSCAYL_PROGRESS:  17.98%

[2026-08-22 10:09:37.955] [info]  🚧 FOLDER_UPSCAYL_PROGRESS:  18.00%

[2026-08-22 10:09:38.705] [info]  🚧 FOLDER_UPSCAYL_PROGRESS:  18.01%

[2026-08-22 10:09:39.443] [info]  🚧 FOLDER_UPSCAYL_PROGRESS:  18.03%

[2026-08-22 10:09:40.201] [info]  🚧 FOLDER_UPSCAYL_PROGRESS:  18.05%

[2026-08-22 10:09:40.957] [info]  🚧 FOLDER_UPSCAYL_PROGRESS:  18.06%

[2026-08-22 10:09:41.705] [info]  🚧 FOLDER_UPSCAYL_PROGRESS:  18.08%

[2026-08-22 10:09:42.442] [info]  🚧 FOLDER_UPSCAYL_PROGRESS:  18.10%

[2026-08-22 10:09:43.188] [info]  🚧 FOLDER_UPSCAYL_PROGRESS:  18.11%

[2026-08-22 10:09:43.934] [info]  🚧 FOLDER_UPSCAYL_PROGRESS:  18.13%

[2026-08-22 10:09:44.690] [info]  🚧 FOLDER_UPSCAYL_PROGRESS:  18.14%

[2026-08-22 10:09:45.442] [info]  🚧 FOLDER_UPSCAYL_PROGRESS:  18.16%

[2026-08-22 10:09:46.202] [info]  🚧 FOLDER_UPSCAYL_PROGRESS:  18.18%

[2026-08-22 10:09:46.952] [info]  🚧 FOLDER_UPSCAYL_PROGRESS:  18.19%

[2026-08-22 10:09:47.690] [info]  🚧 FOLDER_UPSCAYL_PROGRESS:  18.21%

[2026-08-22 10:09:48.431] [info]  🚧 FOLDER_UPSCAYL_PROGRESS:  18.22%

[2026-08-22 10:09:49.171] [info]  🚧 FOLDER_UPSCAYL_PROGRESS:  18.24%

[2026-08-22 10:09:49.914] [info]  🚧 FOLDER_UPSCAYL_PROGRESS:  18.26%

[2026-08-22 10:09:50.666] [info]  🚧 FOLDER_UPSCAYL_PROGRESS:  18.27%

[2026-08-22 10:09:51.423] [info]  🚧 FOLDER_UPSCAYL_PROGRESS:  18.29%

[2026-08-22 10:09:52.166] [info]  🚧 FOLDER_UPSCAYL_PROGRESS:  18.31%

[2026-08-22 10:09:52.927] [info]  🚧 FOLDER_UPSCAYL_PROGRESS:  18.32%

[2026-08-22 10:09:53.667] [info]  🚧 FOLDER_UPSCAYL_PROGRESS:  18.34%

[2026-08-22 10:09:54.423] [info]  🚧 FOLDER_UPSCAYL_PROGRESS:  18.35%

[2026-08-22 10:09:55.168] [info]  🚧 FOLDER_UPSCAYL_PROGRESS:  18.37%

[2026-08-22 10:09:55.919] [info]  🚧 FOLDER_UPSCAYL_PROGRESS:  18.39%

[2026-08-22 10:09:56.669] [info]  🚧 FOLDER_UPSCAYL_PROGRESS:  18.40%

[2026-08-22 10:09:57.420] [info]  🚧 FOLDER_UPSCAYL_PROGRESS:  18.42%

[2026-08-22 10:09:58.172] [info]  🚧 FOLDER_UPSCAYL_PROGRESS:  18.43%

[2026-08-22 10:09:58.921] [info]  🚧 FOLDER_UPSCAYL_PROGRESS:  18.45%

[2026-08-22 10:09:59.669] [info]  🚧 FOLDER_UPSCAYL_PROGRESS:  18.47%

[2026-08-22 10:10:00.412] [info]  🚧 FOLDER_UPSCAYL_PROGRESS:  18.48%

[2026-08-22 10:10:01.161] [info]  🚧 FOLDER_UPSCAYL_PROGRESS:  18.50%

[2026-08-22 10:10:01.914] [info]  🚧 FOLDER_UPSCAYL_PROGRESS:  18.51%

[2026-08-22 10:10:02.658] [info]  🚧 FOLDER_UPSCAYL_PROGRESS:  18.53%

[2026-08-22 10:10:03.401] [info]  🚧 FOLDER_UPSCAYL_PROGRESS:  18.55%

[2026-08-22 10:10:04.140] [info]  🚧 FOLDER_UPSCAYL_PROGRESS:  18.56%

[2026-08-22 10:10:04.887] [info]  🚧 FOLDER_UPSCAYL_PROGRESS:  18.58%

[2026-08-22 10:10:05.628] [info]  🚧 FOLDER_UPSCAYL_PROGRESS:  18.60%

[2026-08-22 10:10:06.383] [info]  🚧 FOLDER_UPSCAYL_PROGRESS:  18.61%

[2026-08-22 10:10:06.810] [info]  🚧 FOLDER_UPSCAYL_PROGRESS:  18.63%

[2026-08-22 10:10:07.608] [info]  🚧 FOLDER_UPSCAYL_PROGRESS:  18.64%

[2026-08-22 10:10:08.347] [info]  🚧 FOLDER_UPSCAYL_PROGRESS:  18.66%

[2026-08-22 10:10:09.083] [info]  🚧 FOLDER_UPSCAYL_PROGRESS:  18.68%

[2026-08-22 10:10:09.819] [info]  🚧 FOLDER_UPSCAYL_PROGRESS:  18.69%

[2026-08-22 10:10:10.563] [info]  🚧 FOLDER_UPSCAYL_PROGRESS:  18.71%

[2026-08-22 10:10:11.303] [info]  🚧 FOLDER_UPSCAYL_PROGRESS:  18.72%

[2026-08-22 10:10:12.041] [info]  🚧 FOLDER_UPSCAYL_PROGRESS:  18.74%

[2026-08-22 10:10:12.782] [info]  🚧 FOLDER_UPSCAYL_PROGRESS:  18.76%

[2026-08-22 10:10:13.519] [info]  🚧 FOLDER_UPSCAYL_PROGRESS:  18.77%

[2026-08-22 10:10:14.255] [info]  🚧 FOLDER_UPSCAYL_PROGRESS:  18.79%

[2026-08-22 10:10:14.993] [info]  🚧 FOLDER_UPSCAYL_PROGRESS:  18.81%

[2026-08-22 10:10:15.735] [info]  🚧 FOLDER_UPSCAYL_PROGRESS:  18.82%

[2026-08-22 10:10:16.471] [info]  🚧 FOLDER_UPSCAYL_PROGRESS:  18.84%

[2026-08-22 10:10:17.215] [info]  🚧 FOLDER_UPSCAYL_PROGRESS:  18.85%

[2026-08-22 10:10:17.955] [info]  🚧 FOLDER_UPSCAYL_PROGRESS:  18.87%

[2026-08-22 10:10:18.689] [info]  🚧 FOLDER_UPSCAYL_PROGRESS:  18.89%

[2026-08-22 10:10:19.426] [info]  🚧 FOLDER_UPSCAYL_PROGRESS:  18.90%

[2026-08-22 10:10:20.161] [info]  🚧 FOLDER_UPSCAYL_PROGRESS:  18.92%

[2026-08-22 10:10:20.911] [info]  🚧 FOLDER_UPSCAYL_PROGRESS:  18.93%

[2026-08-22 10:10:21.656] [info]  🚧 FOLDER_UPSCAYL_PROGRESS:  18.95%

[2026-08-22 10:10:22.403] [info]  🚧 FOLDER_UPSCAYL_PROGRESS:  18.97%

[2026-08-22 10:10:23.149] [info]  🚧 FOLDER_UPSCAYL_PROGRESS:  18.98%

[2026-08-22 10:10:23.890] [info]  🚧 FOLDER_UPSCAYL_PROGRESS:  19.00%

[2026-08-22 10:10:24.635] [info]  🚧 FOLDER_UPSCAYL_PROGRESS:  19.02%

[2026-08-22 10:10:25.379] [info]  🚧 FOLDER_UPSCAYL_PROGRESS:  19.03%

[2026-08-22 10:10:26.128] [info]  🚧 FOLDER_UPSCAYL_PROGRESS:  19.05%

[2026-08-22 10:10:26.886] [info]  🚧 FOLDER_UPSCAYL_PROGRESS:  19.06%

[2026-08-22 10:10:27.630] [info]  🚧 FOLDER_UPSCAYL_PROGRESS:  19.08%

[2026-08-22 10:10:28.385] [info]  🚧 FOLDER_UPSCAYL_PROGRESS:  19.10%

[2026-08-22 10:10:29.126] [info]  🚧 FOLDER_UPSCAYL_PROGRESS:  19.11%

[2026-08-22 10:10:29.875] [info]  🚧 FOLDER_UPSCAYL_PROGRESS:  19.13%

[2026-08-22 10:10:30.612] [info]  🚧 FOLDER_UPSCAYL_PROGRESS:  19.14%

[2026-08-22 10:10:31.367] [info]  🚧 FOLDER_UPSCAYL_PROGRESS:  19.16%

[2026-08-22 10:10:32.117] [info]  🚧 FOLDER_UPSCAYL_PROGRESS:  19.18%

[2026-08-22 10:10:32.869] [info]  🚧 FOLDER_UPSCAYL_PROGRESS:  19.19%

[2026-08-22 10:10:33.611] [info]  🚧 FOLDER_UPSCAYL_PROGRESS:  19.21%

[2026-08-22 10:10:34.359] [info]  🚧 FOLDER_UPSCAYL_PROGRESS:  19.23%

[2026-08-22 10:10:35.104] [info]  🚧 FOLDER_UPSCAYL_PROGRESS:  19.24%

[2026-08-22 10:10:35.870] [info]  🚧 FOLDER_UPSCAYL_PROGRESS:  19.26%

[2026-08-22 10:10:36.610] [info]  🚧 FOLDER_UPSCAYL_PROGRESS:  19.27%

[2026-08-22 10:10:37.361] [info]  🚧 FOLDER_UPSCAYL_PROGRESS:  19.29%

[2026-08-22 10:10:38.112] [info]  🚧 FOLDER_UPSCAYL_PROGRESS:  19.31%

[2026-08-22 10:10:38.851] [info]  🚧 FOLDER_UPSCAYL_PROGRESS:  19.32%

[2026-08-22 10:10:39.600] [info]  🚧 FOLDER_UPSCAYL_PROGRESS:  19.34%

[2026-08-22 10:10:40.345] [info]  🚧 FOLDER_UPSCAYL_PROGRESS:  19.35%

[2026-08-22 10:10:41.085] [info]  🚧 FOLDER_UPSCAYL_PROGRESS:  19.37%

[2026-08-22 10:10:41.835] [info]  🚧 FOLDER_UPSCAYL_PROGRESS:  19.39%

[2026-08-22 10:10:42.576] [info]  🚧 FOLDER_UPSCAYL_PROGRESS:  19.40%

[2026-08-22 10:10:43.322] [info]  🚧 FOLDER_UPSCAYL_PROGRESS:  19.42%

[2026-08-22 10:10:44.074] [info]  🚧 FOLDER_UPSCAYL_PROGRESS:  19.44%

[2026-08-22 10:10:44.808] [info]  🚧 FOLDER_UPSCAYL_PROGRESS:  19.45%

[2026-08-22 10:10:45.559] [info]  🚧 FOLDER_UPSCAYL_PROGRESS:  19.47%

[2026-08-22 10:10:46.307] [info]  🚧 FOLDER_UPSCAYL_PROGRESS:  19.48%

[2026-08-22 10:10:47.060] [info]  🚧 FOLDER_UPSCAYL_PROGRESS:  19.50%

[2026-08-22 10:10:47.807] [info]  🚧 FOLDER_UPSCAYL_PROGRESS:  19.52%

[2026-08-22 10:10:48.560] [info]  🚧 FOLDER_UPSCAYL_PROGRESS:  19.53%

[2026-08-22 10:10:49.303] [info]  🚧 FOLDER_UPSCAYL_PROGRESS:  19.55%

[2026-08-22 10:10:50.053] [info]  🚧 FOLDER_UPSCAYL_PROGRESS:  19.56%

[2026-08-22 10:10:50.803] [info]  🚧 FOLDER_UPSCAYL_PROGRESS:  19.58%

[2026-08-22 10:10:51.548] [info]  🚧 FOLDER_UPSCAYL_PROGRESS:  19.60%

[2026-08-22 10:10:52.295] [info]  🚧 FOLDER_UPSCAYL_PROGRESS:  19.61%

[2026-08-22 10:10:53.045] [info]  🚧 FOLDER_UPSCAYL_PROGRESS:  19.63%

[2026-08-22 10:10:53.792] [info]  🚧 FOLDER_UPSCAYL_PROGRESS:  19.64%

[2026-08-22 10:10:54.538] [info]  🚧 FOLDER_UPSCAYL_PROGRESS:  19.66%

[2026-08-22 10:10:55.289] [info]  🚧 FOLDER_UPSCAYL_PROGRESS:  19.68%

[2026-08-22 10:10:56.038] [info]  🚧 FOLDER_UPSCAYL_PROGRESS:  19.69%

[2026-08-22 10:10:56.788] [info]  🚧 FOLDER_UPSCAYL_PROGRESS:  19.71%

[2026-08-22 10:10:57.534] [info]  🚧 FOLDER_UPSCAYL_PROGRESS:  19.73%

[2026-08-22 10:10:58.279] [info]  🚧 FOLDER_UPSCAYL_PROGRESS:  19.74%

[2026-08-22 10:10:59.037] [info]  🚧 FOLDER_UPSCAYL_PROGRESS:  19.76%

[2026-08-22 10:10:59.777] [info]  🚧 FOLDER_UPSCAYL_PROGRESS:  19.77%

[2026-08-22 10:11:00.525] [info]  🚧 FOLDER_UPSCAYL_PROGRESS:  19.79%

[2026-08-22 10:11:01.271] [info]  🚧 FOLDER_UPSCAYL_PROGRESS:  19.81%

[2026-08-22 10:11:02.018] [info]  🚧 FOLDER_UPSCAYL_PROGRESS:  19.82%

[2026-08-22 10:11:02.764] [info]  🚧 FOLDER_UPSCAYL_PROGRESS:  19.84%

[2026-08-22 10:11:03.513] [info]  🚧 FOLDER_UPSCAYL_PROGRESS:  19.85%

[2026-08-22 10:11:04.255] [info]  🚧 FOLDER_UPSCAYL_PROGRESS:  19.87%

[2026-08-22 10:11:05.001] [info]  🚧 FOLDER_UPSCAYL_PROGRESS:  19.89%

[2026-08-22 10:11:05.759] [info]  🚧 FOLDER_UPSCAYL_PROGRESS:  19.90%

[2026-08-22 10:11:06.502] [info]  🚧 FOLDER_UPSCAYL_PROGRESS:  19.92%

[2026-08-22 10:11:07.262] [info]  🚧 FOLDER_UPSCAYL_PROGRESS:  19.94%

[2026-08-22 10:11:08.007] [info]  🚧 FOLDER_UPSCAYL_PROGRESS:  19.95%

[2026-08-22 10:11:08.750] [info]  🚧 FOLDER_UPSCAYL_PROGRESS:  19.97%

[2026-08-22 10:11:09.502] [info]  🚧 FOLDER_UPSCAYL_PROGRESS:  19.98%

[2026-08-22 10:11:10.251] [info]  🚧 FOLDER_UPSCAYL_PROGRESS:  20.00%

[2026-08-22 10:11:11.011] [info]  🚧 FOLDER_UPSCAYL_PROGRESS:  20.02%

[2026-08-22 10:11:11.759] [info]  🚧 FOLDER_UPSCAYL_PROGRESS:  20.03%

[2026-08-22 10:11:12.506] [info]  🚧 FOLDER_UPSCAYL_PROGRESS:  20.05%

[2026-08-22 10:11:13.252] [info]  🚧 FOLDER_UPSCAYL_PROGRESS:  20.06%

[2026-08-22 10:11:14.004] [info]  🚧 FOLDER_UPSCAYL_PROGRESS:  20.08%

[2026-08-22 10:11:14.751] [info]  🚧 FOLDER_UPSCAYL_PROGRESS:  20.10%

[2026-08-22 10:11:15.499] [info]  🚧 FOLDER_UPSCAYL_PROGRESS:  20.11%

[2026-08-22 10:11:16.251] [info]  🚧 FOLDER_UPSCAYL_PROGRESS:  20.13%

[2026-08-22 10:11:16.998] [info]  🚧 FOLDER_UPSCAYL_PROGRESS:  20.15%

[2026-08-22 10:11:17.745] [info]  🚧 FOLDER_UPSCAYL_PROGRESS:  20.16%

[2026-08-22 10:11:18.491] [info]  🚧 FOLDER_UPSCAYL_PROGRESS:  20.18%

[2026-08-22 10:11:19.242] [info]  🚧 FOLDER_UPSCAYL_PROGRESS:  20.19%

[2026-08-22 10:11:19.989] [info]  🚧 FOLDER_UPSCAYL_PROGRESS:  20.21%

[2026-08-22 10:11:20.737] [info]  🚧 FOLDER_UPSCAYL_PROGRESS:  20.23%

[2026-08-22 10:11:21.483] [info]  🚧 FOLDER_UPSCAYL_PROGRESS:  20.24%

[2026-08-22 10:11:22.229] [info]  🚧 FOLDER_UPSCAYL_PROGRESS:  20.26%

[2026-08-22 10:11:22.983] [info]  🚧 FOLDER_UPSCAYL_PROGRESS:  20.27%

[2026-08-22 10:11:23.719] [info]  🚧 FOLDER_UPSCAYL_PROGRESS:  20.29%

[2026-08-22 10:11:24.455] [info]  🚧 FOLDER_UPSCAYL_PROGRESS:  20.31%

[2026-08-22 10:11:24.871] [info]  🚧 FOLDER_UPSCAYL_PROGRESS:  20.32%

[2026-08-22 10:11:54.505] [info]  💯 Done upscaling
[2026-08-22 10:11:54.527] [info]  🎒 BACKEND REPORTED:  💯 Done upscaling
[2026-08-22 10:11:54.530] [info]  💯 FOLDER_UPSCAYL_DONE:  /home/michael/.config/omarchy/themes/hurleyus/backgrounds/upscayl_png_upscayl-standard-4x_2x
[2026-08-22 10:33:58.339] [info]  🔄 Resetting image paths
[2026-08-22 10:34:03.668] [info]  🖼️ Updating Image Path:  /home/michael/.config/omarchy/themes/hurleyus/backgrounds/7-hurleyus.png
[2026-08-22 10:34:03.668] [info]  📄 Selected File Path:  /home/michael/.config/omarchy/themes/hurleyus/backgrounds/7-hurleyus.png
[2026-08-22 10:34:03.675] [info]  🎒 BACKEND REPORTED:  🖼️ Updating Image Path:  /home/michael/.config/omarchy/themes/hurleyus/backgrounds/7-hurleyus.png
[2026-08-22 10:34:03.675] [info]  🖼 Selected Image Path:  /home/michael/.config/omarchy/themes/hurleyus/backgrounds/7-hurleyus.png
[2026-08-22 10:34:03.675] [info]  📁 Selected Image Directory:  /home/michael/.config/omarchy/themes/hurleyus/backgrounds
[2026-08-22 10:34:03.675] [info]  🖼 imagePath:  /home/michael/.config/omarchy/themes/hurleyus/backgrounds/7-hurleyus.png
[2026-08-22 10:34:03.675] [info]  🔤 Extension:  png
[2026-08-22 10:34:03.694] [info]  🎒 BACKEND REPORTED:  📄 Selected File Path:  /home/michael/.config/omarchy/themes/hurleyus/backgrounds/7-hurleyus.png
[2026-08-22 10:34:07.544] [info]  🔄 Resetting Upscaled Image Path
[2026-08-22 10:34:07.547] [info]  ✅ Upscayl Variables:  {"model":"upscayl-standard-4x","gpuId":null,"saveImageAs":"png","inputDir":"/home/michael/.config/omarchy/themes/hurleyus/backgrounds","fileNameWithExt":"7-hurleyus.png","outputDir":"/home/michael/.config/omarchy/themes/hurleyus/backgrounds","outFile":"/home/michael/.config/omarchy/themes/hurleyus/backgrounds/7-hurleyus_upscayl_2x_upscayl-standard-4x.png","fileName":"7-hurleyus","scale":"2","compression":"0","customWidth":"","useCustomWidth":false,"tileSize":null}
[2026-08-22 10:34:07.548] [info]  📢 Upscayl Command:  [
  '-i',
  '/home/michael/.config/omarchy/themes/hurleyus/backgrounds/7-hurleyus.png',
  '-o',
  '/home/michael/.config/omarchy/themes/hurleyus/backgrounds/7-hurleyus_upscayl_2x_upscayl-standard-4x.png',
  '-s',
  '2',
  '-m',
  '/usr/lib/upscayl/models',
  '-n',
  'upscayl-standard-4x',
  '-f',
  'png',
  '-c',
  '0'
]
[2026-08-22 10:34:07.563] [info]  👶 Updating Child Processes:  {"binary":"/usr/lib/upscayl/bin/upscayl-bin","args":["/usr/lib/upscayl/bin/upscayl-bin","-i","/home/michael/.config/omarchy/themes/hurleyus/backgrounds/6-hurleyus.png","-o","/home/michael/.config/omarchy/themes/hurleyus/backgrounds/6-hurleyus_upscayl_4x_upscayl-standard-4x.png","-m","/usr/lib/upscayl/models","-n","upscayl-standard-4x","-f","png","-c","0"]}
[2026-08-22 10:34:07.563] [info]  🛑 Updating Stopped:  false
[2026-08-22 10:34:07.563] [info]  🏁 UPSCAYL
[2026-08-22 10:34:07.567] [info]  🚀 Starting Upscayl - Copyright © 2024
✨ Detected scale x4
✨ Using the default scale x4

[2026-08-22 10:34:07.576] [info]  🎒 BACKEND REPORTED:  ✅ Upscayl Variables:  {"model":"upscayl-standard-4x","gpuId":null,"saveImageAs":"png","inputDir":"/home/michael/.config/omarchy/themes/hurleyus/backgrounds","fileNameWithExt":"7-hurleyus.png","outputDir":"/home/michael/.config/omarchy/themes/hurleyus/backgrounds","outFile":"/home/michael/.config/omarchy/themes/hurleyus/backgrounds/7-hurleyus_upscayl_2x_upscayl-standard-4x.png","fileName":"7-hurleyus","scale":"2","compression":"0","customWidth":"","useCustomWidth":false,"tileSize":null}
[2026-08-22 10:34:07.577] [info]  🎒 BACKEND REPORTED:  📢 Upscayl Command:  -i,/home/michael/.config/omarchy/themes/hurleyus/backgrounds/7-hurleyus.png,-o,/home/michael/.config/omarchy/themes/hurleyus/backgrounds/7-hurleyus_upscayl_2x_upscayl-standard-4x.png,-s,2,-m,/usr/lib/upscayl/models,-n,upscayl-standard-4x,-f,png,-c,0
[2026-08-22 10:34:07.578] [info]  🎒 BACKEND REPORTED:  👶 Updating Child Processes:  {"binary":"/usr/lib/upscayl/bin/upscayl-bin","args":["/usr/lib/upscayl/bin/upscayl-bin","-i","/home/michael/.config/omarchy/themes/hurleyus/backgrounds/6-hurleyus.png","-o","/home/michael/.config/omarchy/themes/hurleyus/backgrounds/6-hurleyus_upscayl_4x_upscayl-standard-4x.png","-m","/usr/lib/upscayl/models","-n","upscayl-standard-4x","-f","png","-c","0"]}
[2026-08-22 10:34:07.578] [info]  🎒 BACKEND REPORTED:  🛑 Updating Stopped:  false
[2026-08-22 10:34:07.578] [info]  🎒 BACKEND REPORTED:  🚀 Starting Upscayl - Copyright © 2024
✨ Detected scale x4
✨ Using the default scale x4

[2026-08-22 10:34:07.578] [info]  🚧 UPSCAYL_PROGRESS:  🚀 Starting Upscayl - Copyright © 2024
✨ Detected scale x4
✨ Using the default scale x4

[2026-08-22 10:34:07.591] [info]  [0 Apple M1 Pro (G13S C0)]  queueC=0[1]  queueG=0[1]  queueT=0[1]
[0 Apple M1 Pro (G13S C0)]  bugsbn1=0  bugbilz=0  bugcopc=0  bugihfa=0
[0 Apple M1 Pro (G13S C0)]  fp16-p/s/a=1/1/1  int8-p/s/a=1/1/1
[0 Apple M1 Pro (G13S C0)]  subgroup=32  basic=1  vote=1  ballot=1  shuffle=1

[2026-08-22 10:34:07.594] [info]  [1 llvmpipe (LLVM 22.1.8, 128 bits)]  queueC=0[1]  queueG=0[1]  queueT=0[1]
[1 llvmpipe (LLVM 22.1.8, 128 bits)]  bugsbn1=0  bugbilz=0  bugcopc=0  bugihfa=0
[1 llvmpipe (LLVM 22.1.8, 128 bits)]  fp16-p/s/a=1/1/1  int8-p/s/a=1/1/1
[1 llvmpipe (LLVM 22.1.8, 128 bits)]  subgroup=4  basic=1  vote=1  ballot=1  shuffle=1

[2026-08-22 10:34:07.594] [info]  🎒 BACKEND REPORTED:  [0 Apple M1 Pro (G13S C0)]  queueC=0[1]  queueG=0[1]  queueT=0[1]
[0 Apple M1 Pro (G13S C0)]  bugsbn1=0  bugbilz=0  bugcopc=0  bugihfa=0
[0 Apple M1 Pro (G13S C0)]  fp16-p/s/a=1/1/1  int8-p/s/a=1/1/1
[0 Apple M1 Pro (G13S C0)]  subgroup=32  basic=1  vote=1  ballot=1  shuffle=1

[2026-08-22 10:34:07.597] [info]  🚧 UPSCAYL_PROGRESS:  [0 Apple M1 Pro (G13S C0)]  queueC=0[1]  queueG=0[1]  queueT=0[1]
[0 Apple M1 Pro (G13S C0)]  bugsbn1=0  bugbilz=0  bugcopc=0  bugihfa=0
[0 Apple M1 Pro (G13S C0)]  fp16-p/s/a=1/1/1  int8-p/s/a=1/1/1
[0 Apple M1 Pro (G13S C0)]  subgroup=32  basic=1  vote=1  ballot=1  shuffle=1

[2026-08-22 10:34:07.599] [info]  🎒 BACKEND REPORTED:  [1 llvmpipe (LLVM 22.1.8, 128 bits)]  queueC=0[1]  queueG=0[1]  queueT=0[1]
[1 llvmpipe (LLVM 22.1.8, 128 bits)]  bugsbn1=0  bugbilz=0  bugcopc=0  bugihfa=0
[1 llvmpipe (LLVM 22.1.8, 128 bits)]  fp16-p/s/a=1/1/1  int8-p/s/a=1/1/1
[1 llvmpipe (LLVM 22.1.8, 128 bits)]  subgroup=4  basic=1  vote=1  ballot=1  shuffle=1

[2026-08-22 10:34:07.599] [info]  🚧 UPSCAYL_PROGRESS:  [1 llvmpipe (LLVM 22.1.8, 128 bits)]  queueC=0[1]  queueG=0[1]  queueT=0[1]
[1 llvmpipe (LLVM 22.1.8, 128 bits)]  bugsbn1=0  bugbilz=0  bugcopc=0  bugihfa=0
[1 llvmpipe (LLVM 22.1.8, 128 bits)]  fp16-p/s/a=1/1/1  int8-p/s/a=1/1/1
[1 llvmpipe (LLVM 22.1.8, 128 bits)]  subgroup=4  basic=1  vote=1  ballot=1  shuffle=1

[2026-08-22 10:34:08.942] [info]  0.00%

[2026-08-22 10:34:08.945] [info]  🎒 BACKEND REPORTED:  0.00%

[2026-08-22 10:34:08.951] [info]  🚧 UPSCAYL_PROGRESS:  0.00%

[2026-08-22 10:34:09.676] [info]  0.25%

[2026-08-22 10:34:09.681] [info]  🎒 BACKEND REPORTED:  0.25%

[2026-08-22 10:34:09.682] [info]  🚧 UPSCAYL_PROGRESS:  0.25%

[2026-08-22 10:34:10.407] [info]  0.49%

[2026-08-22 10:34:10.418] [info]  🎒 BACKEND REPORTED:  0.49%

[2026-08-22 10:34:10.424] [info]  🚧 UPSCAYL_PROGRESS:  0.49%

[2026-08-22 10:34:11.140] [info]  0.74%

[2026-08-22 10:34:11.142] [info]  🎒 BACKEND REPORTED:  0.74%

[2026-08-22 10:34:11.152] [info]  🚧 UPSCAYL_PROGRESS:  0.74%

[2026-08-22 10:34:11.874] [info]  0.99%

[2026-08-22 10:34:11.875] [info]  🎒 BACKEND REPORTED:  0.99%

[2026-08-22 10:34:11.879] [info]  🚧 UPSCAYL_PROGRESS:  0.99%

[2026-08-22 10:34:12.609] [info]  1.23%

[2026-08-22 10:34:12.614] [info]  🎒 BACKEND REPORTED:  1.23%

[2026-08-22 10:34:12.641] [info]  🚧 UPSCAYL_PROGRESS:  1.23%

[2026-08-22 10:34:13.364] [info]  1.48%

[2026-08-22 10:34:13.370] [info]  🎒 BACKEND REPORTED:  1.48%

[2026-08-22 10:34:13.388] [info]  🚧 UPSCAYL_PROGRESS:  1.48%

[2026-08-22 10:34:13.991] [info]  🛑 Updating Stopped:  true
[2026-08-22 10:34:13.992] [info]  🛑 Stopping Upscaling Process 851458
[2026-08-22 10:34:13.994] [info]  🛑 Stopping Upscaling Process 1218733
[2026-08-22 10:34:13.994] [info]  🛑 Stopping Upscaling Process 1474604
[2026-08-22 10:34:13.994] [info]  🛑 Stopping Upscayl
[2026-08-22 10:34:13.995] [info]  🔄 Resetting image paths
[2026-08-22 10:34:14.005] [info]  🎒 BACKEND REPORTED:  🛑 Updating Stopped:  true
[2026-08-22 10:34:14.013] [info]  🎒 BACKEND REPORTED:  🛑 Stopping Upscaling Process 851458
[2026-08-22 10:34:14.013] [info]  🎒 BACKEND REPORTED:  🛑 Stopping Upscaling Process 1218733
[2026-08-22 10:34:14.014] [info]  🎒 BACKEND REPORTED:  🛑 Stopping Upscaling Process 1474604
